{"type": "Topology", "objects": {"data": {"geometries": [{"type": "Polygon", "arcs": [[-1923, -3125, 0, -3515, 1]], "id": 0}, {"type": "Polygon", "arcs": [[-3588, 2]], "id": 1}, {"type": "Polygon", "arcs": [[-5039, -2842, 3, -4783, 4]], "id": 2}, {"type": "Polygon", "arcs": [[-2281, 5, -4511, 6, -1179, -830]], "id": 3}, {"type": "Polygon", "arcs": [[-117, -4635, -4379, -5651, 7]], "id": 4}, {"type": "Polygon", "arcs": [[8]], "id": 5}, {"type": "Polygon", "arcs": [[9, -697, 10, -730]], "id": 6}, {"type": "Polygon", "arcs": [[-4680, -333, -3444, 11, -4684, 12]], "id": 7}, {"type": "Polygon", "arcs": [[13]], "id": 8}, {"type": "Polygon", "arcs": [[14]], "id": 9}, {"type": "Polygon", "arcs": [[-5529, 15, -21, -5076]], "id": 10}, {"type": "Polygon", "arcs": [[16, -1226, -2043, -4885]], "id": 11}, {"type": "Polygon", "arcs": [[-5871, 17, -1717, 18]], "id": 12}, {"type": "Polygon", "arcs": [[-1041, -1743, 19]], "id": 13}, {"type": "Polygon", "arcs": [[20, -4968, 21]], "id": 14}, {"type": "Polygon", "arcs": [[22]], "id": 15}, {"type": "Polygon", "arcs": [[-908, -6070, 23]], "id": 16}, {"type": "Polygon", "arcs": [[24]], "id": 17}, {"type": "Polygon", "arcs": [[-1956, 25, -1954, 26]], "id": 18}, {"type": "Polygon", "arcs": [[27, -5770, -1275, 28, -4535, -1295]], "id": 19}, {"type": "Polygon", "arcs": [[29, -1451, -1772]], "id": 20}, {"type": "Polygon", "arcs": [[30]], "id": 21}, {"type": "Polygon", "arcs": [[-2876, -5547, 31, -3542, 32]], "id": 22}, {"type": "Polygon", "arcs": [[33]], "id": 23}, {"type": "Polygon", "arcs": [[-203, -5585, -47, -165, 34]], "id": 24}, {"type": "Polygon", "arcs": [[-2705, 35]], "id": 25}, {"type": "Polygon", "arcs": [[36, -5594, 37, -4317]], "id": 26}, {"type": "Polygon", "arcs": [[38]], "id": 27}, {"type": "MultiPolygon", "arcs": [[[39]]], "id": 28}, {"type": "Polygon", "arcs": [[40]], "id": 29}, {"type": "Polygon", "arcs": [[-3162, 41]], "id": 30}, {"type": "Polygon", "arcs": [[42, -1988, 43, -5741, 44]], "id": 31}, {"type": "Polygon", "arcs": [[-873, 45]], "id": 32}, {"type": "Polygon", "arcs": [[46, -5588, -5496, -667, -5434, 47, -6000, 48, -166]], "id": 33}, {"type": "Polygon", "arcs": [[-5666, 49, -1950, -3643]], "id": 34}, {"type": "Polygon", "arcs": [[50]], "id": 35}, {"type": "Polygon", "arcs": [[-5820, 51]], "id": 36}, {"type": "Polygon", "arcs": [[52]], "id": 37}, {"type": "Polygon", "arcs": [[-3783, 53]], "id": 38}, {"type": "Polygon", "arcs": [[54]], "id": 39}, {"type": "Polygon", "arcs": [[55, -6321]], "id": 40}, {"type": "Polygon", "arcs": [[-4864, 56, -2229, 57]], "id": 41}, {"type": "Polygon", "arcs": [[-939, 58, -6193, 59]], "id": 42}, {"type": "Polygon", "arcs": [[-1754, 60, -4670, -734, 61]], "id": 43}, {"type": "Polygon", "arcs": [[-3168, 62]], "id": 44}, {"type": "Polygon", "arcs": [[-6087, 63]], "id": 45}, {"type": "Polygon", "arcs": [[64]], "id": 46}, {"type": "Polygon", "arcs": [[-2495, 65]], "id": 47}, {"type": "Polygon", "arcs": [[66]], "id": 48}, {"type": "Polygon", "arcs": [[67]], "id": 49}, {"type": "Polygon", "arcs": [[-5963, 68, -5331, 69, -3836, 70]], "id": 50}, {"type": "Polygon", "arcs": [[-179, -270, 71]], "id": 51}, {"type": "Polygon", "arcs": [[72]], "id": 52}, {"type": "Polygon", "arcs": [[73]], "id": 53}, {"type": "Polygon", "arcs": [[-4668, -2178, 74]], "id": 54}, {"type": "Polygon", "arcs": [[75]], "id": 55}, {"type": "Polygon", "arcs": [[-2324, 76, -4948, 77, 78]], "id": 56}, {"type": "Polygon", "arcs": [[-1530, 79, -1609, 80, -6444, 81]], "id": 57}, {"type": "Polygon", "arcs": [[82]], "id": 58}, {"type": "Polygon", "arcs": [[83]], "id": 59}, {"type": "Polygon", "arcs": [[-257, 84, -3673, -4051, -5070, 85]], "id": 60}, {"type": "Polygon", "arcs": [[86]], "id": 61}, {"type": "Polygon", "arcs": [[-3653, 87]], "id": 62}, {"type": "Polygon", "arcs": [[88]], "id": 63}, {"type": "Polygon", "arcs": [[89]], "id": 64}, {"type": "Polygon", "arcs": [[90, -822, -1283]], "id": 65}, {"type": "Polygon", "arcs": [[91]], "id": 66}, {"type": "MultiPolygon", "arcs": [[[92]], [[93]]], "id": 67}, {"type": "Polygon", "arcs": [[94]], "id": 68}, {"type": "Polygon", "arcs": [[-2468, 95]], "id": 69}, {"type": "Polygon", "arcs": [[-1171, 96, -1727, 97]], "id": 70}, {"type": "Polygon", "arcs": [[-590, 98]], "id": 71}, {"type": "Polygon", "arcs": [[-1561, 99]], "id": 72}, {"type": "Polygon", "arcs": [[-3709, 100, -3867, 101]], "id": 73}, {"type": "Polygon", "arcs": [[102]], "id": 74}, {"type": "Polygon", "arcs": [[-1231, 103, -1216, 104]], "id": 75}, {"type": "Polygon", "arcs": [[-5984, -5153, 105, -4254]], "id": 76}, {"type": "Polygon", "arcs": [[-4953, -1534, -1874, 106, -5650]], "id": 77}, {"type": "Polygon", "arcs": [[-5316, 107, -2681, 108]], "id": 78}, {"type": "Polygon", "arcs": [[-2927, 109]], "id": 79}, {"type": "Polygon", "arcs": [[110]], "id": 80}, {"type": "Polygon", "arcs": [[111]], "id": 81}, {"type": "Polygon", "arcs": [[-5186, 112]], "id": 82}, {"type": "Polygon", "arcs": [[-2939, 113, -2816, 114]], "id": 83}, {"type": "Polygon", "arcs": [[115, -3080, -3638, -690, -4636, 116]], "id": 84}, {"type": "Polygon", "arcs": [[-1159, 117]], "id": 85}, {"type": "Polygon", "arcs": [[118, -3300]], "id": 86}, {"type": "Polygon", "arcs": [[-1551, 119, -2642, 120, -3549, 121, -5698, 122]], "id": 87}, {"type": "Polygon", "arcs": [[123]], "id": 88}, {"type": "Polygon", "arcs": [[124, -5961, 125, -3834, -711, -741]], "id": 89}, {"type": "Polygon", "arcs": [[-1734, 126]], "id": 90}, {"type": "Polygon", "arcs": [[-3689, 127]], "id": 91}, {"type": "Polygon", "arcs": [[128]], "id": 92}, {"type": "Polygon", "arcs": [[129, -983, 130]], "id": 93}, {"type": "Polygon", "arcs": [[131, -1273]], "id": 94}, {"type": "Polygon", "arcs": [[132]], "id": 95}, {"type": "Polygon", "arcs": [[-6304, 133, -301, 134]], "id": 96}, {"type": "Polygon", "arcs": [[135]], "id": 97}, {"type": "Polygon", "arcs": [[-1088, 136]], "id": 98}, {"type": "Polygon", "arcs": [[137, -5659, 138, 139]], "id": 99}, {"type": "Polygon", "arcs": [[140], [141, -6352]], "id": 100}, {"type": "Polygon", "arcs": [[142]], "id": 101}, {"type": "Polygon", "arcs": [[143, -4244, 144, -820, 145, -5998]], "id": 102}, {"type": "Polygon", "arcs": [[146]], "id": 103}, {"type": "Polygon", "arcs": [[147]], "id": 104}, {"type": "Polygon", "arcs": [[-6319, -2387, 148]], "id": 105}, {"type": "Polygon", "arcs": [[-5408, 149]], "id": 106}, {"type": "Polygon", "arcs": [[150, -5079]], "id": 107}, {"type": "Polygon", "arcs": [[-5003, 151, -2004, 152]], "id": 108}, {"type": "Polygon", "arcs": [[153]], "id": 109}, {"type": "Polygon", "arcs": [[154]], "id": 110}, {"type": "Polygon", "arcs": [[-3816, 155, -5204, -5197, 156]], "id": 111}, {"type": "Polygon", "arcs": [[157]], "id": 112}, {"type": "Polygon", "arcs": [[158, -2590]], "id": 113}, {"type": "Polygon", "arcs": [[-216, -375, 159]], "id": 114}, {"type": "Polygon", "arcs": [[-2141, 160]], "id": 115}, {"type": "Polygon", "arcs": [[161, -408]], "id": 116}, {"type": "Polygon", "arcs": [[162]], "id": 117}, {"type": "Polygon", "arcs": [[163, -4315]], "id": 118}, {"type": "Polygon", "arcs": [[-2931, 164, 165, 166]], "id": 119}, {"type": "Polygon", "arcs": [[-2805, -2935, 167, -5085, 168, -5083, 169]], "id": 120}, {"type": "Polygon", "arcs": [[170, -3110, 171, -6349]], "id": 121}, {"type": "Polygon", "arcs": [[-4615, 172]], "id": 122}, {"type": "Polygon", "arcs": [[-452, 173, -1059, 174, -6363]], "id": 123}, {"type": "Polygon", "arcs": [[175, -4205]], "id": 124}, {"type": "MultiPolygon", "arcs": [[[176]], [[177]]], "id": 125}, {"type": "Polygon", "arcs": [[-271, 178, 179, -480, 180, -1166]], "id": 126}, {"type": "Polygon", "arcs": [[181]], "id": 127}, {"type": "Polygon", "arcs": [[182, -5623]], "id": 128}, {"type": "Polygon", "arcs": [[183]], "id": 129}, {"type": "Polygon", "arcs": [[184]], "id": 130}, {"type": "Polygon", "arcs": [[-464, 185, -191, 186]], "id": 131}, {"type": "Polygon", "arcs": [[187]], "id": 132}, {"type": "Polygon", "arcs": [[188, -476, -1036, -1465]], "id": 133}, {"type": "Polygon", "arcs": [[189, 190, 191, -5347]], "id": 134}, {"type": "Polygon", "arcs": [[192, 193, -3747, -461, -1046]], "id": 135}, {"type": "Polygon", "arcs": [[-2780, 194]], "id": 136}, {"type": "Polygon", "arcs": [[195, -5014]], "id": 137}, {"type": "Polygon", "arcs": [[196]], "id": 138}, {"type": "Polygon", "arcs": [[197]], "id": 139}, {"type": "Polygon", "arcs": [[198, -2768, 199, -6286]], "id": 140}, {"type": "Polygon", "arcs": [[200]], "id": 141}, {"type": "Polygon", "arcs": [[-3173, -392, 201]], "id": 142}, {"type": "Polygon", "arcs": [[202, 203]], "id": 143}, {"type": "Polygon", "arcs": [[-6037, 204, -4869, 205]], "id": 144}, {"type": "Polygon", "arcs": [[206]], "id": 145}, {"type": "Polygon", "arcs": [[207]], "id": 146}, {"type": "Polygon", "arcs": [[-2149, 208]], "id": 147}, {"type": "Polygon", "arcs": [[-2838, 209]], "id": 148}, {"type": "Polygon", "arcs": [[210, -2290, -3284, -1075]], "id": 149}, {"type": "Polygon", "arcs": [[-4344, 211, -3988, 212]], "id": 150}, {"type": "Polygon", "arcs": [[213, -3078, 214, -5199]], "id": 151}, {"type": "Polygon", "arcs": [[-2115, 215, 216]], "id": 152}, {"type": "Polygon", "arcs": [[-2613, 217]], "id": 153}, {"type": "Polygon", "arcs": [[-3246, 218]], "id": 154}, {"type": "Polygon", "arcs": [[-2294, 219]], "id": 155}, {"type": "Polygon", "arcs": [[220]], "id": 156}, {"type": "Polygon", "arcs": [[221]], "id": 157}, {"type": "Polygon", "arcs": [[-1650, 222]], "id": 158}, {"type": "Polygon", "arcs": [[223, -658, 224, -6355]], "id": 159}, {"type": "Polygon", "arcs": [[225, -4870]], "id": 160}, {"type": "Polygon", "arcs": [[-1302, 226]], "id": 161}, {"type": "Polygon", "arcs": [[227]], "id": 162}, {"type": "Polygon", "arcs": [[-3424, -6312, 228, -3175]], "id": 163}, {"type": "Polygon", "arcs": [[229]], "id": 164}, {"type": "Polygon", "arcs": [[-6278, 230, -1343, 231]], "id": 165}, {"type": "Polygon", "arcs": [[232]], "id": 166}, {"type": "Polygon", "arcs": [[233]], "id": 167}, {"type": "Polygon", "arcs": [[234]], "id": 168}, {"type": "Polygon", "arcs": [[235]], "id": 169}, {"type": "Polygon", "arcs": [[236, 237, 238, -6004]], "id": 170}, {"type": "Polygon", "arcs": [[239, -2482]], "id": 171}, {"type": "Polygon", "arcs": [[-3586, 240, -2121, 241]], "id": 172}, {"type": "Polygon", "arcs": [[242, -3364]], "id": 173}, {"type": "Polygon", "arcs": [[-2369, 243, -3370, 244]], "id": 174}, {"type": "Polygon", "arcs": [[245]], "id": 175}, {"type": "Polygon", "arcs": [[246, -3561]], "id": 176}, {"type": "Polygon", "arcs": [[-5148, 247]], "id": 177}, {"type": "Polygon", "arcs": [[-4720, -632, -1329, 248, -5252, 249]], "id": 178}, {"type": "Polygon", "arcs": [[-2113, 250, 251]], "id": 179}, {"type": "Polygon", "arcs": [[252]], "id": 180}, {"type": "Polygon", "arcs": [[-1825, 253]], "id": 181}, {"type": "Polygon", "arcs": [[254, -1006, 255, -1008]], "id": 182}, {"type": "Polygon", "arcs": [[256, 257]], "id": 183}, {"type": "Polygon", "arcs": [[258, -4649, 259, -4311]], "id": 184}, {"type": "Polygon", "arcs": [[260]], "id": 185}, {"type": "Polygon", "arcs": [[261], [517]], "id": 186}, {"type": "Polygon", "arcs": [[262, -5314, -918, -614]], "id": 187}, {"type": "Polygon", "arcs": [[-4936, 263, -1724, -474]], "id": 188}, {"type": "Polygon", "arcs": [[264, -2851, 265, -3281]], "id": 189}, {"type": "Polygon", "arcs": [[266]], "id": 190}, {"type": "Polygon", "arcs": [[-5501, 267, -4306, 268]], "id": 191}, {"type": "Polygon", "arcs": [[269, 270, -1165, 271]], "id": 192}, {"type": "Polygon", "arcs": [[272]], "id": 193}, {"type": "Polygon", "arcs": [[273, -3922, 274]], "id": 194}, {"type": "Polygon", "arcs": [[275]], "id": 195}, {"type": "Polygon", "arcs": [[-3946, 276]], "id": 196}, {"type": "Polygon", "arcs": [[-1897, 277, -2474, 278]], "id": 197}, {"type": "Polygon", "arcs": [[279, 280, -2607]], "id": 198}, {"type": "Polygon", "arcs": [[-1996, 281, -3693, 282]], "id": 199}, {"type": "Polygon", "arcs": [[-5951, -4828, 283]], "id": 200}, {"type": "Polygon", "arcs": [[-5750, 284, -1646, 285, -4613, 286]], "id": 201}, {"type": "Polygon", "arcs": [[-2268, 287, -1394, 288]], "id": 202}, {"type": "Polygon", "arcs": [[289, -1147]], "id": 203}, {"type": "Polygon", "arcs": [[290]], "id": 204}, {"type": "Polygon", "arcs": [[291]], "id": 205}, {"type": "Polygon", "arcs": [[-1729, 292, -1840, 293]], "id": 206}, {"type": "Polygon", "arcs": [[-2491, 294, -5279, 295]], "id": 207}, {"type": "Polygon", "arcs": [[-1286, 296, -5033, 297, -1713, 298]], "id": 208}, {"type": "Polygon", "arcs": [[299, 300, 301, -311]], "id": 209}, {"type": "Polygon", "arcs": [[-3016, 302]], "id": 210}, {"type": "Polygon", "arcs": [[303]], "id": 211}, {"type": "Polygon", "arcs": [[-3976, 304, -2709, 305]], "id": 212}, {"type": "Polygon", "arcs": [[306]], "id": 213}, {"type": "Polygon", "arcs": [[307, 308, -3381]], "id": 214}, {"type": "Polygon", "arcs": [[309, 310]], "id": 215}, {"type": "Polygon", "arcs": [[311]], "id": 216}, {"type": "Polygon", "arcs": [[312]], "id": 217}, {"type": "Polygon", "arcs": [[313]], "id": 218}, {"type": "Polygon", "arcs": [[-5781, -2137, -988, 314]], "id": 219}, {"type": "Polygon", "arcs": [[-5605, 315, -2966, 316]], "id": 220}, {"type": "Polygon", "arcs": [[-4940, 317]], "id": 221}, {"type": "Polygon", "arcs": [[318, -2562, 319, -1998]], "id": 222}, {"type": "Polygon", "arcs": [[-3395, 320]], "id": 223}, {"type": "Polygon", "arcs": [[-3217, 321, -1473, 322]], "id": 224}, {"type": "Polygon", "arcs": [[-4538, 323]], "id": 225}, {"type": "Polygon", "arcs": [[324]], "id": 226}, {"type": "Polygon", "arcs": [[325, -3051, 326]], "id": 227}, {"type": "Polygon", "arcs": [[-1242, 327, -2418, 328]], "id": 228}, {"type": "Polygon", "arcs": [[-1543, 329, -5613, -1082, 330]], "id": 229}, {"type": "Polygon", "arcs": [[-617, -4687, 331, 332]], "id": 230}, {"type": "Polygon", "arcs": [[333]], "id": 231}, {"type": "Polygon", "arcs": [[334]], "id": 232}, {"type": "Polygon", "arcs": [[335]], "id": 233}, {"type": "Polygon", "arcs": [[336, -3695]], "id": 234}, {"type": "Polygon", "arcs": [[337]], "id": 235}, {"type": "Polygon", "arcs": [[338]], "id": 236}, {"type": "Polygon", "arcs": [[339]], "id": 237}, {"type": "Polygon", "arcs": [[340, -4293, 341, -4079]], "id": 238}, {"type": "Polygon", "arcs": [[-3401, 342, -4501, -4137, 343]], "id": 239}, {"type": "Polygon", "arcs": [[344]], "id": 240}, {"type": "Polygon", "arcs": [[-999, 5765, 345]], "id": 241}, {"type": "Polygon", "arcs": [[-4067, 346, -4065, 347, -768, -4356, 348]], "id": 242}, {"type": "Polygon", "arcs": [[-915, 349, -416, -5922, -4075, -1622]], "id": 243}, {"type": "Polygon", "arcs": [[350]], "id": 244}, {"type": "Polygon", "arcs": [[351]], "id": 245}, {"type": "Polygon", "arcs": [[352]], "id": 246}, {"type": "Polygon", "arcs": [[-3371, -4886, 353]], "id": 247}, {"type": "Polygon", "arcs": [[354]], "id": 248}, {"type": "Polygon", "arcs": [[355]], "id": 249}, {"type": "Polygon", "arcs": [[356]], "id": 250}, {"type": "Polygon", "arcs": [[-4010, 357, -1893, 358]], "id": 251}, {"type": "Polygon", "arcs": [[359, -4176, 360, -4904]], "id": 252}, {"type": "Polygon", "arcs": [[361]], "id": 253}, {"type": "Polygon", "arcs": [[-1519, -2044, -1228, -4852]], "id": 254}, {"type": "Polygon", "arcs": [[362]], "id": 255}, {"type": "Polygon", "arcs": [[363]], "id": 256}, {"type": "Polygon", "arcs": [[-3655, 364, -1436, 365, -6450, 366]], "id": 257}, {"type": "Polygon", "arcs": [[367, -6337, -1118, -4933, 368]], "id": 258}, {"type": "Polygon", "arcs": [[369]], "id": 259}, {"type": "Polygon", "arcs": [[-2486, 370, -4854, 371, -796]], "id": 260}, {"type": "Polygon", "arcs": [[-2451, 372]], "id": 261}, {"type": "Polygon", "arcs": [[373]], "id": 262}, {"type": "Polygon", "arcs": [[374, 375]], "id": 263}, {"type": "Polygon", "arcs": [[-4935, 376]], "id": 264}, {"type": "Polygon", "arcs": [[-2875, 377]], "id": 265}, {"type": "Polygon", "arcs": [[378]], "id": 266}, {"type": "Polygon", "arcs": [[379], [380]], "id": 267}, {"type": "Polygon", "arcs": [[381]], "id": 268}, {"type": "Polygon", "arcs": [[-2226, -4808, 382]], "id": 269}, {"type": "Polygon", "arcs": [[-4717, 383, -1899, 384, -3730, 385]], "id": 270}, {"type": "Polygon", "arcs": [[-4453, 386]], "id": 271}, {"type": "Polygon", "arcs": [[-2564, 387]], "id": 272}, {"type": "Polygon", "arcs": [[388]], "id": 273}, {"type": "Polygon", "arcs": [[389]], "id": 274}, {"type": "Polygon", "arcs": [[-3190, 390]], "id": 275}, {"type": "Polygon", "arcs": [[391, -3172, -2515, 392, -6233]], "id": 276}, {"type": "Polygon", "arcs": [[-2262, 393]], "id": 277}, {"type": "Polygon", "arcs": [[394]], "id": 278}, {"type": "Polygon", "arcs": [[-4220, -2366, 395]], "id": 279}, {"type": "Polygon", "arcs": [[-3114, -6095, -644, 396]], "id": 280}, {"type": "Polygon", "arcs": [[397, -1053, -1739, -1045]], "id": 281}, {"type": "Polygon", "arcs": [[-538, 398, -442, 399]], "id": 282}, {"type": "Polygon", "arcs": [[400]], "id": 283}, {"type": "Polygon", "arcs": [[-1921, 401]], "id": 284}, {"type": "Polygon", "arcs": [[402]], "id": 285}, {"type": "Polygon", "arcs": [[-2173, 403]], "id": 286}, {"type": "Polygon", "arcs": [[-489, -4465, -4897, -729, 404]], "id": 287}, {"type": "Polygon", "arcs": [[-1700, 405, -4037, 406]], "id": 288}, {"type": "Polygon", "arcs": [[407, 408, -1482, 409, -1012, 410, -1010, 411]], "id": 289}, {"type": "Polygon", "arcs": [[-2008, -2959, 412]], "id": 290}, {"type": "Polygon", "arcs": [[413, -2277, 414, 415]], "id": 291}, {"type": "Polygon", "arcs": [[-423, 416, -5460, 417]], "id": 292}, {"type": "Polygon", "arcs": [[-5729, 418, -1022, 419]], "id": 293}, {"type": "Polygon", "arcs": [[420, -1368, 421, 422]], "id": 294}, {"type": "Polygon", "arcs": [[-1307, 423]], "id": 295}, {"type": "Polygon", "arcs": [[424]], "id": 296}, {"type": "Polygon", "arcs": [[-3480, 425]], "id": 297}, {"type": "Polygon", "arcs": [[-2252, 426]], "id": 298}, {"type": "Polygon", "arcs": [[427, -903]], "id": 299}, {"type": "Polygon", "arcs": [[-2813, 428]], "id": 300}, {"type": "Polygon", "arcs": [[429]], "id": 301}, {"type": "Polygon", "arcs": [[430]], "id": 302}, {"type": "Polygon", "arcs": [[-1017, 431]], "id": 303}, {"type": "Polygon", "arcs": [[-2795, 432]], "id": 304}, {"type": "Polygon", "arcs": [[-1860, 433]], "id": 305}, {"type": "Polygon", "arcs": [[434]], "id": 306}, {"type": "Polygon", "arcs": [[435]], "id": 307}, {"type": "Polygon", "arcs": [[-2829, 436, -1439, 437, -933, 438]], "id": 308}, {"type": "Polygon", "arcs": [[-2764, 439]], "id": 309}, {"type": "Polygon", "arcs": [[440, 441, 442, -2051]], "id": 310}, {"type": "Polygon", "arcs": [[443]], "id": 311}, {"type": "Polygon", "arcs": [[444]], "id": 312}, {"type": "Polygon", "arcs": [[445]], "id": 313}, {"type": "Polygon", "arcs": [[446]], "id": 314}, {"type": "Polygon", "arcs": [[-4550, 447]], "id": 315}, {"type": "Polygon", "arcs": [[448]], "id": 316}, {"type": "Polygon", "arcs": [[-6389, 449, -1218, 450]], "id": 317}, {"type": "Polygon", "arcs": [[451, 452]], "id": 318}, {"type": "Polygon", "arcs": [[453]], "id": 319}, {"type": "Polygon", "arcs": [[-2603, 454]], "id": 320}, {"type": "Polygon", "arcs": [[455, -653, 456]], "id": 321}, {"type": "Polygon", "arcs": [[457]], "id": 322}, {"type": "Polygon", "arcs": [[458]], "id": 323}, {"type": "Polygon", "arcs": [[459]], "id": 324}, {"type": "Polygon", "arcs": [[460, 461]], "id": 325}, {"type": "Polygon", "arcs": [[462, 463, 464, -6012]], "id": 326}, {"type": "Polygon", "arcs": [[465]], "id": 327}, {"type": "MultiPolygon", "arcs": [[[466]], [[-6341, 467]], [[468]]], "id": 328}, {"type": "Polygon", "arcs": [[469]], "id": 329}, {"type": "Polygon", "arcs": [[470]], "id": 330}, {"type": "Polygon", "arcs": [[471]], "id": 331}, {"type": "Polygon", "arcs": [[-4227, 472, 473, -4279]], "id": 332}, {"type": "Polygon", "arcs": [[474, -3741, -2664, 475]], "id": 333}, {"type": "Polygon", "arcs": [[-2849, 476]], "id": 334}, {"type": "Polygon", "arcs": [[477]], "id": 335}, {"type": "Polygon", "arcs": [[-1092, 478, 479, 480]], "id": 336}, {"type": "Polygon", "arcs": [[481, -5212, -2655, -5255]], "id": 337}, {"type": "Polygon", "arcs": [[-4950, -5649, 482]], "id": 338}, {"type": "Polygon", "arcs": [[-4380, 483]], "id": 339}, {"type": "Polygon", "arcs": [[484]], "id": 340}, {"type": "Polygon", "arcs": [[-3860, 485, -3369, -1479, 486]], "id": 341}, {"type": "Polygon", "arcs": [[487, 488, -863, -930, -4707]], "id": 342}, {"type": "Polygon", "arcs": [[-5648, 489]], "id": 343}, {"type": "Polygon", "arcs": [[490, -2766, 491, -605, 492, -3801]], "id": 344}, {"type": "Polygon", "arcs": [[493]], "id": 345}, {"type": "Polygon", "arcs": [[494]], "id": 346}, {"type": "Polygon", "arcs": [[495]], "id": 347}, {"type": "Polygon", "arcs": [[496]], "id": 348}, {"type": "Polygon", "arcs": [[497, -990, 498, -1449]], "id": 349}, {"type": "Polygon", "arcs": [[499]], "id": 350}, {"type": "Polygon", "arcs": [[-5290, 500]], "id": 351}, {"type": "Polygon", "arcs": [[501, -563, 502, -1245]], "id": 352}, {"type": "Polygon", "arcs": [[503]], "id": 353}, {"type": "Polygon", "arcs": [[-1617, 504, -1338, 505, -1958, 506]], "id": 354}, {"type": "Polygon", "arcs": [[-900, 507]], "id": 355}, {"type": "Polygon", "arcs": [[-4479, -4813, 508, -1278, 509]], "id": 356}, {"type": "Polygon", "arcs": [[-887, 510]], "id": 357}, {"type": "Polygon", "arcs": [[511]], "id": 358}, {"type": "Polygon", "arcs": [[512]], "id": 359}, {"type": "Polygon", "arcs": [[513]], "id": 360}, {"type": "Polygon", "arcs": [[514, -3690, 515, -2917]], "id": 361}, {"type": "MultiPolygon", "arcs": [[[516]], [[517]], [[518]], [[519]]], "id": 362}, {"type": "Polygon", "arcs": [[520]], "id": 363}, {"type": "MultiPolygon", "arcs": [[[521]], [[522]], [[523]], [[524]], [[525]], [[526]], [[527]], [[528]], [[529]], [[530]]], "id": 364}, {"type": "Polygon", "arcs": [[531]], "id": 365}, {"type": "Polygon", "arcs": [[-917, 532, 533]], "id": 366}, {"type": "Polygon", "arcs": [[534]], "id": 367}, {"type": "Polygon", "arcs": [[535]], "id": 368}, {"type": "Polygon", "arcs": [[536, 537]], "id": 369}, {"type": "Polygon", "arcs": [[-883, 538, -4212, 539]], "id": 370}, {"type": "Polygon", "arcs": [[540]], "id": 371}, {"type": "Polygon", "arcs": [[-5550, 541]], "id": 372}, {"type": "Polygon", "arcs": [[-1405, -1584, -1484, 542]], "id": 373}, {"type": "Polygon", "arcs": [[543, -2721, -2778]], "id": 374}, {"type": "Polygon", "arcs": [[-3023, -5393, 544]], "id": 375}, {"type": "Polygon", "arcs": [[545]], "id": 376}, {"type": "Polygon", "arcs": [[-2925, -3333, 546, 547, -1986]], "id": 377}, {"type": "Polygon", "arcs": [[548]], "id": 378}, {"type": "Polygon", "arcs": [[549]], "id": 379}, {"type": "Polygon", "arcs": [[-4576, 550]], "id": 380}, {"type": "Polygon", "arcs": [[551]], "id": 381}, {"type": "Polygon", "arcs": [[-5045, 552, -4714]], "id": 382}, {"type": "Polygon", "arcs": [[553, -3745, 554, -587, 555]], "id": 383}, {"type": "Polygon", "arcs": [[-3343, 556, -6379, 557]], "id": 384}, {"type": "Polygon", "arcs": [[-1952, 558, -643, -673, -1372]], "id": 385}, {"type": "Polygon", "arcs": [[-956, 559]], "id": 386}, {"type": "Polygon", "arcs": [[-4860, 560, -4188, 561]], "id": 387}, {"type": "Polygon", "arcs": [[-2912, 562, 563]], "id": 388}, {"type": "Polygon", "arcs": [[564]], "id": 389}, {"type": "Polygon", "arcs": [[565, -4149, -5508]], "id": 390}, {"type": "Polygon", "arcs": [[566]], "id": 391}, {"type": "Polygon", "arcs": [[567]], "id": 392}, {"type": "MultiPolygon", "arcs": [[[568]], [[569]], [[570]]], "id": 393}, {"type": "Polygon", "arcs": [[571, -3692]], "id": 394}, {"type": "Polygon", "arcs": [[572]], "id": 395}, {"type": "MultiPolygon", "arcs": [[[573]], [[574]], [[575]]], "id": 396}, {"type": "Polygon", "arcs": [[-4812, 576, -4387, 577, -1318, -1421, 578]], "id": 397}, {"type": "Polygon", "arcs": [[579]], "id": 398}, {"type": "Polygon", "arcs": [[580]], "id": 399}, {"type": "Polygon", "arcs": [[-1029, -5055, 581, -1048]], "id": 400}, {"type": "Polygon", "arcs": [[582]], "id": 401}, {"type": "Polygon", "arcs": [[-5238, 583]], "id": 402}, {"type": "Polygon", "arcs": [[-4230, -858, 584]], "id": 403}, {"type": "Polygon", "arcs": [[-1322, 585]], "id": 404}, {"type": "Polygon", "arcs": [[586, 587]], "id": 405}, {"type": "Polygon", "arcs": [[-3544, 588]], "id": 406}, {"type": "Polygon", "arcs": [[589, 590]], "id": 407}, {"type": "Polygon", "arcs": [[591]], "id": 408}, {"type": "Polygon", "arcs": [[592]], "id": 409}, {"type": "Polygon", "arcs": [[593]], "id": 410}, {"type": "Polygon", "arcs": [[594]], "id": 411}, {"type": "Polygon", "arcs": [[-2006, 595, -6030, 596]], "id": 412}, {"type": "Polygon", "arcs": [[-4117, 597]], "id": 413}, {"type": "Polygon", "arcs": [[-1563, 598]], "id": 414}, {"type": "Polygon", "arcs": [[-4798, 599]], "id": 415}, {"type": "Polygon", "arcs": [[600]], "id": 416}, {"type": "Polygon", "arcs": [[601]], "id": 417}, {"type": "Polygon", "arcs": [[-760, 602, -4778, 603]], "id": 418}, {"type": "Polygon", "arcs": [[604, 605, -2783, -4646, -6335]], "id": 419}, {"type": "Polygon", "arcs": [[-3959, -4985, 606, -951, -1975, 607]], "id": 420}, {"type": "Polygon", "arcs": [[608]], "id": 421}, {"type": "Polygon", "arcs": [[609], [610]], "id": 422}, {"type": "Polygon", "arcs": [[-2402, 611]], "id": 423}, {"type": "Polygon", "arcs": [[612]], "id": 424}, {"type": "Polygon", "arcs": [[613, -920, 614, -2544, 615]], "id": 425}, {"type": "Polygon", "arcs": [[616, -4679, 617, -4688]], "id": 426}, {"type": "Polygon", "arcs": [[618]], "id": 427}, {"type": "Polygon", "arcs": [[-4988, 619]], "id": 428}, {"type": "Polygon", "arcs": [[620]], "id": 429}, {"type": "Polygon", "arcs": [[621]], "id": 430}, {"type": "Polygon", "arcs": [[622, -1881, 623, -2500]], "id": 431}, {"type": "Polygon", "arcs": [[-4469, 624]], "id": 432}, {"type": "Polygon", "arcs": [[-5151, 625]], "id": 433}, {"type": "Polygon", "arcs": [[626]], "id": 434}, {"type": "Polygon", "arcs": [[627]], "id": 435}, {"type": "Polygon", "arcs": [[628]], "id": 436}, {"type": "Polygon", "arcs": [[-1396, 629]], "id": 437}, {"type": "Polygon", "arcs": [[630]], "id": 438}, {"type": "Polygon", "arcs": [[-3556, -1330, 631, -4719, 632]], "id": 439}, {"type": "Polygon", "arcs": [[-1848, 633]], "id": 440}, {"type": "Polygon", "arcs": [[634, -1130, 635, -2818]], "id": 441}, {"type": "Polygon", "arcs": [[636, -5537, 637, -4931, 638, -1653]], "id": 442}, {"type": "Polygon", "arcs": [[-1581, 639]], "id": 443}, {"type": "Polygon", "arcs": [[-2151, 640]], "id": 444}, {"type": "Polygon", "arcs": [[641, -674, 642]], "id": 445}, {"type": "Polygon", "arcs": [[643, -6094, 644]], "id": 446}, {"type": "Polygon", "arcs": [[-3398, 645, -2032, 646, -1715, 647, -5041, 648]], "id": 447}, {"type": "Polygon", "arcs": [[649, -4605, 650, -3535]], "id": 448}, {"type": "Polygon", "arcs": [[-2233, 651]], "id": 449}, {"type": "Polygon", "arcs": [[652, 653, -1821, -1433, 654]], "id": 450}, {"type": "Polygon", "arcs": [[-2360, 655]], "id": 451}, {"type": "Polygon", "arcs": [[-5010, 656, 657, 658]], "id": 452}, {"type": "MultiPolygon", "arcs": [[[659]], [[2695, 660]]], "id": 453}, {"type": "Polygon", "arcs": [[-1038, 661]], "id": 454}, {"type": "Polygon", "arcs": [[-1122, 662, -4682, 663]], "id": 455}, {"type": "Polygon", "arcs": [[664, -885, 665, 666, 667, -2334]], "id": 456}, {"type": "Polygon", "arcs": [[-2535, 668]], "id": 457}, {"type": "Polygon", "arcs": [[669]], "id": 458}, {"type": "Polygon", "arcs": [[-4221, -1418, 670]], "id": 459}, {"type": "Polygon", "arcs": [[671, 672, 673, -2703]], "id": 460}, {"type": "Polygon", "arcs": [[674]], "id": 461}, {"type": "Polygon", "arcs": [[-3486, -2661, 675]], "id": 462}, {"type": "Polygon", "arcs": [[676]], "id": 463}, {"type": "Polygon", "arcs": [[-4724, 677, -2914, 678]], "id": 464}, {"type": "Polygon", "arcs": [[679]], "id": 465}, {"type": "Polygon", "arcs": [[680, -3941, 681]], "id": 466}, {"type": "Polygon", "arcs": [[682]], "id": 467}, {"type": "Polygon", "arcs": [[-4028, 683]], "id": 468}, {"type": "Polygon", "arcs": [[-5130, 684]], "id": 469}, {"type": "Polygon", "arcs": [[685, -4478, -5227]], "id": 470}, {"type": "Polygon", "arcs": [[686]], "id": 471}, {"type": "Polygon", "arcs": [[-4364, 687, -6256, 688]], "id": 472}, {"type": "Polygon", "arcs": [[-5929, -5934, -4637, 689, -879, 690]], "id": 473}, {"type": "Polygon", "arcs": [[691, -1365]], "id": 474}, {"type": "Polygon", "arcs": [[-1619, 692]], "id": 475}, {"type": "Polygon", "arcs": [[693]], "id": 476}, {"type": "Polygon", "arcs": [[694]], "id": 477}, {"type": "Polygon", "arcs": [[-1699, 695, 696, 697]], "id": 478}, {"type": "Polygon", "arcs": [[-5858, 698]], "id": 479}, {"type": "Polygon", "arcs": [[-3537, 699]], "id": 480}, {"type": "Polygon", "arcs": [[-1376, 700]], "id": 481}, {"type": "Polygon", "arcs": [[-2869, 701]], "id": 482}, {"type": "Polygon", "arcs": [[702]], "id": 483}, {"type": "Polygon", "arcs": [[703]], "id": 484}, {"type": "Polygon", "arcs": [[704, -1964, 705, -3289]], "id": 485}, {"type": "Polygon", "arcs": [[706]], "id": 486}, {"type": "Polygon", "arcs": [[707, -2573, -1354, -1444, 708, -2575]], "id": 487}, {"type": "Polygon", "arcs": [[709]], "id": 488}, {"type": "Polygon", "arcs": [[710, 711, -1190, -724, 712]], "id": 489}, {"type": "Polygon", "arcs": [[713]], "id": 490}, {"type": "Polygon", "arcs": [[714]], "id": 491}, {"type": "Polygon", "arcs": [[715, -811, 716, -2509]], "id": 492}, {"type": "Polygon", "arcs": [[-5457, 717, 718]], "id": 493}, {"type": "Polygon", "arcs": [[-5371, 719, -2728, 720]], "id": 494}, {"type": "Polygon", "arcs": [[721, -1227, -2249, 722, -3577]], "id": 495}, {"type": "Polygon", "arcs": [[723, -1189, 724, -1192, 725, -5378]], "id": 496}, {"type": "Polygon", "arcs": [[726, -876]], "id": 497}, {"type": "Polygon", "arcs": [[727]], "id": 498}, {"type": "Polygon", "arcs": [[728, -4896, 729, 730]], "id": 499}, {"type": "Polygon", "arcs": [[731]], "id": 500}, {"type": "Polygon", "arcs": [[732, 733, -4669]], "id": 501}, {"type": "Polygon", "arcs": [[-4593, 734]], "id": 502}, {"type": "Polygon", "arcs": [[735, -5453, -3739, 736, -1793, -1626]], "id": 503}, {"type": "Polygon", "arcs": [[-6222, 737]], "id": 504}, {"type": "Polygon", "arcs": [[738, -5376, 739, 740]], "id": 505}, {"type": "Polygon", "arcs": [[741, -5601, -3143, -927]], "id": 506}, {"type": "Polygon", "arcs": [[-3564, 742]], "id": 507}, {"type": "MultiPolygon", "arcs": [[[743]], [[744]], [[745]]], "id": 508}, {"type": "Polygon", "arcs": [[-1927, 746]], "id": 509}, {"type": "MultiPolygon", "arcs": [[[-4096, 747]], [[-946, 748]], [[749]], [[750]]], "id": 510}, {"type": "Polygon", "arcs": [[751]], "id": 511}, {"type": "Polygon", "arcs": [[-954, -2558, 752]], "id": 512}, {"type": "Polygon", "arcs": [[-1629, 753, -4025, 754]], "id": 513}, {"type": "Polygon", "arcs": [[-969, 755]], "id": 514}, {"type": "Polygon", "arcs": [[-1835, 756, -3183, -1790, -2136]], "id": 515}, {"type": "Polygon", "arcs": [[-2560, 757]], "id": 516}, {"type": "Polygon", "arcs": [[-1184, 758, 759, 760]], "id": 517}, {"type": "Polygon", "arcs": [[761]], "id": 518}, {"type": "Polygon", "arcs": [[762]], "id": 519}, {"type": "Polygon", "arcs": [[-2398, 763, -2061, 764, -3259, -2527, 765, -2525, -3794, 766, -4357, 767, 768, -4063, 769, -2077, 770, -2394, 771, -2392, 772, -2390, 773]], "id": 520}, {"type": "Polygon", "arcs": [[-4878, 774, -2952, 775, -2131, 776]], "id": 521}, {"type": "Polygon", "arcs": [[777, -4827, 778, -2686]], "id": 522}, {"type": "Polygon", "arcs": [[-3944, 779, -2480, 780]], "id": 523}, {"type": "Polygon", "arcs": [[781, -5480]], "id": 524}, {"type": "Polygon", "arcs": [[782]], "id": 525}, {"type": "Polygon", "arcs": [[783]], "id": 526}, {"type": "Polygon", "arcs": [[-4766, 784, -3929, 785]], "id": 527}, {"type": "Polygon", "arcs": [[-4889, 786]], "id": 528}, {"type": "Polygon", "arcs": [[787]], "id": 529}, {"type": "Polygon", "arcs": [[788]], "id": 530}, {"type": "Polygon", "arcs": [[789]], "id": 531}, {"type": "Polygon", "arcs": [[-5056, 790, -2322, 791, -1021, 792]], "id": 532}, {"type": "Polygon", "arcs": [[793]], "id": 533}, {"type": "Polygon", "arcs": [[794, -2487, 795, 796, -4858]], "id": 534}, {"type": "Polygon", "arcs": [[797, -2157, 798, -1532, 799, -6442]], "id": 535}, {"type": "Polygon", "arcs": [[800]], "id": 536}, {"type": "Polygon", "arcs": [[801, -3130, 802, -4322]], "id": 537}, {"type": "Polygon", "arcs": [[803, -4810]], "id": 538}, {"type": "Polygon", "arcs": [[804]], "id": 539}, {"type": "Polygon", "arcs": [[805]], "id": 540}, {"type": "Polygon", "arcs": [[806]], "id": 541}, {"type": "Polygon", "arcs": [[807, -3275, 808, -6377]], "id": 542}, {"type": "Polygon", "arcs": [[-4564, 809]], "id": 543}, {"type": "Polygon", "arcs": [[810, 811]], "id": 544}, {"type": "Polygon", "arcs": [[-5474, 812, -1106]], "id": 545}, {"type": "Polygon", "arcs": [[813]], "id": 546}, {"type": "Polygon", "arcs": [[814, -5277, 815, -4856]], "id": 547}, {"type": "Polygon", "arcs": [[816]], "id": 548}, {"type": "Polygon", "arcs": [[-4242, 817, -896, 818, 819, 820]], "id": 549}, {"type": "Polygon", "arcs": [[-3449, -1285, 821, 822]], "id": 550}, {"type": "Polygon", "arcs": [[-2257, 823]], "id": 551}, {"type": "Polygon", "arcs": [[-2271, 824]], "id": 552}, {"type": "Polygon", "arcs": [[-1518, 825, -1710, -2042]], "id": 553}, {"type": "Polygon", "arcs": [[826, -3879]], "id": 554}, {"type": "Polygon", "arcs": [[827]], "id": 555}, {"type": "Polygon", "arcs": [[828]], "id": 556}, {"type": "Polygon", "arcs": [[829, -1178, 830]], "id": 557}, {"type": "Polygon", "arcs": [[-2497, 831]], "id": 558}, {"type": "Polygon", "arcs": [[-3408, 832]], "id": 559}, {"type": "Polygon", "arcs": [[833, -3800, 834, -5646]], "id": 560}, {"type": "Polygon", "arcs": [[-3626, 835, -2341, 836]], "id": 561}, {"type": "Polygon", "arcs": [[837]], "id": 562}, {"type": "Polygon", "arcs": [[-2038, 838]], "id": 563}, {"type": "Polygon", "arcs": [[839]], "id": 564}, {"type": "Polygon", "arcs": [[840]], "id": 565}, {"type": "Polygon", "arcs": [[841]], "id": 566}, {"type": "Polygon", "arcs": [[-1643, 842, -5269, 843]], "id": 567}, {"type": "Polygon", "arcs": [[-5224, 844, -1694, 845]], "id": 568}, {"type": "Polygon", "arcs": [[-2143, -6021, -1570, 846, -4314]], "id": 569}, {"type": "Polygon", "arcs": [[847]], "id": 570}, {"type": "Polygon", "arcs": [[-3842, -5035, 848, 849]], "id": 571}, {"type": "Polygon", "arcs": [[-6297, -4944, 850]], "id": 572}, {"type": "Polygon", "arcs": [[-5572, 851, -5570, 852, -1784, 853, -1632, 854]], "id": 573}, {"type": "Polygon", "arcs": [[-4572, 855, -3620, 856, 857]], "id": 574}, {"type": "Polygon", "arcs": [[858]], "id": 575}, {"type": "Polygon", "arcs": [[859]], "id": 576}, {"type": "Polygon", "arcs": [[-3553, 860]], "id": 577}, {"type": "Polygon", "arcs": [[861]], "id": 578}, {"type": "Polygon", "arcs": [[-931, 862, 863, -2770, 864]], "id": 579}, {"type": "Polygon", "arcs": [[-5714, 865, -2052, 866]], "id": 580}, {"type": "Polygon", "arcs": [[867]], "id": 581}, {"type": "Polygon", "arcs": [[-5710, 868]], "id": 582}, {"type": "Polygon", "arcs": [[-3427, 869]], "id": 583}, {"type": "Polygon", "arcs": [[870]], "id": 584}, {"type": "Polygon", "arcs": [[871]], "id": 585}, {"type": "Polygon", "arcs": [[872, 873]], "id": 586}, {"type": "Polygon", "arcs": [[874, 875, 876, -6439, 877, -981]], "id": 587}, {"type": "Polygon", "arcs": [[878, -3640, 879]], "id": 588}, {"type": "Polygon", "arcs": [[880, -2110, 881, 882]], "id": 589}, {"type": "Polygon", "arcs": [[-5528, 883]], "id": 590}, {"type": "Polygon", "arcs": [[884, 885]], "id": 591}, {"type": "Polygon", "arcs": [[886, 887]], "id": 592}, {"type": "Polygon", "arcs": [[888]], "id": 593}, {"type": "Polygon", "arcs": [[889]], "id": 594}, {"type": "Polygon", "arcs": [[890, -4435]], "id": 595}, {"type": "Polygon", "arcs": [[-935, -2329, 891, -3049, 892]], "id": 596}, {"type": "Polygon", "arcs": [[-1856, 893]], "id": 597}, {"type": "Polygon", "arcs": [[-3998, 894]], "id": 598}, {"type": "Polygon", "arcs": [[895, 896]], "id": 599}, {"type": "Polygon", "arcs": [[-1513, 897]], "id": 600}, {"type": "Polygon", "arcs": [[898, 899, 900, -1149]], "id": 601}, {"type": "Polygon", "arcs": [[-4541, 901, 902, 903]], "id": 602}, {"type": "Polygon", "arcs": [[-3031, 904]], "id": 603}, {"type": "Polygon", "arcs": [[905, -1935, 906, -6071, 907]], "id": 604}, {"type": "Polygon", "arcs": [[908]], "id": 605}, {"type": "Polygon", "arcs": [[909, 910, -1342]], "id": 606}, {"type": "Polygon", "arcs": [[911]], "id": 607}, {"type": "Polygon", "arcs": [[912]], "id": 608}, {"type": "Polygon", "arcs": [[913]], "id": 609}, {"type": "Polygon", "arcs": [[-1673, -2066, -4007, 914, -1621]], "id": 610}, {"type": "Polygon", "arcs": [[-1854, -3855, 915, 916]], "id": 611}, {"type": "Polygon", "arcs": [[917, -5738, 918, -5580, 919]], "id": 612}, {"type": "Polygon", "arcs": [[920]], "id": 613}, {"type": "Polygon", "arcs": [[921]], "id": 614}, {"type": "Polygon", "arcs": [[-4295, 922]], "id": 615}, {"type": "MultiPolygon", "arcs": [[[923], [-1066, 924]], [[1067]]], "id": 616}, {"type": "Polygon", "arcs": [[925]], "id": 617}, {"type": "Polygon", "arcs": [[926, -3142, 927, -3165, 928]], "id": 618}, {"type": "Polygon", "arcs": [[-4708, 929, 930, 931]], "id": 619}, {"type": "Polygon", "arcs": [[932, 933, -2330, 934, 935, -1862, 936, -6089, 937]], "id": 620}, {"type": "Polygon", "arcs": [[938, 939, 940]], "id": 621}, {"type": "Polygon", "arcs": [[-4286, 941]], "id": 622}, {"type": "MultiPolygon", "arcs": [[[5894]], [[-1971, 942, -5888, 5904, -5887, 943], [944, -5904], [945, 946], [5891], [-5898, 947], [-5899, 948], [5895], [-5894, 949]]], "id": 623}, {"type": "Polygon", "arcs": [[-2928, -1976, 950, 951]], "id": 624}, {"type": "Polygon", "arcs": [[-4284, 952]], "id": 625}, {"type": "Polygon", "arcs": [[953, 954]], "id": 626}, {"type": "Polygon", "arcs": [[955, 956, -4800, 957]], "id": 627}, {"type": "Polygon", "arcs": [[-3115, 958]], "id": 628}, {"type": "Polygon", "arcs": [[-2511, 959, -2254, 960]], "id": 629}, {"type": "Polygon", "arcs": [[961]], "id": 630}, {"type": "Polygon", "arcs": [[-2448, 962, -974, 963, -5753, -1462, 964]], "id": 631}, {"type": "Polygon", "arcs": [[965]], "id": 632}, {"type": "Polygon", "arcs": [[966, -3323]], "id": 633}, {"type": "Polygon", "arcs": [[-1488, 967, 968, 969]], "id": 634}, {"type": "MultiPolygon", "arcs": [[[-5575, 970]], [[971]]], "id": 635}, {"type": "Polygon", "arcs": [[972, 973, 974, -5876]], "id": 636}, {"type": "Polygon", "arcs": [[-3255, 975, -5794, 976, -2018, 977]], "id": 637}, {"type": "Polygon", "arcs": [[-2683, 978, -1993, 979]], "id": 638}, {"type": "Polygon", "arcs": [[980, 981]], "id": 639}, {"type": "Polygon", "arcs": [[982, 983, 984, -5813, 985]], "id": 640}, {"type": "Polygon", "arcs": [[986, -5155, 987, -1842]], "id": 641}, {"type": "Polygon", "arcs": [[988, -5783]], "id": 642}, {"type": "Polygon", "arcs": [[989, -3841, 990]], "id": 643}, {"type": "Polygon", "arcs": [[-4476, 991]], "id": 644}, {"type": "Polygon", "arcs": [[992]], "id": 645}, {"type": "Polygon", "arcs": [[-5535, 993, -1943, -2168]], "id": 646}, {"type": "Polygon", "arcs": [[994]], "id": 647}, {"type": "Polygon", "arcs": [[995]], "id": 648}, {"type": "Polygon", "arcs": [[-1476, -6122, 996]], "id": 649}, {"type": "Polygon", "arcs": [[997]], "id": 650}, {"type": "Polygon", "arcs": [[-5767, -5766, 998, 999]], "id": 651}, {"type": "Polygon", "arcs": [[1000]], "id": 652}, {"type": "Polygon", "arcs": [[-4619, 1001, -2853, 1002, -3242, 1003]], "id": 653}, {"type": "Polygon", "arcs": [[-3476, 1004, 1005, 1006, 1007, 1008]], "id": 654}, {"type": "Polygon", "arcs": [[1009, 1010, 1011, 1012, -5691, 1013]], "id": 655}, {"type": "Polygon", "arcs": [[-1334, 1014]], "id": 656}, {"type": "Polygon", "arcs": [[-6308, 1015, 1016, 1017]], "id": 657}, {"type": "Polygon", "arcs": [[1018]], "id": 658}, {"type": "Polygon", "arcs": [[1019, 1020]], "id": 659}, {"type": "Polygon", "arcs": [[1021, 1022]], "id": 660}, {"type": "Polygon", "arcs": [[1023]], "id": 661}, {"type": "Polygon", "arcs": [[1024, -2240]], "id": 662}, {"type": "Polygon", "arcs": [[1025]], "id": 663}, {"type": "Polygon", "arcs": [[-6348, 1026]], "id": 664}, {"type": "Polygon", "arcs": [[1027, -3983, -1101, -5052, 1028]], "id": 665}, {"type": "Polygon", "arcs": [[-5072, 1029]], "id": 666}, {"type": "Polygon", "arcs": [[1030, -5287, 1031, -4803]], "id": 667}, {"type": "Polygon", "arcs": [[1032]], "id": 668}, {"type": "Polygon", "arcs": [[1033]], "id": 669}, {"type": "Polygon", "arcs": [[1034, -5499, -1736]], "id": 670}, {"type": "Polygon", "arcs": [[1035, -2663, 1036, -5320]], "id": 671}, {"type": "Polygon", "arcs": [[-4366, -5709, -1114, -2941, -1666]], "id": 672}, {"type": "Polygon", "arcs": [[1037, 1038]], "id": 673}, {"type": "Polygon", "arcs": [[-3843, 1039, 1040, 1041]], "id": 674}, {"type": "Polygon", "arcs": [[-6220, 1042]], "id": 675}, {"type": "Polygon", "arcs": [[-3105, -1776, 1043, 1044]], "id": 676}, {"type": "Polygon", "arcs": [[-6010, 1045, 1046]], "id": 677}, {"type": "Polygon", "arcs": [[-6414, 1047, 1048]], "id": 678}, {"type": "Polygon", "arcs": [[1049]], "id": 679}, {"type": "Polygon", "arcs": [[1050]], "id": 680}, {"type": "Polygon", "arcs": [[1051]], "id": 681}, {"type": "Polygon", "arcs": [[1052, 1053, -6420, -6026]], "id": 682}, {"type": "Polygon", "arcs": [[-1828, 1054]], "id": 683}, {"type": "Polygon", "arcs": [[-3385, 1055, -4197, 1056]], "id": 684}, {"type": "Polygon", "arcs": [[1057]], "id": 685}, {"type": "Polygon", "arcs": [[1058, 1059]], "id": 686}, {"type": "Polygon", "arcs": [[-1522, 1060, -6104]], "id": 687}, {"type": "Polygon", "arcs": [[1061]], "id": 688}, {"type": "Polygon", "arcs": [[-4727, 1062]], "id": 689}, {"type": "Polygon", "arcs": [[1063]], "id": 690}, {"type": "MultiPolygon", "arcs": [[[1064, 1065]], [[1066], [1067], [-3094, 1068]]], "id": 691}, {"type": "Polygon", "arcs": [[-2084, 1069]], "id": 692}, {"type": "Polygon", "arcs": [[1070, -5554, 1071, -3146]], "id": 693}, {"type": "Polygon", "arcs": [[-5187, 1072]], "id": 694}, {"type": "Polygon", "arcs": [[-5641, 1073, 1074, -3283, -5025, 1075]], "id": 695}, {"type": "Polygon", "arcs": [[1076, -2988, -1116]], "id": 696}, {"type": "Polygon", "arcs": [[1077, -2423, 1078]], "id": 697}, {"type": "Polygon", "arcs": [[1079]], "id": 698}, {"type": "Polygon", "arcs": [[-5612, 1080, 1081]], "id": 699}, {"type": "Polygon", "arcs": [[1082, -3092, 1083, -2175]], "id": 700}, {"type": "Polygon", "arcs": [[-1838, 1084]], "id": 701}, {"type": "Polygon", "arcs": [[1085]], "id": 702}, {"type": "Polygon", "arcs": [[-3570, 1086]], "id": 703}, {"type": "Polygon", "arcs": [[1087, 1088]], "id": 704}, {"type": "Polygon", "arcs": [[1089]], "id": 705}, {"type": "Polygon", "arcs": [[-4960, 1090, 1091, 1092]], "id": 706}, {"type": "Polygon", "arcs": [[-1324, 1093, -4971, 1094]], "id": 707}, {"type": "Polygon", "arcs": [[1095]], "id": 708}, {"type": "Polygon", "arcs": [[1096, -5448, 1097, -5446, 1098, -1205]], "id": 709}, {"type": "Polygon", "arcs": [[1099]], "id": 710}, {"type": "Polygon", "arcs": [[-5053, 1100, -3982, 1101]], "id": 711}, {"type": "Polygon", "arcs": [[-2919, 1102]], "id": 712}, {"type": "Polygon", "arcs": [[-5552, 1103]], "id": 713}, {"type": "Polygon", "arcs": [[1104]], "id": 714}, {"type": "Polygon", "arcs": [[-5475, 1105, 1106]], "id": 715}, {"type": "Polygon", "arcs": [[-3269, 1107, 1108]], "id": 716}, {"type": "Polygon", "arcs": [[-1690, -5911, 1109]], "id": 717}, {"type": "Polygon", "arcs": [[1110]], "id": 718}, {"type": "Polygon", "arcs": [[-6148, 1111]], "id": 719}, {"type": "Polygon", "arcs": [[1112]], "id": 720}, {"type": "Polygon", "arcs": [[1113, -5708, -3291, 1114]], "id": 721}, {"type": "Polygon", "arcs": [[1115, -2987, 1116]], "id": 722}, {"type": "Polygon", "arcs": [[-2579, 1117, -6336, -4645]], "id": 723}, {"type": "Polygon", "arcs": [[-2429, 1118, -5440, 1119]], "id": 724}, {"type": "Polygon", "arcs": [[1120, 1121]], "id": 725}, {"type": "Polygon", "arcs": [[-3777, -4925, 1122, -5396, 1123]], "id": 726}, {"type": "Polygon", "arcs": [[1124]], "id": 727}, {"type": "Polygon", "arcs": [[-3967, 1125]], "id": 728}, {"type": "Polygon", "arcs": [[-3851, 1126, -5108, 1127]], "id": 729}, {"type": "Polygon", "arcs": [[-5306, 1128, 1129, 1130, -1575, -4346, 1131]], "id": 730}, {"type": "Polygon", "arcs": [[1132]], "id": 731}, {"type": "Polygon", "arcs": [[1133, -1962]], "id": 732}, {"type": "Polygon", "arcs": [[-1290, 1134]], "id": 733}, {"type": "Polygon", "arcs": [[1135]], "id": 734}, {"type": "Polygon", "arcs": [[-2519, 1136]], "id": 735}, {"type": "Polygon", "arcs": [[-3440, 1137]], "id": 736}, {"type": "Polygon", "arcs": [[-3100, 1138]], "id": 737}, {"type": "Polygon", "arcs": [[-5720, 1139, -4581, -5973]], "id": 738}, {"type": "Polygon", "arcs": [[-4000, 1140, 1141]], "id": 739}, {"type": "Polygon", "arcs": [[-4832, 1142]], "id": 740}, {"type": "Polygon", "arcs": [[-1663, 1143]], "id": 741}, {"type": "Polygon", "arcs": [[1144]], "id": 742}, {"type": "Polygon", "arcs": [[-1589, 1145]], "id": 743}, {"type": "Polygon", "arcs": [[1146, 1147, 1148, 1149]], "id": 744}, {"type": "Polygon", "arcs": [[1150, -5732, -2973, 1151, -4022, 1152, -5564]], "id": 745}, {"type": "Polygon", "arcs": [[1153]], "id": 746}, {"type": "Polygon", "arcs": [[-3236, 1154]], "id": 747}, {"type": "Polygon", "arcs": [[1155], [5293], [5291]], "id": 748}, {"type": "Polygon", "arcs": [[1156, -1459, -3817, -3821]], "id": 749}, {"type": "Polygon", "arcs": [[1157]], "id": 750}, {"type": "Polygon", "arcs": [[1158, 1159]], "id": 751}, {"type": "Polygon", "arcs": [[1160]], "id": 752}, {"type": "Polygon", "arcs": [[1161]], "id": 753}, {"type": "Polygon", "arcs": [[1162, -1201, 1163, 1164, 1165]], "id": 754}, {"type": "Polygon", "arcs": [[1166, -3524, -5117, -4168]], "id": 755}, {"type": "Polygon", "arcs": [[-2046, 1167]], "id": 756}, {"type": "Polygon", "arcs": [[1168]], "id": 757}, {"type": "Polygon", "arcs": [[1169]], "id": 758}, {"type": "Polygon", "arcs": [[1170, 1171, -6054, 1172]], "id": 759}, {"type": "Polygon", "arcs": [[1173]], "id": 760}, {"type": "Polygon", "arcs": [[1174]], "id": 761}, {"type": "Polygon", "arcs": [[-4101, 1175, -3003]], "id": 762}, {"type": "Polygon", "arcs": [[1176]], "id": 763}, {"type": "Polygon", "arcs": [[1177, 1178, 1179]], "id": 764}, {"type": "Polygon", "arcs": [[-3847, 1180]], "id": 765}, {"type": "Polygon", "arcs": [[-4996, 1181, -4240, 1182]], "id": 766}, {"type": "Polygon", "arcs": [[1183, 1184, -3335, 1185]], "id": 767}, {"type": "Polygon", "arcs": [[-1819, 1186, -1434]], "id": 768}, {"type": "Polygon", "arcs": [[1187, 1188, 1189, 1190, 1191]], "id": 769}, {"type": "Polygon", "arcs": [[-2584, 1192]], "id": 770}, {"type": "Polygon", "arcs": [[1193], [1936, 1194]], "id": 771}, {"type": "Polygon", "arcs": [[1195]], "id": 772}, {"type": "Polygon", "arcs": [[1196]], "id": 773}, {"type": "Polygon", "arcs": [[1197, -2202, -1593, 1198, -3498, 1199, -2994]], "id": 774}, {"type": "Polygon", "arcs": [[1200, 1201, -4956, 1202]], "id": 775}, {"type": "Polygon", "arcs": [[1203]], "id": 776}, {"type": "Polygon", "arcs": [[1204, 1205, -1497, 1206]], "id": 777}, {"type": "Polygon", "arcs": [[-3462, 1207]], "id": 778}, {"type": "Polygon", "arcs": [[1208]], "id": 779}, {"type": "Polygon", "arcs": [[1209, -2197, 1210, -4772, -5344]], "id": 780}, {"type": "Polygon", "arcs": [[1211]], "id": 781}, {"type": "Polygon", "arcs": [[1212]], "id": 782}, {"type": "Polygon", "arcs": [[-2586, 1213]], "id": 783}, {"type": "Polygon", "arcs": [[1214]], "id": 784}, {"type": "MultiPolygon", "arcs": [[[1215, 1216, 1217, 1218, -1224, 1219, -1233, 1220]], [[1221]]], "id": 785}, {"type": "Polygon", "arcs": [[-1229, 1222, 1223, 1224]], "id": 786}, {"type": "Polygon", "arcs": [[1225, -2250, 1226, -1866, 1227]], "id": 787}, {"type": "Polygon", "arcs": [[1228, 1229, 1230, 1231, 1232, 1233]], "id": 788}, {"type": "Polygon", "arcs": [[1234]], "id": 789}, {"type": "Polygon", "arcs": [[1235]], "id": 790}, {"type": "Polygon", "arcs": [[1236, -4133, 1237, -6372, 1238, -4135]], "id": 791}, {"type": "Polygon", "arcs": [[-4485, 1239]], "id": 792}, {"type": "Polygon", "arcs": [[1240]], "id": 793}, {"type": "Polygon", "arcs": [[1241, 1242]], "id": 794}, {"type": "Polygon", "arcs": [[1243, -2374, -3672, -5533]], "id": 795}, {"type": "Polygon", "arcs": [[1244, 1245, -4954, 1246]], "id": 796}, {"type": "Polygon", "arcs": [[1247]], "id": 797}, {"type": "Polygon", "arcs": [[1248]], "id": 798}, {"type": "Polygon", "arcs": [[1249, -4747]], "id": 799}, {"type": "Polygon", "arcs": [[-3200, 1250]], "id": 800}, {"type": "Polygon", "arcs": [[-2465, 1251]], "id": 801}, {"type": "Polygon", "arcs": [[1252, -1766, 1253, -3758]], "id": 802}, {"type": "Polygon", "arcs": [[1254]], "id": 803}, {"type": "Polygon", "arcs": [[1255]], "id": 804}, {"type": "Polygon", "arcs": [[-6387, 1256]], "id": 805}, {"type": "Polygon", "arcs": [[-5777, 1257]], "id": 806}, {"type": "Polygon", "arcs": [[1258]], "id": 807}, {"type": "Polygon", "arcs": [[-3771, 1259]], "id": 808}, {"type": "Polygon", "arcs": [[-3260, 1260]], "id": 809}, {"type": "Polygon", "arcs": [[-4444, -5931, 1261, -6411]], "id": 810}, {"type": "Polygon", "arcs": [[1262, -2087, 1263, -3413]], "id": 811}, {"type": "Polygon", "arcs": [[-5087, 1264]], "id": 812}, {"type": "Polygon", "arcs": [[-3329, 1265]], "id": 813}, {"type": "Polygon", "arcs": [[1266, -1647]], "id": 814}, {"type": "Polygon", "arcs": [[-5121, 1267, -1494, -4169]], "id": 815}, {"type": "Polygon", "arcs": [[1268]], "id": 816}, {"type": "Polygon", "arcs": [[-4035, 1269, -2881]], "id": 817}, {"type": "Polygon", "arcs": [[1270]], "id": 818}, {"type": "Polygon", "arcs": [[1271, 1272]], "id": 819}, {"type": "Polygon", "arcs": [[1273, 1274, -5769]], "id": 820}, {"type": "Polygon", "arcs": [[1275]], "id": 821}, {"type": "Polygon", "arcs": [[1276, 1277]], "id": 822}, {"type": "Polygon", "arcs": [[1278]], "id": 823}, {"type": "Polygon", "arcs": [[1279]], "id": 824}, {"type": "Polygon", "arcs": [[1280]], "id": 825}, {"type": "Polygon", "arcs": [[-1284, -3145, 1281, 1282]], "id": 826}, {"type": "Polygon", "arcs": [[-1325, -4603, 1283, 1284]], "id": 827}, {"type": "Polygon", "arcs": [[1285, 1286]], "id": 828}, {"type": "Polygon", "arcs": [[1287]], "id": 829}, {"type": "Polygon", "arcs": [[-1858, 1288]], "id": 830}, {"type": "Polygon", "arcs": [[1289, 1290]], "id": 831}, {"type": "Polygon", "arcs": [[-5965, 1291]], "id": 832}, {"type": "Polygon", "arcs": [[-4704, 1292]], "id": 833}, {"type": "Polygon", "arcs": [[1293, 1294, -4534, -2244]], "id": 834}, {"type": "Polygon", "arcs": [[-3890, 1295]], "id": 835}, {"type": "Polygon", "arcs": [[1296]], "id": 836}, {"type": "Polygon", "arcs": [[-3898, 1297]], "id": 837}, {"type": "Polygon", "arcs": [[-6430, 1298]], "id": 838}, {"type": "Polygon", "arcs": [[1299]], "id": 839}, {"type": "Polygon", "arcs": [[1300]], "id": 840}, {"type": "Polygon", "arcs": [[1301, 1302, -6267, 1303]], "id": 841}, {"type": "Polygon", "arcs": [[1304, -4377, 1305, 1306]], "id": 842}, {"type": "Polygon", "arcs": [[-5156, 1307]], "id": 843}, {"type": "Polygon", "arcs": [[1308]], "id": 844}, {"type": "Polygon", "arcs": [[-2351, 1309, 1310, -4918, 1311]], "id": 845}, {"type": "Polygon", "arcs": [[1312]], "id": 846}, {"type": "Polygon", "arcs": [[-2891, 1313]], "id": 847}, {"type": "Polygon", "arcs": [[-4876, 1314, 1315]], "id": 848}, {"type": "Polygon", "arcs": [[1316, 1317, 1318, -3990, 1319, -2954, 1320, 1321]], "id": 849}, {"type": "Polygon", "arcs": [[1322, 1323, 1324, -3451]], "id": 850}, {"type": "Polygon", "arcs": [[1325]], "id": 851}, {"type": "Polygon", "arcs": [[1326]], "id": 852}, {"type": "Polygon", "arcs": [[1327]], "id": 853}, {"type": "Polygon", "arcs": [[1328, 1329, -3555, 1330]], "id": 854}, {"type": "Polygon", "arcs": [[-6334, 1331, 1332]], "id": 855}, {"type": "Polygon", "arcs": [[1333, 1334]], "id": 856}, {"type": "Polygon", "arcs": [[-2676, 1335]], "id": 857}, {"type": "Polygon", "arcs": [[1336]], "id": 858}, {"type": "Polygon", "arcs": [[1337, 1338]], "id": 859}, {"type": "Polygon", "arcs": [[-2264, 1339]], "id": 860}, {"type": "Polygon", "arcs": [[1340, 1341]], "id": 861}, {"type": "Polygon", "arcs": [[1342, 1343]], "id": 862}, {"type": "Polygon", "arcs": [[1344]], "id": 863}, {"type": "Polygon", "arcs": [[-3001, -4568, 1345]], "id": 864}, {"type": "Polygon", "arcs": [[1346]], "id": 865}, {"type": "Polygon", "arcs": [[1347, -5147]], "id": 866}, {"type": "Polygon", "arcs": [[1348, -4554, 1349]], "id": 867}, {"type": "Polygon", "arcs": [[-1981, 1350, -4987, 1351]], "id": 868}, {"type": "Polygon", "arcs": [[1352, -1638, -1445, 1353, -2572]], "id": 869}, {"type": "Polygon", "arcs": [[1354, -5346, 1355, -2453]], "id": 870}, {"type": "Polygon", "arcs": [[1356, -2169, -1946]], "id": 871}, {"type": "Polygon", "arcs": [[-3505, 1357]], "id": 872}, {"type": "Polygon", "arcs": [[-3903, -2200, 1358, -3578]], "id": 873}, {"type": "Polygon", "arcs": [[1359, -2210, 1360, -5815, 1361, -2222]], "id": 874}, {"type": "Polygon", "arcs": [[1362]], "id": 875}, {"type": "Polygon", "arcs": [[-6287, 1363, 1364, 1365, -2996, 1366]], "id": 876}, {"type": "Polygon", "arcs": [[1367, 1368]], "id": 877}, {"type": "Polygon", "arcs": [[1369]], "id": 878}, {"type": "Polygon", "arcs": [[-3210, 1370]], "id": 879}, {"type": "Polygon", "arcs": [[-1949, 1371, 1372, -3645]], "id": 880}, {"type": "Polygon", "arcs": [[1373, 1374, 1375]], "id": 881}, {"type": "MultiPolygon", "arcs": [[[-5242, 1376, -3925, 1377, -3965, 1378]], [[1379]]], "id": 882}, {"type": "Polygon", "arcs": [[1380]], "id": 883}, {"type": "Polygon", "arcs": [[-5113, 1381]], "id": 884}, {"type": "Polygon", "arcs": [[-1868, 1382]], "id": 885}, {"type": "Polygon", "arcs": [[-2538, 1383]], "id": 886}, {"type": "Polygon", "arcs": [[1384, 1385, -4980, -3179]], "id": 887}, {"type": "Polygon", "arcs": [[1386]], "id": 888}, {"type": "Polygon", "arcs": [[1387]], "id": 889}, {"type": "Polygon", "arcs": [[-2612, 1388, -1596, -3325, 1389]], "id": 890}, {"type": "Polygon", "arcs": [[-1731, 1390]], "id": 891}, {"type": "Polygon", "arcs": [[1391, -2644, 1392, 1393]], "id": 892}, {"type": "Polygon", "arcs": [[-4086, 1394]], "id": 893}, {"type": "Polygon", "arcs": [[-2154, 1395, 1396]], "id": 894}, {"type": "Polygon", "arcs": [[-4835, 1397, -3618, 1398]], "id": 895}, {"type": "Polygon", "arcs": [[1399, -3973, 1400, -3971, 1401, -1441]], "id": 896}, {"type": "Polygon", "arcs": [[-6456, 1402]], "id": 897}, {"type": "Polygon", "arcs": [[1403, -1585, 1404]], "id": 898}, {"type": "Polygon", "arcs": [[-5531, -2534, 1405]], "id": 899}, {"type": "Polygon", "arcs": [[1406, -2787]], "id": 900}, {"type": "Polygon", "arcs": [[1407]], "id": 901}, {"type": "Polygon", "arcs": [[1408, -2198, 1409, -5343, -2993]], "id": 902}, {"type": "Polygon", "arcs": [[-2326, 1410]], "id": 903}, {"type": "Polygon", "arcs": [[1411]], "id": 904}, {"type": "Polygon", "arcs": [[1412]], "id": 905}, {"type": "Polygon", "arcs": [[-3437, 1413, -2732, 1414]], "id": 906}, {"type": "Polygon", "arcs": [[1415, -4598]], "id": 907}, {"type": "Polygon", "arcs": [[1416]], "id": 908}, {"type": "Polygon", "arcs": [[1417, 1418]], "id": 909}, {"type": "Polygon", "arcs": [[-4790, 1419, 1420, 1421]], "id": 910}, {"type": "Polygon", "arcs": [[1422, -6247, 1423, -4874, -3927]], "id": 911}, {"type": "Polygon", "arcs": [[1424]], "id": 912}, {"type": "Polygon", "arcs": [[1425, -5236, 1426, -5772]], "id": 913}, {"type": "Polygon", "arcs": [[-4441, 1427]], "id": 914}, {"type": "Polygon", "arcs": [[1428]], "id": 915}, {"type": "Polygon", "arcs": [[-5687, 1429, -2571, 1430]], "id": 916}, {"type": "Polygon", "arcs": [[-1813, -5624, 1431]], "id": 917}, {"type": "Polygon", "arcs": [[-4030, 1432, -1820, 1433, 1434]], "id": 918}, {"type": "Polygon", "arcs": [[1435, 1436, -2332, 1437, 1438, 1439]], "id": 919}, {"type": "Polygon", "arcs": [[1440, 1441]], "id": 920}, {"type": "Polygon", "arcs": [[-4973, 1442, 1443, 1444, -1637]], "id": 921}, {"type": "Polygon", "arcs": [[1445, -3760, 1446, -5096, 1447, -6332]], "id": 922}, {"type": "Polygon", "arcs": [[1448, 1449]], "id": 923}, {"type": "Polygon", "arcs": [[1450, -2285, 1451, -5950]], "id": 924}, {"type": "Polygon", "arcs": [[1452]], "id": 925}, {"type": "Polygon", "arcs": [[1453]], "id": 926}, {"type": "Polygon", "arcs": [[1454]], "id": 927}, {"type": "Polygon", "arcs": [[1455]], "id": 928}, {"type": "Polygon", "arcs": [[-4475, 1456]], "id": 929}, {"type": "Polygon", "arcs": [[-5270, 1457]], "id": 930}, {"type": "Polygon", "arcs": [[1458, 1459, -4213, 1460, -3818]], "id": 931}, {"type": "Polygon", "arcs": [[1461, -5755, 1462]], "id": 932}, {"type": "Polygon", "arcs": [[-2022, 1463, 1464, -5319]], "id": 933}, {"type": "Polygon", "arcs": [[-2162, 1465, -5060, 1466]], "id": 934}, {"type": "Polygon", "arcs": [[-1687, -5860, 1467]], "id": 935}, {"type": "Polygon", "arcs": [[1468]], "id": 936}, {"type": "Polygon", "arcs": [[-2894, 1469]], "id": 937}, {"type": "Polygon", "arcs": [[1470, -1503, 1471, -6482]], "id": 938}, {"type": "Polygon", "arcs": [[1472, 1473]], "id": 939}, {"type": "Polygon", "arcs": [[1474, 1475]], "id": 940}, {"type": "Polygon", "arcs": [[-4947, 1476]], "id": 941}, {"type": "Polygon", "arcs": [[-2026, 1477]], "id": 942}, {"type": "Polygon", "arcs": [[1478, -3368, 1479]], "id": 943}, {"type": "Polygon", "arcs": [[-1583, -1662, 1480, 1481, 1482, 1483]], "id": 944}, {"type": "Polygon", "arcs": [[-4776, 1484]], "id": 945}, {"type": "Polygon", "arcs": [[1485, -1615, 1486, 1487]], "id": 946}, {"type": "Polygon", "arcs": [[-3042, -5638, 1488]], "id": 947}, {"type": "Polygon", "arcs": [[1489]], "id": 948}, {"type": "Polygon", "arcs": [[1490]], "id": 949}, {"type": "Polygon", "arcs": [[-2471, 1491]], "id": 950}, {"type": "Polygon", "arcs": [[1492, -2368, 1493]], "id": 951}, {"type": "Polygon", "arcs": [[1494, -5848, 1495, 1496]], "id": 952}, {"type": "Polygon", "arcs": [[1497]], "id": 953}, {"type": "Polygon", "arcs": [[-5110, 1498, -4764, 1499]], "id": 954}, {"type": "Polygon", "arcs": [[-3789, 1500]], "id": 955}, {"type": "Polygon", "arcs": [[1501]], "id": 956}, {"type": "Polygon", "arcs": [[1502, -1889, 1503]], "id": 957}, {"type": "Polygon", "arcs": [[-6167, 1504]], "id": 958}, {"type": "Polygon", "arcs": [[-5992, -1741, 1505]], "id": 959}, {"type": "Polygon", "arcs": [[-1984, 1506]], "id": 960}, {"type": "Polygon", "arcs": [[1507]], "id": 961}, {"type": "Polygon", "arcs": [[1508]], "id": 962}, {"type": "Polygon", "arcs": [[1509]], "id": 963}, {"type": "Polygon", "arcs": [[1510, -3037, 1511, -4792, 1512]], "id": 964}, {"type": "Polygon", "arcs": [[1513]], "id": 965}, {"type": "Polygon", "arcs": [[1514]], "id": 966}, {"type": "Polygon", "arcs": [[1515, -1747]], "id": 967}, {"type": "Polygon", "arcs": [[1516, 1517, 1518, -4713]], "id": 968}, {"type": "Polygon", "arcs": [[-1671, 1519]], "id": 969}, {"type": "Polygon", "arcs": [[1520]], "id": 970}, {"type": "Polygon", "arcs": [[1521, -1565, 1522]], "id": 971}, {"type": "Polygon", "arcs": [[1523]], "id": 972}, {"type": "Polygon", "arcs": [[1524]], "id": 973}, {"type": "Polygon", "arcs": [[-3763, 1525]], "id": 974}, {"type": "Polygon", "arcs": [[-1602, 1526]], "id": 975}, {"type": "Polygon", "arcs": [[1527, -1611, 1528, 1529, 1530, 1531]], "id": 976}, {"type": "Polygon", "arcs": [[1532]], "id": 977}, {"type": "Polygon", "arcs": [[1533, 1534, -3864, 1535]], "id": 978}, {"type": "Polygon", "arcs": [[-4320, 1536]], "id": 979}, {"type": "Polygon", "arcs": [[1537]], "id": 980}, {"type": "Polygon", "arcs": [[-4228, -4278, -4467, 1538]], "id": 981}, {"type": "Polygon", "arcs": [[1539]], "id": 982}, {"type": "Polygon", "arcs": [[1540, -6282, 1541, 1542]], "id": 983}, {"type": "Polygon", "arcs": [[1543]], "id": 984}, {"type": "Polygon", "arcs": [[1544, -4627]], "id": 985}, {"type": "Polygon", "arcs": [[-2513, 1545]], "id": 986}, {"type": "Polygon", "arcs": [[1546]], "id": 987}, {"type": "Polygon", "arcs": [[1547]], "id": 988}, {"type": "Polygon", "arcs": [[1548]], "id": 989}, {"type": "Polygon", "arcs": [[1549]], "id": 990}, {"type": "Polygon", "arcs": [[1550, 1551]], "id": 991}, {"type": "Polygon", "arcs": [[1552]], "id": 992}, {"type": "Polygon", "arcs": [[-1682, 1553, -5427, 1554]], "id": 993}, {"type": "Polygon", "arcs": [[1555]], "id": 994}, {"type": "Polygon", "arcs": [[1556]], "id": 995}, {"type": "Polygon", "arcs": [[1557]], "id": 996}, {"type": "Polygon", "arcs": [[-2820, 1558]], "id": 997}, {"type": "Polygon", "arcs": [[1559, 1560]], "id": 998}, {"type": "Polygon", "arcs": [[-4383, 1561]], "id": 999}, {"type": "Polygon", "arcs": [[1562, 1563]], "id": 1000}, {"type": "Polygon", "arcs": [[1564, -6103, 1565]], "id": 1001}, {"type": "Polygon", "arcs": [[-2058, 1566, -4301, 1567]], "id": 1002}, {"type": "Polygon", "arcs": [[-6020, 1568, -2243, 1569]], "id": 1003}, {"type": "Polygon", "arcs": [[-6146, 1570]], "id": 1004}, {"type": "Polygon", "arcs": [[-5823, 1571]], "id": 1005}, {"type": "Polygon", "arcs": [[1572]], "id": 1006}, {"type": "Polygon", "arcs": [[1573]], "id": 1007}, {"type": "Polygon", "arcs": [[-4347, 1574, -2382, 1575]], "id": 1008}, {"type": "Polygon", "arcs": [[-3209, 1576]], "id": 1009}, {"type": "Polygon", "arcs": [[1577]], "id": 1010}, {"type": "Polygon", "arcs": [[1578]], "id": 1011}, {"type": "Polygon", "arcs": [[-4555, 1579]], "id": 1012}, {"type": "Polygon", "arcs": [[1580, 1581]], "id": 1013}, {"type": "Polygon", "arcs": [[1582, 1583, 1584, 1585, 1586, -1660]], "id": 1014}, {"type": "Polygon", "arcs": [[1587]], "id": 1015}, {"type": "Polygon", "arcs": [[1588, 1589]], "id": 1016}, {"type": "Polygon", "arcs": [[1590]], "id": 1017}, {"type": "Polygon", "arcs": [[1591]], "id": 1018}, {"type": "Polygon", "arcs": [[1592, -2201, -3902, 1593]], "id": 1019}, {"type": "Polygon", "arcs": [[1594]], "id": 1020}, {"type": "Polygon", "arcs": [[1595, 1596, -4622, 1597]], "id": 1021}, {"type": "Polygon", "arcs": [[1598]], "id": 1022}, {"type": "Polygon", "arcs": [[1599]], "id": 1023}, {"type": "Polygon", "arcs": [[1600, 1601]], "id": 1024}, {"type": "Polygon", "arcs": [[-3892, 1602]], "id": 1025}, {"type": "Polygon", "arcs": [[-4046, 1603]], "id": 1026}, {"type": "Polygon", "arcs": [[1604, -5258, 1605, -4235]], "id": 1027}, {"type": "Polygon", "arcs": [[1606]], "id": 1028}, {"type": "Polygon", "arcs": [[1607]], "id": 1029}, {"type": "Polygon", "arcs": [[1608, 1609, 1610, 1611]], "id": 1030}, {"type": "Polygon", "arcs": [[1612]], "id": 1031}, {"type": "Polygon", "arcs": [[1613, 1614]], "id": 1032}, {"type": "Polygon", "arcs": [[-3099, 1615]], "id": 1033}, {"type": "Polygon", "arcs": [[1616, 1617]], "id": 1034}, {"type": "Polygon", "arcs": [[1618, 1619]], "id": 1035}, {"type": "Polygon", "arcs": [[-1674, 1620, 1621, -4074, 1622, 1623]], "id": 1036}, {"type": "Polygon", "arcs": [[1624]], "id": 1037}, {"type": "Polygon", "arcs": [[1625, -3593, 1626]], "id": 1038}, {"type": "Polygon", "arcs": [[1627]], "id": 1039}, {"type": "Polygon", "arcs": [[1628, 1629]], "id": 1040}, {"type": "Polygon", "arcs": [[-2147, 1630]], "id": 1041}, {"type": "Polygon", "arcs": [[1631, 1632]], "id": 1042}, {"type": "Polygon", "arcs": [[1633, -6290]], "id": 1043}, {"type": "Polygon", "arcs": [[1634, -2789, 1635]], "id": 1044}, {"type": "Polygon", "arcs": [[1636, 1637, -5693, 1638, 1639]], "id": 1045}, {"type": "Polygon", "arcs": [[1640]], "id": 1046}, {"type": "Polygon", "arcs": [[1641, 1642, 1643, -4543, 1644, 1645]], "id": 1047}, {"type": "Polygon", "arcs": [[1646, 1647]], "id": 1048}, {"type": "Polygon", "arcs": [[1648, 1649, 1650, -2625, 1651, 1652]], "id": 1049}, {"type": "Polygon", "arcs": [[1653, -1655]], "id": 1050}, {"type": "Polygon", "arcs": [[1654, 1655]], "id": 1051}, {"type": "Polygon", "arcs": [[-5743, 1656]], "id": 1052}, {"type": "Polygon", "arcs": [[-3309, 1657]], "id": 1053}, {"type": "Polygon", "arcs": [[-5882, 1658]], "id": 1054}, {"type": "Polygon", "arcs": [[1659, 1660, 1661]], "id": 1055}, {"type": "Polygon", "arcs": [[1662, 1663, -2344, 1664]], "id": 1056}, {"type": "Polygon", "arcs": [[1665, -6258, 1666]], "id": 1057}, {"type": "Polygon", "arcs": [[1667]], "id": 1058}, {"type": "Polygon", "arcs": [[1668, -6129, 1669, 1670]], "id": 1059}, {"type": "Polygon", "arcs": [[-3020, 1671]], "id": 1060}, {"type": "Polygon", "arcs": [[-2067, 1672, 1673, 1674, 1675]], "id": 1061}, {"type": "Polygon", "arcs": [[1676, -6117, 1677, -4993]], "id": 1062}, {"type": "Polygon", "arcs": [[-5353, 1678]], "id": 1063}, {"type": "Polygon", "arcs": [[-5253, 1679, -5939, 1680]], "id": 1064}, {"type": "MultiPolygon", "arcs": [[[1681, 1682, -3791, 1683]], [[1684]]], "id": 1065}, {"type": "Polygon", "arcs": [[1685]], "id": 1066}, {"type": "Polygon", "arcs": [[1686, 1687]], "id": 1067}, {"type": "Polygon", "arcs": [[1688]], "id": 1068}, {"type": "Polygon", "arcs": [[-2499, -5912, 1689, 1690]], "id": 1069}, {"type": "Polygon", "arcs": [[-1969, 1691, -4805, 1692]], "id": 1070}, {"type": "Polygon", "arcs": [[1693, -6284, 1694, -6436, 1695]], "id": 1071}, {"type": "Polygon", "arcs": [[1696, -3316, 1697, 1698]], "id": 1072}, {"type": "Polygon", "arcs": [[1699, 1700, -2605, 1701]], "id": 1073}, {"type": "Polygon", "arcs": [[1702, 1703, -5676]], "id": 1074}, {"type": "Polygon", "arcs": [[-4929, 1704, -3337, 1705]], "id": 1075}, {"type": "Polygon", "arcs": [[1706]], "id": 1076}, {"type": "Polygon", "arcs": [[1707, -2674, 1708, -5295]], "id": 1077}, {"type": "Polygon", "arcs": [[-6156, 1709, 1710, -5059]], "id": 1078}, {"type": "Polygon", "arcs": [[1711, 1712, 1713, 1714, 1715]], "id": 1079}, {"type": "Polygon", "arcs": [[1716, 1717]], "id": 1080}, {"type": "Polygon", "arcs": [[1718, -6219, 1719, -2799, 1720, -2195, 1721, -2184]], "id": 1081}, {"type": "Polygon", "arcs": [[-5483, 1722]], "id": 1082}, {"type": "Polygon", "arcs": [[-4277, 1723, -3148, -3828]], "id": 1083}, {"type": "Polygon", "arcs": [[1724, -2627]], "id": 1084}, {"type": "Polygon", "arcs": [[1725, 1726, 1727, 1728, 1729, 1730]], "id": 1085}, {"type": "Polygon", "arcs": [[1731, -5299, 1732, -5590]], "id": 1086}, {"type": "Polygon", "arcs": [[1733, 1734, 1735, 1736]], "id": 1087}, {"type": "Polygon", "arcs": [[1737]], "id": 1088}, {"type": "Polygon", "arcs": [[1738, -6025, 1739]], "id": 1089}, {"type": "Polygon", "arcs": [[1740, -5991, -4900, 1741, 1742]], "id": 1090}, {"type": "Polygon", "arcs": [[-3604, 1743]], "id": 1091}, {"type": "Polygon", "arcs": [[1744]], "id": 1092}, {"type": "Polygon", "arcs": [[-3979, 1745]], "id": 1093}, {"type": "Polygon", "arcs": [[1746, 1747, -4238, 1748]], "id": 1094}, {"type": "Polygon", "arcs": [[-5519, 1749]], "id": 1095}, {"type": "Polygon", "arcs": [[1750, -1886, 1751, -2950]], "id": 1096}, {"type": "Polygon", "arcs": [[-2073, 1752]], "id": 1097}, {"type": "Polygon", "arcs": [[1753, 1754]], "id": 1098}, {"type": "Polygon", "arcs": [[-4527, 1755]], "id": 1099}, {"type": "Polygon", "arcs": [[1756]], "id": 1100}, {"type": "Polygon", "arcs": [[1757, 1758, -4970]], "id": 1101}, {"type": "Polygon", "arcs": [[1759]], "id": 1102}, {"type": "Polygon", "arcs": [[1760]], "id": 1103}, {"type": "Polygon", "arcs": [[1761]], "id": 1104}, {"type": "Polygon", "arcs": [[-1764, 1762]], "id": 1105}, {"type": "Polygon", "arcs": [[1763, 1764, 1765, 1766]], "id": 1106}, {"type": "Polygon", "arcs": [[-2357, 1767]], "id": 1107}, {"type": "Polygon", "arcs": [[-2735, 1768]], "id": 1108}, {"type": "Polygon", "arcs": [[1769, -5874, 1770]], "id": 1109}, {"type": "Polygon", "arcs": [[1771, -5949, 1772]], "id": 1110}, {"type": "Polygon", "arcs": [[1773, 1774, 1775, 1776, -1941]], "id": 1111}, {"type": "Polygon", "arcs": [[1777]], "id": 1112}, {"type": "Polygon", "arcs": [[-5514, 1778], [-5516, 1779]], "id": 1113}, {"type": "Polygon", "arcs": [[-2507, 1780]], "id": 1114}, {"type": "Polygon", "arcs": [[-5160, 1781]], "id": 1115}, {"type": "Polygon", "arcs": [[1782]], "id": 1116}, {"type": "Polygon", "arcs": [[1783, 1784]], "id": 1117}, {"type": "Polygon", "arcs": [[1785, -5044, 1786]], "id": 1118}, {"type": "Polygon", "arcs": [[1787]], "id": 1119}, {"type": "Polygon", "arcs": [[1788, -6423]], "id": 1120}, {"type": "Polygon", "arcs": [[-5234, -2134, 1789, -3182, 1790]], "id": 1121}, {"type": "Polygon", "arcs": [[1791, 1792]], "id": 1122}, {"type": "Polygon", "arcs": [[-6365, 1793, -5061, 1794, -2690, 1795]], "id": 1123}, {"type": "Polygon", "arcs": [[1796]], "id": 1124}, {"type": "Polygon", "arcs": [[1797]], "id": 1125}, {"type": "Polygon", "arcs": [[-3870, 1798]], "id": 1126}, {"type": "Polygon", "arcs": [[1799]], "id": 1127}, {"type": "Polygon", "arcs": [[1800]], "id": 1128}, {"type": "Polygon", "arcs": [[1801]], "id": 1129}, {"type": "Polygon", "arcs": [[1802, -4460]], "id": 1130}, {"type": "Polygon", "arcs": [[1803, -6292, 1804, -2541, 1805, -2317]], "id": 1131}, {"type": "Polygon", "arcs": [[-3307, 1806, -4655, 1807]], "id": 1132}, {"type": "Polygon", "arcs": [[1808]], "id": 1133}, {"type": "Polygon", "arcs": [[1809]], "id": 1134}, {"type": "Polygon", "arcs": [[1810]], "id": 1135}, {"type": "Polygon", "arcs": [[-2049, -2433, 1811, -5625, 1812]], "id": 1136}, {"type": "Polygon", "arcs": [[-2241, 1813]], "id": 1137}, {"type": "Polygon", "arcs": [[1814]], "id": 1138}, {"type": "Polygon", "arcs": [[1815]], "id": 1139}, {"type": "Polygon", "arcs": [[1816, -3838, 1817]], "id": 1140}, {"type": "Polygon", "arcs": [[1818, 1819, 1820, 1821]], "id": 1141}, {"type": "Polygon", "arcs": [[1822, -2668, -6213, 1823, -6358]], "id": 1142}, {"type": "Polygon", "arcs": [[1824, 1825]], "id": 1143}, {"type": "Polygon", "arcs": [[1826]], "id": 1144}, {"type": "Polygon", "arcs": [[1827, 1828]], "id": 1145}, {"type": "Polygon", "arcs": [[1829, 1830, -1845]], "id": 1146}, {"type": "Polygon", "arcs": [[1831, -5526]], "id": 1147}, {"type": "Polygon", "arcs": [[-2439, -5029, 1832]], "id": 1148}, {"type": "Polygon", "arcs": [[1833]], "id": 1149}, {"type": "Polygon", "arcs": [[1834, -6402, -4752, 1835]], "id": 1150}, {"type": "Polygon", "arcs": [[1836, 1837, 1838, -6406]], "id": 1151}, {"type": "Polygon", "arcs": [[1839, 1840]], "id": 1152}, {"type": "Polygon", "arcs": [[1841, -2139, 1842]], "id": 1153}, {"type": "Polygon", "arcs": [[-3568, 1843]], "id": 1154}, {"type": "Polygon", "arcs": [[1844, 1845, -2718, 1846]], "id": 1155}, {"type": "Polygon", "arcs": [[1847, 1848]], "id": 1156}, {"type": "MultiPolygon", "arcs": [[[1849]], [[1850]]], "id": 1157}, {"type": "Polygon", "arcs": [[-3495, 1851, -4659, 1852]], "id": 1158}, {"type": "Polygon", "arcs": [[-3856, 1853, 1854, 1855, 1856]], "id": 1159}, {"type": "Polygon", "arcs": [[1857, 1858]], "id": 1160}, {"type": "Polygon", "arcs": [[1859, 1860, 1861, 1862]], "id": 1161}, {"type": "Polygon", "arcs": [[1863, -5022]], "id": 1162}, {"type": "Polygon", "arcs": [[1864]], "id": 1163}, {"type": "Polygon", "arcs": [[1865, 1866, -3526, -4850]], "id": 1164}, {"type": "Polygon", "arcs": [[1867, 1868, -2266, 1869]], "id": 1165}, {"type": "Polygon", "arcs": [[-3597, -5485, 1870]], "id": 1166}, {"type": "Polygon", "arcs": [[-3961, 1871]], "id": 1167}, {"type": "Polygon", "arcs": [[1872, 1873, 1874, -1877, 1875, -3082]], "id": 1168}, {"type": "Polygon", "arcs": [[1876, 1877, -3076, 1878]], "id": 1169}, {"type": "Polygon", "arcs": [[-4337, 1879]], "id": 1170}, {"type": "Polygon", "arcs": [[1880, 1881, -5982, 1882]], "id": 1171}, {"type": "Polygon", "arcs": [[-2982, 1883]], "id": 1172}, {"type": "Polygon", "arcs": [[1884, 1885]], "id": 1173}, {"type": "Polygon", "arcs": [[-5297, 1886]], "id": 1174}, {"type": "Polygon", "arcs": [[1887]], "id": 1175}, {"type": "Polygon", "arcs": [[1888, 1889, -2559, 1890]], "id": 1176}, {"type": "Polygon", "arcs": [[1891, 1892, 1893, -5620]], "id": 1177}, {"type": "Polygon", "arcs": [[1894, -3726, 1895, 1896, 1897, 1898, 1899, -4722]], "id": 1178}, {"type": "Polygon", "arcs": [[1900]], "id": 1179}, {"type": "Polygon", "arcs": [[1901]], "id": 1180}, {"type": "Polygon", "arcs": [[1902, -5094, 1903, -2553, 1904, -2599, 1905, -5082, 1906]], "id": 1181}, {"type": "Polygon", "arcs": [[1907]], "id": 1182}, {"type": "Polygon", "arcs": [[1908, -2093, 1909, -5124]], "id": 1183}, {"type": "Polygon", "arcs": [[1910]], "id": 1184}, {"type": "Polygon", "arcs": [[1911]], "id": 1185}, {"type": "Polygon", "arcs": [[1912]], "id": 1186}, {"type": "Polygon", "arcs": [[-3894, 1913]], "id": 1187}, {"type": "Polygon", "arcs": [[1914]], "id": 1188}, {"type": "Polygon", "arcs": [[1915]], "id": 1189}, {"type": "Polygon", "arcs": [[-4248, 1916]], "id": 1190}, {"type": "Polygon", "arcs": [[1917]], "id": 1191}, {"type": "Polygon", "arcs": [[1918]], "id": 1192}, {"type": "Polygon", "arcs": [[-3686, 1919, 1920, 1921]], "id": 1193}, {"type": "Polygon", "arcs": [[1922, 1923]], "id": 1194}, {"type": "Polygon", "arcs": [[-6433, 1924]], "id": 1195}, {"type": "Polygon", "arcs": [[1925]], "id": 1196}, {"type": "Polygon", "arcs": [[1926, 1927]], "id": 1197}, {"type": "Polygon", "arcs": [[-2123, 1928, -3006, 1929]], "id": 1198}, {"type": "Polygon", "arcs": [[1930, -3914]], "id": 1199}, {"type": "Polygon", "arcs": [[1931]], "id": 1200}, {"type": "Polygon", "arcs": [[1932]], "id": 1201}, {"type": "Polygon", "arcs": [[1933]], "id": 1202}, {"type": "Polygon", "arcs": [[1934, 1935]], "id": 1203}, {"type": "MultiPolygon", "arcs": [[[1936, 1937]], [[-3773, 1938]]], "id": 1204}, {"type": "Polygon", "arcs": [[-2707, 1939, 1940, 1941]], "id": 1205}, {"type": "Polygon", "arcs": [[1942, 1943, 1944, 1945]], "id": 1206}, {"type": "Polygon", "arcs": [[1946]], "id": 1207}, {"type": "Polygon", "arcs": [[1947]], "id": 1208}, {"type": "Polygon", "arcs": [[1948, -3644, 1949, 1950, 1951]], "id": 1209}, {"type": "Polygon", "arcs": [[-5603, 1952, 1953, 1954, 1955, 1956, 1957, 1958]], "id": 1210}, {"type": "Polygon", "arcs": [[1959]], "id": 1211}, {"type": "Polygon", "arcs": [[1960, 1961, 1962]], "id": 1212}, {"type": "Polygon", "arcs": [[1963, 1964]], "id": 1213}, {"type": "Polygon", "arcs": [[-3294, 1965]], "id": 1214}, {"type": "Polygon", "arcs": [[-2844, 1966]], "id": 1215}, {"type": "Polygon", "arcs": [[1967]], "id": 1216}, {"type": "Polygon", "arcs": [[1968, 1969]], "id": 1217}, {"type": "Polygon", "arcs": [[1970, 1971, -4965, 1972]], "id": 1218}, {"type": "Polygon", "arcs": [[-4600, 1973]], "id": 1219}, {"type": "Polygon", "arcs": [[1974, 1975, 1976]], "id": 1220}, {"type": "Polygon", "arcs": [[-3957, 1977, -6182, 1978, -4982, 1979, 1980]], "id": 1221}, {"type": "Polygon", "arcs": [[1981]], "id": 1222}, {"type": "Polygon", "arcs": [[1982]], "id": 1223}, {"type": "Polygon", "arcs": [[1983, 1984, -3014, -2926, 1985, 1986]], "id": 1224}, {"type": "Polygon", "arcs": [[1987, 1988, -6245, 1989, -3585, -3164, 1990]], "id": 1225}, {"type": "Polygon", "arcs": [[1991]], "id": 1226}, {"type": "Polygon", "arcs": [[1992, 1993, -4339, -3932, 1994]], "id": 1227}, {"type": "Polygon", "arcs": [[1995, 1996]], "id": 1228}, {"type": "Polygon", "arcs": [[1997, 1998]], "id": 1229}, {"type": "Polygon", "arcs": [[1999]], "id": 1230}, {"type": "Polygon", "arcs": [[2000]], "id": 1231}, {"type": "Polygon", "arcs": [[2001]], "id": 1232}, {"type": "Polygon", "arcs": [[-2971, -3224, 2002]], "id": 1233}, {"type": "Polygon", "arcs": [[2003, 2004, 2005, 2006]], "id": 1234}, {"type": "Polygon", "arcs": [[2007, 2008]], "id": 1235}, {"type": "Polygon", "arcs": [[2009]], "id": 1236}, {"type": "Polygon", "arcs": [[2010]], "id": 1237}, {"type": "Polygon", "arcs": [[-6260, 2011]], "id": 1238}, {"type": "Polygon", "arcs": [[2012]], "id": 1239}, {"type": "Polygon", "arcs": [[2013]], "id": 1240}, {"type": "Polygon", "arcs": [[-4424, -2754, 2014, -2752, 2015, -2528, -3257, 2016, 2017, -5792, 2018]], "id": 1241}, {"type": "Polygon", "arcs": [[2019]], "id": 1242}, {"type": "Polygon", "arcs": [[2020, 2021, -5126, -3240]], "id": 1243}, {"type": "Polygon", "arcs": [[2022]], "id": 1244}, {"type": "Polygon", "arcs": [[2023]], "id": 1245}, {"type": "Polygon", "arcs": [[2024]], "id": 1246}, {"type": "Polygon", "arcs": [[2025, 2026]], "id": 1247}, {"type": "Polygon", "arcs": [[-6034, 2027]], "id": 1248}, {"type": "Polygon", "arcs": [[-3230, 2028]], "id": 1249}, {"type": "Polygon", "arcs": [[2029]], "id": 1250}, {"type": "Polygon", "arcs": [[2030, 2031]], "id": 1251}, {"type": "Polygon", "arcs": [[-2431, 2032]], "id": 1252}, {"type": "Polygon", "arcs": [[2033]], "id": 1253}, {"type": "Polygon", "arcs": [[2034]], "id": 1254}, {"type": "Polygon", "arcs": [[2035]], "id": 1255}, {"type": "Polygon", "arcs": [[2036]], "id": 1256}, {"type": "Polygon", "arcs": [[2037, -4961, 2038]], "id": 1257}, {"type": "Polygon", "arcs": [[-3713, 2039]], "id": 1258}, {"type": "Polygon", "arcs": [[2040]], "id": 1259}, {"type": "Polygon", "arcs": [[2041, -6159, 2042, 2043]], "id": 1260}, {"type": "Polygon", "arcs": [[2044]], "id": 1261}, {"type": "Polygon", "arcs": [[2045, 2046]], "id": 1262}, {"type": "Polygon", "arcs": [[-3518, 2047, 2048]], "id": 1263}, {"type": "Polygon", "arcs": [[2049, 2050, 2051, 2052, -3659]], "id": 1264}, {"type": "Polygon", "arcs": [[2053]], "id": 1265}, {"type": "Polygon", "arcs": [[2054]], "id": 1266}, {"type": "Polygon", "arcs": [[2055]], "id": 1267}, {"type": "Polygon", "arcs": [[2056]], "id": 1268}, {"type": "Polygon", "arcs": [[2057, 2058]], "id": 1269}, {"type": "Polygon", "arcs": [[2059]], "id": 1270}, {"type": "Polygon", "arcs": [[2060, 2061, -2074, -3251, 2062]], "id": 1271}, {"type": "Polygon", "arcs": [[2063, -4428, 2064, 2065, 2066]], "id": 1272}, {"type": "Polygon", "arcs": [[-5774, 2067]], "id": 1273}, {"type": "MultiPolygon", "arcs": [[[-3264, 2068]], [[2069]]], "id": 1274}, {"type": "Polygon", "arcs": [[2070, -3447, 2071, 2072]], "id": 1275}, {"type": "Polygon", "arcs": [[2073, 2074, -2396, 2075, 2076, 2077, -5787, 2078, -3252]], "id": 1276}, {"type": "Polygon", "arcs": [[-5924, 2079, -4819, -5195, 2080]], "id": 1277}, {"type": "Polygon", "arcs": [[2081]], "id": 1278}, {"type": "Polygon", "arcs": [[2082, 2083]], "id": 1279}, {"type": "Polygon", "arcs": [[2084, -4431, 2085, 2086]], "id": 1280}, {"type": "Polygon", "arcs": [[2087]], "id": 1281}, {"type": "Polygon", "arcs": [[2088]], "id": 1282}, {"type": "Polygon", "arcs": [[2089]], "id": 1283}, {"type": "Polygon", "arcs": [[2090, -5581, 2091, 2092]], "id": 1284}, {"type": "Polygon", "arcs": [[2093]], "id": 1285}, {"type": "Polygon", "arcs": [[2094]], "id": 1286}, {"type": "Polygon", "arcs": [[2095]], "id": 1287}, {"type": "Polygon", "arcs": [[-6280, 2096, -2757, 2097]], "id": 1288}, {"type": "Polygon", "arcs": [[2098]], "id": 1289}, {"type": "Polygon", "arcs": [[-2219, 2099, -3228, 2100]], "id": 1290}, {"type": "Polygon", "arcs": [[-6035, 2101, -3750, 2102]], "id": 1291}, {"type": "Polygon", "arcs": [[-5907, 2103, -3008, 2104]], "id": 1292}, {"type": "Polygon", "arcs": [[2105, -4585]], "id": 1293}, {"type": "Polygon", "arcs": [[-2363, 2106, -2666, 2107]], "id": 1294}, {"type": "Polygon", "arcs": [[-5205, 2108, 2109, 2110]], "id": 1295}, {"type": "Polygon", "arcs": [[2111, 2112, 2113, 2114]], "id": 1296}, {"type": "Polygon", "arcs": [[2115]], "id": 1297}, {"type": "Polygon", "arcs": [[-3194, 2116]], "id": 1298}, {"type": "Polygon", "arcs": [[2117]], "id": 1299}, {"type": "Polygon", "arcs": [[2118]], "id": 1300}, {"type": "Polygon", "arcs": [[-6464, 2119, 2120, 2121, 2122, 2123]], "id": 1301}, {"type": "Polygon", "arcs": [[-4548, 2124]], "id": 1302}, {"type": "Polygon", "arcs": [[2125]], "id": 1303}, {"type": "Polygon", "arcs": [[-3669, -6006, 2126, -6127, -4871, 2127]], "id": 1304}, {"type": "Polygon", "arcs": [[2128]], "id": 1305}, {"type": "Polygon", "arcs": [[-6262, 2129]], "id": 1306}, {"type": "Polygon", "arcs": [[2130, 2131, -3993, 2132]], "id": 1307}, {"type": "Polygon", "arcs": [[2133, 2134, -6400, 2135]], "id": 1308}, {"type": "Polygon", "arcs": [[2136, -5780, 2137, 2138]], "id": 1309}, {"type": "Polygon", "arcs": [[-2880, 2139, 2140, 2141, -4036]], "id": 1310}, {"type": "Polygon", "arcs": [[-2885, -6022, 2142, 2143]], "id": 1311}, {"type": "Polygon", "arcs": [[2144, -5218]], "id": 1312}, {"type": "Polygon", "arcs": [[2145, -4012]], "id": 1313}, {"type": "Polygon", "arcs": [[2146, 2147]], "id": 1314}, {"type": "Polygon", "arcs": [[2148, 2149]], "id": 1315}, {"type": "Polygon", "arcs": [[2150, 2151]], "id": 1316}, {"type": "Polygon", "arcs": [[2152]], "id": 1317}, {"type": "Polygon", "arcs": [[2153, 2154, -6264, 2155]], "id": 1318}, {"type": "Polygon", "arcs": [[2156, 2157, -5386, 2158]], "id": 1319}, {"type": "Polygon", "arcs": [[2159]], "id": 1320}, {"type": "Polygon", "arcs": [[2160, 2161, 2162]], "id": 1321}, {"type": "Polygon", "arcs": [[-3546, 2163, -3665, 2164]], "id": 1322}, {"type": "Polygon", "arcs": [[2165]], "id": 1323}, {"type": "Polygon", "arcs": [[2166, -2376, 2167, 2168]], "id": 1324}, {"type": "Polygon", "arcs": [[2169]], "id": 1325}, {"type": "Polygon", "arcs": [[2170]], "id": 1326}, {"type": "Polygon", "arcs": [[2171]], "id": 1327}, {"type": "Polygon", "arcs": [[2172, 2173, 2174, 2175]], "id": 1328}, {"type": "Polygon", "arcs": [[-4436, 2176, 2177]], "id": 1329}, {"type": "Polygon", "arcs": [[-3812, 2178]], "id": 1330}, {"type": "Polygon", "arcs": [[2179]], "id": 1331}, {"type": "Polygon", "arcs": [[2180]], "id": 1332}, {"type": "Polygon", "arcs": [[2181]], "id": 1333}, {"type": "Polygon", "arcs": [[-6217, 2182, 2183, 2184, -5333, 2185]], "id": 1334}, {"type": "Polygon", "arcs": [[2186]], "id": 1335}, {"type": "MultiPolygon", "arcs": [[[2187]], [[2188]]], "id": 1336}, {"type": "Polygon", "arcs": [[-3152, 2189, -3361, 2190, -3010, 2191]], "id": 1337}, {"type": "Polygon", "arcs": [[2192]], "id": 1338}, {"type": "Polygon", "arcs": [[-5335, 2193, 2194, 2195, 2196, 2197, 2198]], "id": 1339}, {"type": "Polygon", "arcs": [[-5340, -6099, 2199, 2200, 2201, 2202]], "id": 1340}, {"type": "Polygon", "arcs": [[2203], [4546]], "id": 1341}, {"type": "Polygon", "arcs": [[-4532, 2204, -4607, 2205, -6040, 2206]], "id": 1342}, {"type": "Polygon", "arcs": [[-4375, 2207]], "id": 1343}, {"type": "Polygon", "arcs": [[2208, 2209]], "id": 1344}, {"type": "Polygon", "arcs": [[-3493, -4130, 2210]], "id": 1345}, {"type": "MultiPolygon", "arcs": [[[2211], [2212]], [[2213]]], "id": 1346}, {"type": "MultiPolygon", "arcs": [[[2214]], [[2215]]], "id": 1347}, {"type": "Polygon", "arcs": [[2216, -5760, 2217, 2218]], "id": 1348}, {"type": "Polygon", "arcs": [[2219], [2220]], "id": 1349}, {"type": "Polygon", "arcs": [[2221, 2222]], "id": 1350}, {"type": "Polygon", "arcs": [[-3154, 2223, -2568, 2224]], "id": 1351}, {"type": "Polygon", "arcs": [[2225, 2226, -3241]], "id": 1352}, {"type": "Polygon", "arcs": [[2227, 2228, 2229, -5943]], "id": 1353}, {"type": "Polygon", "arcs": [[2230]], "id": 1354}, {"type": "Polygon", "arcs": [[-5181, 2231]], "id": 1355}, {"type": "Polygon", "arcs": [[2232, 2233]], "id": 1356}, {"type": "Polygon", "arcs": [[-2457, 2234, -4642, 2235]], "id": 1357}, {"type": "Polygon", "arcs": [[2236]], "id": 1358}, {"type": "Polygon", "arcs": [[2237]], "id": 1359}, {"type": "Polygon", "arcs": [[-3779, 2238]], "id": 1360}, {"type": "Polygon", "arcs": [[2239, 2240, 2241]], "id": 1361}, {"type": "Polygon", "arcs": [[2242, 2243, -4533, 2244]], "id": 1362}, {"type": "Polygon", "arcs": [[2245]], "id": 1363}, {"type": "Polygon", "arcs": [[2246]], "id": 1364}, {"type": "Polygon", "arcs": [[2247, 2248, 2249, 2250, -5260]], "id": 1365}, {"type": "Polygon", "arcs": [[2251, 2252]], "id": 1366}, {"type": "Polygon", "arcs": [[2253, 2254]], "id": 1367}, {"type": "Polygon", "arcs": [[2255, 2256]], "id": 1368}, {"type": "Polygon", "arcs": [[-4260, 2257]], "id": 1369}, {"type": "Polygon", "arcs": [[2258]], "id": 1370}, {"type": "Polygon", "arcs": [[-2547, 2259, -6269, 2260]], "id": 1371}, {"type": "Polygon", "arcs": [[2261, 2262, 2263, 2264, 2265, 2266, 2267, 2268]], "id": 1372}, {"type": "Polygon", "arcs": [[-5761, 2269]], "id": 1373}, {"type": "Polygon", "arcs": [[2270, 2271]], "id": 1374}, {"type": "Polygon", "arcs": [[-2723, 2272]], "id": 1375}, {"type": "Polygon", "arcs": [[2273, -3881, 2274, -6462]], "id": 1376}, {"type": "Polygon", "arcs": [[-3379, 2275, 2276, 2277]], "id": 1377}, {"type": "Polygon", "arcs": [[-4844, 2278]], "id": 1378}, {"type": "Polygon", "arcs": [[2279, 2280, -2421, -2793, 2281]], "id": 1379}, {"type": "Polygon", "arcs": [[2282]], "id": 1380}, {"type": "Polygon", "arcs": [[-3278, 2283, 2284]], "id": 1381}, {"type": "Polygon", "arcs": [[2285]], "id": 1382}, {"type": "Polygon", "arcs": [[2286]], "id": 1383}, {"type": "Polygon", "arcs": [[-5583, 2287, -2550, 2288, -3285, 2289, 2290]], "id": 1384}, {"type": "Polygon", "arcs": [[2291]], "id": 1385}, {"type": "Polygon", "arcs": [[2292, 2293]], "id": 1386}, {"type": "Polygon", "arcs": [[2294]], "id": 1387}, {"type": "Polygon", "arcs": [[2295]], "id": 1388}, {"type": "Polygon", "arcs": [[2296]], "id": 1389}, {"type": "MultiPolygon", "arcs": [[[-3920, 2297]], [[2298]]], "id": 1390}, {"type": "Polygon", "arcs": [[-6315, 2299]], "id": 1391}, {"type": "Polygon", "arcs": [[-2309, 2300]], "id": 1392}, {"type": "Polygon", "arcs": [[-2315, 2301]], "id": 1393}, {"type": "Polygon", "arcs": [[-2311, 2302]], "id": 1394}, {"type": "Polygon", "arcs": [[-2306, 2303]], "id": 1395}, {"type": "Polygon", "arcs": [[2304, -2313]], "id": 1396}, {"type": "Polygon", "arcs": [[2305, 2306, -2319, 2307, 2308, 2309]], "id": 1397}, {"type": "Polygon", "arcs": [[2310, 2311]], "id": 1398}, {"type": "Polygon", "arcs": [[2312, 2313]], "id": 1399}, {"type": "Polygon", "arcs": [[2314, 2315, 2316, 2317, 2318, 2319]], "id": 1400}, {"type": "Polygon", "arcs": [[2320]], "id": 1401}, {"type": "Polygon", "arcs": [[2321, 2322, 2323, 2324]], "id": 1402}, {"type": "Polygon", "arcs": [[2325, 2326, -6473, 2327]], "id": 1403}, {"type": "Polygon", "arcs": [[2328, 2329, 2330, 2331, 2332, 2333, 2334]], "id": 1404}, {"type": "Polygon", "arcs": [[2335]], "id": 1405}, {"type": "Polygon", "arcs": [[2336]], "id": 1406}, {"type": "Polygon", "arcs": [[2337]], "id": 1407}, {"type": "Polygon", "arcs": [[-2797, 2338, 2339]], "id": 1408}, {"type": "Polygon", "arcs": [[2340, 2341]], "id": 1409}, {"type": "Polygon", "arcs": [[-6125, 2342]], "id": 1410}, {"type": "Polygon", "arcs": [[2343, 2344]], "id": 1411}, {"type": "Polygon", "arcs": [[2345]], "id": 1412}, {"type": "Polygon", "arcs": [[-4123, 2346]], "id": 1413}, {"type": "Polygon", "arcs": [[-4119, -2725, 2347]], "id": 1414}, {"type": "Polygon", "arcs": [[2348, -5311, 2349, 2350]], "id": 1415}, {"type": "Polygon", "arcs": [[2351]], "id": 1416}, {"type": "Polygon", "arcs": [[2352, -3743]], "id": 1417}, {"type": "Polygon", "arcs": [[2353]], "id": 1418}, {"type": "Polygon", "arcs": [[-4174, 2354]], "id": 1419}, {"type": "Polygon", "arcs": [[2355, -5356]], "id": 1420}, {"type": "Polygon", "arcs": [[2356, 2357, -3706, 2358]], "id": 1421}, {"type": "Polygon", "arcs": [[2359, 2360]], "id": 1422}, {"type": "Polygon", "arcs": [[2361]], "id": 1423}, {"type": "Polygon", "arcs": [[2362, 2363]], "id": 1424}, {"type": "Polygon", "arcs": [[2364, 2365, 2366]], "id": 1425}, {"type": "Polygon", "arcs": [[2367, 2368, 2369, -5066, 2370, -4170]], "id": 1426}, {"type": "Polygon", "arcs": [[2371, 2372, -4049, 2373]], "id": 1427}, {"type": "Polygon", "arcs": [[2374]], "id": 1428}, {"type": "Polygon", "arcs": [[-5536, 2375, -6375, 2376, -2744]], "id": 1429}, {"type": "Polygon", "arcs": [[-5305, 2377, -5420, 2378]], "id": 1430}, {"type": "Polygon", "arcs": [[-2937, 2379, -2803, 2380, 2381, 2382]], "id": 1431}, {"type": "Polygon", "arcs": [[2383, -5945, 2384, -4018]], "id": 1432}, {"type": "Polygon", "arcs": [[2385, 2386, -6318, -4017]], "id": 1433}, {"type": "Polygon", "arcs": [[2387]], "id": 1434}, {"type": "Polygon", "arcs": [[2388, 2389, 2390, 2391, 2392, 2393, 2394, 2395, 2396, 2397]], "id": 1435}, {"type": "Polygon", "arcs": [[-3296, 2398]], "id": 1436}, {"type": "Polygon", "arcs": [[2399]], "id": 1437}, {"type": "Polygon", "arcs": [[2400, 2401]], "id": 1438}, {"type": "Polygon", "arcs": [[2402]], "id": 1439}, {"type": "Polygon", "arcs": [[2403]], "id": 1440}, {"type": "Polygon", "arcs": [[2404, -3724, 2405, -5634, 2406, -5636]], "id": 1441}, {"type": "Polygon", "arcs": [[2407]], "id": 1442}, {"type": "Polygon", "arcs": [[-4225, 2408]], "id": 1443}, {"type": "Polygon", "arcs": [[2409, -6471]], "id": 1444}, {"type": "Polygon", "arcs": [[-4504, 2410]], "id": 1445}, {"type": "Polygon", "arcs": [[2411, -5608, -4371, -4998, -3766]], "id": 1446}, {"type": "Polygon", "arcs": [[-3720, 2412]], "id": 1447}, {"type": "Polygon", "arcs": [[2413]], "id": 1448}, {"type": "Polygon", "arcs": [[2414]], "id": 1449}, {"type": "Polygon", "arcs": [[2415]], "id": 1450}, {"type": "Polygon", "arcs": [[2416]], "id": 1451}, {"type": "Polygon", "arcs": [[2417, 2418]], "id": 1452}, {"type": "Polygon", "arcs": [[2419, 2420, 2421, 2422]], "id": 1453}, {"type": "Polygon", "arcs": [[-3204, 2423]], "id": 1454}, {"type": "Polygon", "arcs": [[-4121, 2424]], "id": 1455}, {"type": "Polygon", "arcs": [[2425]], "id": 1456}, {"type": "Polygon", "arcs": [[-6383, 2426, -6385, 2427], [6383]], "id": 1457}, {"type": "Polygon", "arcs": [[2428, 2429]], "id": 1458}, {"type": "Polygon", "arcs": [[2430, 2431, 2432, 2433]], "id": 1459}, {"type": "Polygon", "arcs": [[2434]], "id": 1460}, {"type": "Polygon", "arcs": [[2435]], "id": 1461}, {"type": "Polygon", "arcs": [[2436]], "id": 1462}, {"type": "Polygon", "arcs": [[2437]], "id": 1463}, {"type": "Polygon", "arcs": [[2438, 2439]], "id": 1464}, {"type": "Polygon", "arcs": [[-4847, 2440]], "id": 1465}, {"type": "Polygon", "arcs": [[-3853, 2441]], "id": 1466}, {"type": "Polygon", "arcs": [[2442]], "id": 1467}, {"type": "Polygon", "arcs": [[2443, -4033, 2444, -3900]], "id": 1468}, {"type": "Polygon", "arcs": [[2445]], "id": 1469}, {"type": "Polygon", "arcs": [[2446, 2447]], "id": 1470}, {"type": "Polygon", "arcs": [[-5037, 2448]], "id": 1471}, {"type": "Polygon", "arcs": [[2449, -2856]], "id": 1472}, {"type": "Polygon", "arcs": [[2450, 2451]], "id": 1473}, {"type": "Polygon", "arcs": [[-2776, 2452, 2453]], "id": 1474}, {"type": "Polygon", "arcs": [[-4490, -4892, 2454]], "id": 1475}, {"type": "Polygon", "arcs": [[-4275, 2455]], "id": 1476}, {"type": "Polygon", "arcs": [[2456, 2457]], "id": 1477}, {"type": "Polygon", "arcs": [[2458]], "id": 1478}, {"type": "Polygon", "arcs": [[2459]], "id": 1479}, {"type": "Polygon", "arcs": [[2460]], "id": 1480}, {"type": "Polygon", "arcs": [[2461]], "id": 1481}, {"type": "Polygon", "arcs": [[-3405, 2462, -3132, 2463, 2464, 2465]], "id": 1482}, {"type": "Polygon", "arcs": [[2466]], "id": 1483}, {"type": "Polygon", "arcs": [[2467, 2468, -5192, 2469]], "id": 1484}, {"type": "Polygon", "arcs": [[2470, 2471]], "id": 1485}, {"type": "Polygon", "arcs": [[2472]], "id": 1486}, {"type": "Polygon", "arcs": [[2473, 2474, -5511, 2475]], "id": 1487}, {"type": "Polygon", "arcs": [[2476]], "id": 1488}, {"type": "Polygon", "arcs": [[2477]], "id": 1489}, {"type": "Polygon", "arcs": [[2478]], "id": 1490}, {"type": "Polygon", "arcs": [[2479, 2480]], "id": 1491}, {"type": "Polygon", "arcs": [[2481, 2482]], "id": 1492}, {"type": "Polygon", "arcs": [[2483]], "id": 1493}, {"type": "Polygon", "arcs": [[-2569, 2484, 2485, 2486]], "id": 1494}, {"type": "Polygon", "arcs": [[-4350, -5302, 2487]], "id": 1495}, {"type": "Polygon", "arcs": [[-5403, 2488, -5281, 2489, 2490, 2491, -3514, 2492]], "id": 1496}, {"type": "Polygon", "arcs": [[2493, 2494, 2495, 2496]], "id": 1497}, {"type": "Polygon", "arcs": [[2497, -6093, -5000]], "id": 1498}, {"type": "Polygon", "arcs": [[-5913, 2498, 2499, -6050, 2500]], "id": 1499}, {"type": "Polygon", "arcs": [[2501]], "id": 1500}, {"type": "Polygon", "arcs": [[2502]], "id": 1501}, {"type": "Polygon", "arcs": [[2503]], "id": 1502}, {"type": "Polygon", "arcs": [[2504]], "id": 1503}, {"type": "Polygon", "arcs": [[2505]], "id": 1504}, {"type": "Polygon", "arcs": [[-2905, -5976, -3102, 2506, 2507]], "id": 1505}, {"type": "Polygon", "arcs": [[2508, 2509]], "id": 1506}, {"type": "Polygon", "arcs": [[2510, 2511]], "id": 1507}, {"type": "Polygon", "arcs": [[2512, 2513, -3845, 2514, 2515]], "id": 1508}, {"type": "Polygon", "arcs": [[2516, -5559]], "id": 1509}, {"type": "Polygon", "arcs": [[2517, 2518]], "id": 1510}, {"type": "MultiPolygon", "arcs": [[[2519]], [[2520]], [[2521, -3072, 2522, -3797, 2523, -3795, 2524, 2525, 2526, -3258, 2527, 2528, -2750, -3069, 2529, -3067]], [[2530]]], "id": 1511}, {"type": "Polygon", "arcs": [[2531]], "id": 1512}, {"type": "Polygon", "arcs": [[-6161, 2532]], "id": 1513}, {"type": "Polygon", "arcs": [[2533, 2534, 2535]], "id": 1514}, {"type": "Polygon", "arcs": [[2536, -3580]], "id": 1515}, {"type": "Polygon", "arcs": [[2537, 2538]], "id": 1516}, {"type": "Polygon", "arcs": [[2539]], "id": 1517}, {"type": "Polygon", "arcs": [[2540, 2541]], "id": 1518}, {"type": "Polygon", "arcs": [[2542]], "id": 1519}, {"type": "Polygon", "arcs": [[2543, 2544, 2545, 2546, 2547]], "id": 1520}, {"type": "Polygon", "arcs": [[2548]], "id": 1521}, {"type": "Polygon", "arcs": [[2549, 2550, -2597, 2551, 2552, 2553, -5092, 2554, -3287, 2555]], "id": 1522}, {"type": "Polygon", "arcs": [[2556, 2557, 2558]], "id": 1523}, {"type": "Polygon", "arcs": [[2559, 2560, 2561, 2562]], "id": 1524}, {"type": "Polygon", "arcs": [[2563, -6459, 2564]], "id": 1525}, {"type": "Polygon", "arcs": [[2565]], "id": 1526}, {"type": "Polygon", "arcs": [[2566, 2567]], "id": 1527}, {"type": "Polygon", "arcs": [[2568, 2569, 2570, 2571, 2572, 2573, 2574, 2575]], "id": 1528}, {"type": "Polygon", "arcs": [[-3735, 2576]], "id": 1529}, {"type": "Polygon", "arcs": [[-5657, 2577, -4934, 2578, -5674]], "id": 1530}, {"type": "Polygon", "arcs": [[2579]], "id": 1531}, {"type": "Polygon", "arcs": [[2580]], "id": 1532}, {"type": "Polygon", "arcs": [[2581]], "id": 1533}, {"type": "Polygon", "arcs": [[2582, 2583]], "id": 1534}, {"type": "Polygon", "arcs": [[-3456, 2584, 2585, 2586]], "id": 1535}, {"type": "Polygon", "arcs": [[2587, -2979, 2588, 2589, -4840]], "id": 1536}, {"type": "Polygon", "arcs": [[2590]], "id": 1537}, {"type": "Polygon", "arcs": [[2591]], "id": 1538}, {"type": "Polygon", "arcs": [[-6152, 2592]], "id": 1539}, {"type": "Polygon", "arcs": [[-5505, 2593, -3321, 2594]], "id": 1540}, {"type": "Polygon", "arcs": [[2595, 2596, 2597, 2598]], "id": 1541}, {"type": "Polygon", "arcs": [[2599]], "id": 1542}, {"type": "Polygon", "arcs": [[2600]], "id": 1543}, {"type": "Polygon", "arcs": [[2601, 2602, 2603, 2604, 2605, -3057]], "id": 1544}, {"type": "Polygon", "arcs": [[2606, 2607, -5416, 2608]], "id": 1545}, {"type": "Polygon", "arcs": [[2609]], "id": 1546}, {"type": "Polygon", "arcs": [[2610, 2611]], "id": 1547}, {"type": "Polygon", "arcs": [[2612, 2613]], "id": 1548}, {"type": "Polygon", "arcs": [[2614]], "id": 1549}, {"type": "Polygon", "arcs": [[2615]], "id": 1550}, {"type": "Polygon", "arcs": [[-3732, 2616, -5521, 2617, -5568, 2618]], "id": 1551}, {"type": "Polygon", "arcs": [[2619, -6064]], "id": 1552}, {"type": "Polygon", "arcs": [[2620]], "id": 1553}, {"type": "Polygon", "arcs": [[-5804, 2621]], "id": 1554}, {"type": "Polygon", "arcs": [[2622, -5477]], "id": 1555}, {"type": "Polygon", "arcs": [[-2904, 2623, -5721, -5972]], "id": 1556}, {"type": "Polygon", "arcs": [[2624, 2625]], "id": 1557}, {"type": "Polygon", "arcs": [[2626, 2627, 2628, -4906, -3785]], "id": 1558}, {"type": "Polygon", "arcs": [[-3718, 2629, -3829, 2630]], "id": 1559}, {"type": "Polygon", "arcs": [[2631]], "id": 1560}, {"type": "Polygon", "arcs": [[2632]], "id": 1561}, {"type": "Polygon", "arcs": [[2633]], "id": 1562}, {"type": "Polygon", "arcs": [[2634, -5764, 2635]], "id": 1563}, {"type": "Polygon", "arcs": [[2636]], "id": 1564}, {"type": "Polygon", "arcs": [[2637, -6132]], "id": 1565}, {"type": "Polygon", "arcs": [[2638]], "id": 1566}, {"type": "Polygon", "arcs": [[2639]], "id": 1567}, {"type": "Polygon", "arcs": [[2640]], "id": 1568}, {"type": "Polygon", "arcs": [[2641, 2642, 2643, 2644]], "id": 1569}, {"type": "Polygon", "arcs": [[2645]], "id": 1570}, {"type": "Polygon", "arcs": [[2646]], "id": 1571}, {"type": "Polygon", "arcs": [[2647]], "id": 1572}, {"type": "Polygon", "arcs": [[2648]], "id": 1573}, {"type": "Polygon", "arcs": [[2649]], "id": 1574}, {"type": "Polygon", "arcs": [[2650]], "id": 1575}, {"type": "Polygon", "arcs": [[2651]], "id": 1576}, {"type": "Polygon", "arcs": [[2652]], "id": 1577}, {"type": "Polygon", "arcs": [[-5215, 2653, -5256, 2654]], "id": 1578}, {"type": "Polygon", "arcs": [[2655, -5545, 2656, -6077]], "id": 1579}, {"type": "Polygon", "arcs": [[-5389, 2657]], "id": 1580}, {"type": "Polygon", "arcs": [[-5986, 2658, -3962, 2659, 2660, -3916]], "id": 1581}, {"type": "Polygon", "arcs": [[2661, 2662, 2663, -4908]], "id": 1582}, {"type": "Polygon", "arcs": [[2664]], "id": 1583}, {"type": "Polygon", "arcs": [[2665, 2666]], "id": 1584}, {"type": "Polygon", "arcs": [[-6214, 2667, 2668]], "id": 1585}, {"type": "Polygon", "arcs": [[2669]], "id": 1586}, {"type": "Polygon", "arcs": [[2670]], "id": 1587}, {"type": "Polygon", "arcs": [[2671]], "id": 1588}, {"type": "Polygon", "arcs": [[2672]], "id": 1589}, {"type": "Polygon", "arcs": [[2673, 2674]], "id": 1590}, {"type": "Polygon", "arcs": [[2675, 2676]], "id": 1591}, {"type": "Polygon", "arcs": [[2677]], "id": 1592}, {"type": "Polygon", "arcs": [[-3060, 2678]], "id": 1593}, {"type": "Polygon", "arcs": [[2679]], "id": 1594}, {"type": "Polygon", "arcs": [[2680, 2681, 2682, 2683]], "id": 1595}, {"type": "Polygon", "arcs": [[-6048, 2684, 2685, 2686]], "id": 1596}, {"type": "Polygon", "arcs": [[2687, -4057]], "id": 1597}, {"type": "Polygon", "arcs": [[2688]], "id": 1598}, {"type": "Polygon", "arcs": [[2689, 2690]], "id": 1599}, {"type": "Polygon", "arcs": [[-4291, 2691]], "id": 1600}, {"type": "Polygon", "arcs": [[-4771, 2692, -6234, 2693]], "id": 1601}, {"type": "Polygon", "arcs": [[2694], [2695, 2696]], "id": 1602}, {"type": "Polygon", "arcs": [[2697]], "id": 1603}, {"type": "Polygon", "arcs": [[-2968, 2698]], "id": 1604}, {"type": "Polygon", "arcs": [[2699]], "id": 1605}, {"type": "Polygon", "arcs": [[-4304, 2700]], "id": 1606}, {"type": "Polygon", "arcs": [[2701, 2702, 2703, 2704, -3166]], "id": 1607}, {"type": "Polygon", "arcs": [[2705, 2706, 2707, -6028]], "id": 1608}, {"type": "Polygon", "arcs": [[2708, 2709]], "id": 1609}, {"type": "Polygon", "arcs": [[2710, -3466, 2711, -3500]], "id": 1610}, {"type": "Polygon", "arcs": [[2712]], "id": 1611}, {"type": "Polygon", "arcs": [[-2999, 2713]], "id": 1612}, {"type": "MultiPolygon", "arcs": [[[2714]], [[5700]]], "id": 1613}, {"type": "Polygon", "arcs": [[-3313, -2883, 2715]], "id": 1614}, {"type": "Polygon", "arcs": [[2716, 2717]], "id": 1615}, {"type": "Polygon", "arcs": [[2718]], "id": 1616}, {"type": "Polygon", "arcs": [[-3529, 2719]], "id": 1617}, {"type": "Polygon", "arcs": [[2720, 2721]], "id": 1618}, {"type": "Polygon", "arcs": [[2722, 2723]], "id": 1619}, {"type": "Polygon", "arcs": [[2724, -3219, 2725]], "id": 1620}, {"type": "Polygon", "arcs": [[2726]], "id": 1621}, {"type": "Polygon", "arcs": [[2727, 2728, -5369, 2729, -3955, 2730]], "id": 1622}, {"type": "Polygon", "arcs": [[2731, 2732]], "id": 1623}, {"type": "Polygon", "arcs": [[2733]], "id": 1624}, {"type": "Polygon", "arcs": [[2734, 2735]], "id": 1625}, {"type": "Polygon", "arcs": [[-5470, 2736]], "id": 1626}, {"type": "Polygon", "arcs": [[2737, 2738]], "id": 1627}, {"type": "Polygon", "arcs": [[2739, -3223, 2740, -3473]], "id": 1628}, {"type": "Polygon", "arcs": [[2741, -3647, 2742, 2743]], "id": 1629}, {"type": "Polygon", "arcs": [[2744]], "id": 1630}, {"type": "Polygon", "arcs": [[-4483, 2745]], "id": 1631}, {"type": "Polygon", "arcs": [[2746, -3631, 2747, -2898, 2748, -3070, 2749, 2750, 2751, 2752, 2753, -4423, 2754, -4426, 2755, -3633]], "id": 1632}, {"type": "Polygon", "arcs": [[2756, 2757]], "id": 1633}, {"type": "Polygon", "arcs": [[-6339, 2758]], "id": 1634}, {"type": "Polygon", "arcs": [[-3319, 2759]], "id": 1635}, {"type": "Polygon", "arcs": [[2760, -5995]], "id": 1636}, {"type": "Polygon", "arcs": [[-6008, 2761, -4774, 2762]], "id": 1637}, {"type": "Polygon", "arcs": [[2763, 2764, 2765, 2766, 2767]], "id": 1638}, {"type": "Polygon", "arcs": [[2768, 2769, 2770, -5001]], "id": 1639}, {"type": "Polygon", "arcs": [[2771]], "id": 1640}, {"type": "Polygon", "arcs": [[-3374, 2772]], "id": 1641}, {"type": "Polygon", "arcs": [[2773]], "id": 1642}, {"type": "Polygon", "arcs": [[2774]], "id": 1643}, {"type": "Polygon", "arcs": [[2775, 2776, 2777, 2778, 2779]], "id": 1644}, {"type": "Polygon", "arcs": [[-6404, 2780]], "id": 1645}, {"type": "Polygon", "arcs": [[2781]], "id": 1646}, {"type": "Polygon", "arcs": [[2782, 2783, 2784]], "id": 1647}, {"type": "Polygon", "arcs": [[2785, 2786]], "id": 1648}, {"type": "Polygon", "arcs": [[2787]], "id": 1649}, {"type": "Polygon", "arcs": [[2788, -4596, 2789]], "id": 1650}, {"type": "Polygon", "arcs": [[-5128, 2790, 2791, 2792, 2793]], "id": 1651}, {"type": "Polygon", "arcs": [[2794, 2795]], "id": 1652}, {"type": "Polygon", "arcs": [[2796, 2797]], "id": 1653}, {"type": "Polygon", "arcs": [[2798, -3326, 2799, -6002, 2800]], "id": 1654}, {"type": "Polygon", "arcs": [[2801, 2802, 2803, 2804]], "id": 1655}, {"type": "Polygon", "arcs": [[2805]], "id": 1656}, {"type": "Polygon", "arcs": [[2806, -4893, -4489, -4969]], "id": 1657}, {"type": "Polygon", "arcs": [[-4236, -6157, 2807]], "id": 1658}, {"type": "Polygon", "arcs": [[2808]], "id": 1659}, {"type": "Polygon", "arcs": [[2809, -5748]], "id": 1660}, {"type": "Polygon", "arcs": [[2810, 2811, 2812]], "id": 1661}, {"type": "Polygon", "arcs": [[2813]], "id": 1662}, {"type": "Polygon", "arcs": [[2814]], "id": 1663}, {"type": "Polygon", "arcs": [[2815, 2816, 2817, 2818, 2819, 2820]], "id": 1664}, {"type": "Polygon", "arcs": [[-6415, 2821]], "id": 1665}, {"type": "Polygon", "arcs": [[-5487, 2822]], "id": 1666}, {"type": "Polygon", "arcs": [[2823]], "id": 1667}, {"type": "Polygon", "arcs": [[-5980, 2824, -3088, 2825]], "id": 1668}, {"type": "Polygon", "arcs": [[2826]], "id": 1669}, {"type": "Polygon", "arcs": [[-6452, 2827, 2828, 2829]], "id": 1670}, {"type": "Polygon", "arcs": [[-4155, 2830]], "id": 1671}, {"type": "Polygon", "arcs": [[2831]], "id": 1672}, {"type": "Polygon", "arcs": [[2832]], "id": 1673}, {"type": "Polygon", "arcs": [[2833]], "id": 1674}, {"type": "Polygon", "arcs": [[-4152, 2834]], "id": 1675}, {"type": "Polygon", "arcs": [[-6197, 2835, -4081, 2836, 2837, 2838]], "id": 1676}, {"type": "Polygon", "arcs": [[2839]], "id": 1677}, {"type": "Polygon", "arcs": [[-4785, 2840, 2841, 2842]], "id": 1678}, {"type": "Polygon", "arcs": [[2843, 2844]], "id": 1679}, {"type": "Polygon", "arcs": [[2845], [3808, 2846]], "id": 1680}, {"type": "Polygon", "arcs": [[2847, 2848, 2849, -5498]], "id": 1681}, {"type": "Polygon", "arcs": [[-6171, 2850, 2851, 2852, 2853]], "id": 1682}, {"type": "Polygon", "arcs": [[2854, 2855, 2856, -4200]], "id": 1683}, {"type": "Polygon", "arcs": [[2857]], "id": 1684}, {"type": "Polygon", "arcs": [[2858]], "id": 1685}, {"type": "Polygon", "arcs": [[2859]], "id": 1686}, {"type": "Polygon", "arcs": [[2860]], "id": 1687}, {"type": "Polygon", "arcs": [[2861]], "id": 1688}, {"type": "Polygon", "arcs": [[-4578, 2862, -4582, 2863, 2864]], "id": 1689}, {"type": "Polygon", "arcs": [[2865]], "id": 1690}, {"type": "Polygon", "arcs": [[-5119, 2866, -3460, -4180, 2867]], "id": 1691}, {"type": "Polygon", "arcs": [[2868, 2869]], "id": 1692}, {"type": "Polygon", "arcs": [[-5663, 2870, -4004, 2871]], "id": 1693}, {"type": "Polygon", "arcs": [[2872]], "id": 1694}, {"type": "Polygon", "arcs": [[2873, 2874]], "id": 1695}, {"type": "Polygon", "arcs": [[-5548, 2875, 2876, 2877]], "id": 1696}, {"type": "Polygon", "arcs": [[-4470, 2878]], "id": 1697}, {"type": "Polygon", "arcs": [[2879, 2880, 2881, 2882, 2883]], "id": 1698}, {"type": "Polygon", "arcs": [[-6018, 2884, 2885, -4624, 2886]], "id": 1699}, {"type": "Polygon", "arcs": [[2887, -5801]], "id": 1700}, {"type": "Polygon", "arcs": [[2888, -4976, 2889, 2890]], "id": 1701}, {"type": "Polygon", "arcs": [[2891], [2892, 2893]], "id": 1702}, {"type": "Polygon", "arcs": [[-4537, 2894], [2895], [2896]], "id": 1703}, {"type": "Polygon", "arcs": [[2897, 2898]], "id": 1704}, {"type": "Polygon", "arcs": [[2899, -4653, 2900, -3910]], "id": 1705}, {"type": "Polygon", "arcs": [[2901]], "id": 1706}, {"type": "Polygon", "arcs": [[2902]], "id": 1707}, {"type": "Polygon", "arcs": [[2903, 2904, 2905]], "id": 1708}, {"type": "Polygon", "arcs": [[-6150, 2906, -5135, 2907]], "id": 1709}, {"type": "Polygon", "arcs": [[2908]], "id": 1710}, {"type": "Polygon", "arcs": [[2909]], "id": 1711}, {"type": "Polygon", "arcs": [[2910, 2911, 2912, 2913, 2914, -5132]], "id": 1712}, {"type": "Polygon", "arcs": [[-3754, 2915, 2916, 2917]], "id": 1713}, {"type": "Polygon", "arcs": [[2918, 2919]], "id": 1714}, {"type": "Polygon", "arcs": [[2920]], "id": 1715}, {"type": "Polygon", "arcs": [[2921]], "id": 1716}, {"type": "Polygon", "arcs": [[-3521, 2922]], "id": 1717}, {"type": "Polygon", "arcs": [[2923, 2924, 2925, -3013, 2926]], "id": 1718}, {"type": "Polygon", "arcs": [[2927, 2928]], "id": 1719}, {"type": "Polygon", "arcs": [[2929]], "id": 1720}, {"type": "Polygon", "arcs": [[2930, 2931, -3392, 2932]], "id": 1721}, {"type": "Polygon", "arcs": [[2933]], "id": 1722}, {"type": "Polygon", "arcs": [[2934, 2935, 2936, 2937, 2938, 2939]], "id": 1723}, {"type": "Polygon", "arcs": [[-6259, 2940, 2941]], "id": 1724}, {"type": "Polygon", "arcs": [[2942]], "id": 1725}, {"type": "Polygon", "arcs": [[2943]], "id": 1726}, {"type": "Polygon", "arcs": [[2944]], "id": 1727}, {"type": "Polygon", "arcs": [[2945]], "id": 1728}, {"type": "Polygon", "arcs": [[2946]], "id": 1729}, {"type": "Polygon", "arcs": [[2947, -3419, 2948, 2949]], "id": 1730}, {"type": "Polygon", "arcs": [[2950, 2951, 2952, 2953, 2954, -3995]], "id": 1731}, {"type": "Polygon", "arcs": [[2955]], "id": 1732}, {"type": "Polygon", "arcs": [[2956]], "id": 1733}, {"type": "Polygon", "arcs": [[2957]], "id": 1734}, {"type": "Polygon", "arcs": [[2958, 2959]], "id": 1735}, {"type": "Polygon", "arcs": [[2960]], "id": 1736}, {"type": "Polygon", "arcs": [[-5106, 2961]], "id": 1737}, {"type": "Polygon", "arcs": [[2962]], "id": 1738}, {"type": "Polygon", "arcs": [[2963]], "id": 1739}, {"type": "Polygon", "arcs": [[2964, 2965, 2966, -4112]], "id": 1740}, {"type": "Polygon", "arcs": [[2967, 2968]], "id": 1741}, {"type": "Polygon", "arcs": [[2969]], "id": 1742}, {"type": "Polygon", "arcs": [[-3225, 2970, 2971]], "id": 1743}, {"type": "Polygon", "arcs": [[2972, 2973, -3423, 2974]], "id": 1744}, {"type": "Polygon", "arcs": [[2975]], "id": 1745}, {"type": "Polygon", "arcs": [[2976]], "id": 1746}, {"type": "Polygon", "arcs": [[2977]], "id": 1747}, {"type": "Polygon", "arcs": [[2978, 2979, 2980]], "id": 1748}, {"type": "Polygon", "arcs": [[2981, 2982]], "id": 1749}, {"type": "Polygon", "arcs": [[-6254, 2983, -4280, 2984]], "id": 1750}, {"type": "Polygon", "arcs": [[-6237, -5854, -6239, -2990, 2985]], "id": 1751}, {"type": "Polygon", "arcs": [[2986, 2987, 2988]], "id": 1752}, {"type": "Polygon", "arcs": [[2989, 2990]], "id": 1753}, {"type": "Polygon", "arcs": [[2991]], "id": 1754}, {"type": "Polygon", "arcs": [[2992, -5342, 2993, 2994]], "id": 1755}, {"type": "Polygon", "arcs": [[2995, 2996]], "id": 1756}, {"type": "Polygon", "arcs": [[-5850, 2997, 2998, 2999]], "id": 1757}, {"type": "Polygon", "arcs": [[-4569, 3000, 3001, -4733, -4102, 3002, 3003]], "id": 1758}, {"type": "Polygon", "arcs": [[-3359, 3004, 3005, 3006, 3007, 3008, 3009, 3010]], "id": 1759}, {"type": "Polygon", "arcs": [[-4252, 3011]], "id": 1760}, {"type": "Polygon", "arcs": [[3012, 3013, 3014]], "id": 1761}, {"type": "Polygon", "arcs": [[3015, 3016]], "id": 1762}, {"type": "Polygon", "arcs": [[3017]], "id": 1763}, {"type": "Polygon", "arcs": [[3018]], "id": 1764}, {"type": "Polygon", "arcs": [[3019, 3020]], "id": 1765}, {"type": "Polygon", "arcs": [[3021]], "id": 1766}, {"type": "Polygon", "arcs": [[3022, 3023, -5394]], "id": 1767}, {"type": "Polygon", "arcs": [[3024]], "id": 1768}, {"type": "Polygon", "arcs": [[3025]], "id": 1769}, {"type": "Polygon", "arcs": [[3026, -4183, 3027, -3705, 3028, -4755]], "id": 1770}, {"type": "Polygon", "arcs": [[3029]], "id": 1771}, {"type": "Polygon", "arcs": [[3030, 3031]], "id": 1772}, {"type": "Polygon", "arcs": [[3032]], "id": 1773}, {"type": "Polygon", "arcs": [[3033]], "id": 1774}, {"type": "Polygon", "arcs": [[3034]], "id": 1775}, {"type": "Polygon", "arcs": [[3035, 3036]], "id": 1776}, {"type": "Polygon", "arcs": [[3037]], "id": 1777}, {"type": "Polygon", "arcs": [[3038]], "id": 1778}, {"type": "Polygon", "arcs": [[3039]], "id": 1779}, {"type": "Polygon", "arcs": [[-5049, 3040]], "id": 1780}, {"type": "Polygon", "arcs": [[-5639, 3041, 3042]], "id": 1781}, {"type": "Polygon", "arcs": [[3043]], "id": 1782}, {"type": "Polygon", "arcs": [[3044]], "id": 1783}, {"type": "Polygon", "arcs": [[3045]], "id": 1784}, {"type": "Polygon", "arcs": [[3046, -5012]], "id": 1785}, {"type": "Polygon", "arcs": [[3047]], "id": 1786}, {"type": "Polygon", "arcs": [[3048, 3049, 3050, 3051]], "id": 1787}, {"type": "Polygon", "arcs": [[3052]], "id": 1788}, {"type": "Polygon", "arcs": [[3053]], "id": 1789}, {"type": "Polygon", "arcs": [[-5027, -3282, 3054]], "id": 1790}, {"type": "Polygon", "arcs": [[3055]], "id": 1791}, {"type": "Polygon", "arcs": [[3056, 3057, -4942, 3058]], "id": 1792}, {"type": "Polygon", "arcs": [[3059, 3060]], "id": 1793}, {"type": "Polygon", "arcs": [[3061]], "id": 1794}, {"type": "Polygon", "arcs": [[3062]], "id": 1795}, {"type": "Polygon", "arcs": [[3063]], "id": 1796}, {"type": "Polygon", "arcs": [[3064]], "id": 1797}, {"type": "MultiPolygon", "arcs": [[[3065]], [[3066, 3067, 3068, 3069, 3070, 3071, 3072]], [[3073]]], "id": 1798}, {"type": "Polygon", "arcs": [[-5351, 3074, 3075, 3076]], "id": 1799}, {"type": "Polygon", "arcs": [[3077, 3078, 3079, 3080, 3081, 3082]], "id": 1800}, {"type": "Polygon", "arcs": [[-6177, 3083, -4265, 3084]], "id": 1801}, {"type": "Polygon", "arcs": [[3085]], "id": 1802}, {"type": "Polygon", "arcs": [[3086, 3087]], "id": 1803}, {"type": "Polygon", "arcs": [[3088]], "id": 1804}, {"type": "Polygon", "arcs": [[3089, -4481, 3090, 3091]], "id": 1805}, {"type": "Polygon", "arcs": [[-3936, 3092]], "id": 1806}, {"type": "MultiPolygon", "arcs": [[[3093, 3094]], [[3095, -3203, 3096, -4697, 3097, 3098]]], "id": 1807}, {"type": "Polygon", "arcs": [[3099, 3100, 3101, -5975, -4580, 3102]], "id": 1808}, {"type": "Polygon", "arcs": [[-5852, 3103]], "id": 1809}, {"type": "Polygon", "arcs": [[3104, 3105]], "id": 1810}, {"type": "Polygon", "arcs": [[3106]], "id": 1811}, {"type": "Polygon", "arcs": [[-4128, 3107]], "id": 1812}, {"type": "Polygon", "arcs": [[-5098, 3108, 3109, 3110]], "id": 1813}, {"type": "Polygon", "arcs": [[3111]], "id": 1814}, {"type": "Polygon", "arcs": [[3112, 3113, 3114]], "id": 1815}, {"type": "Polygon", "arcs": [[3115]], "id": 1816}, {"type": "Polygon", "arcs": [[3116]], "id": 1817}, {"type": "Polygon", "arcs": [[3117]], "id": 1818}, {"type": "Polygon", "arcs": [[3118]], "id": 1819}, {"type": "Polygon", "arcs": [[3119]], "id": 1820}, {"type": "Polygon", "arcs": [[-4203, 3120]], "id": 1821}, {"type": "Polygon", "arcs": [[-5398, 3121, -4924, 3122]], "id": 1822}, {"type": "Polygon", "arcs": [[3123, 3124]], "id": 1823}, {"type": "Polygon", "arcs": [[3125, -4872]], "id": 1824}, {"type": "Polygon", "arcs": [[-3662, -4272, 3126]], "id": 1825}, {"type": "Polygon", "arcs": [[-3213, 3127]], "id": 1826}, {"type": "Polygon", "arcs": [[3128, 3129, 3130, 3131, 3132, -4194, 3133, -3387, 3134, -4324]], "id": 1827}, {"type": "Polygon", "arcs": [[3135]], "id": 1828}, {"type": "Polygon", "arcs": [[-6344, 3136]], "id": 1829}, {"type": "Polygon", "arcs": [[3137]], "id": 1830}, {"type": "Polygon", "arcs": [[-4216, -6325, 3138]], "id": 1831}, {"type": "Polygon", "arcs": [[3139]], "id": 1832}, {"type": "Polygon", "arcs": [[-5600, 3140, 3141, 3142]], "id": 1833}, {"type": "Polygon", "arcs": [[3143]], "id": 1834}, {"type": "Polygon", "arcs": [[3144, -4602, 3145, 3146]], "id": 1835}, {"type": "Polygon", "arcs": [[3147, 3148, 3149, -6399]], "id": 1836}, {"type": "Polygon", "arcs": [[-5017, -6121, 3150]], "id": 1837}, {"type": "Polygon", "arcs": [[3151, 3152, 3153, 3154]], "id": 1838}, {"type": "Polygon", "arcs": [[3155, -4282, 3156, -4757, 3157]], "id": 1839}, {"type": "Polygon", "arcs": [[-3584, 3158, -3396, 3159, -4781, 3160, 3161, 3162, 3163]], "id": 1840}, {"type": "Polygon", "arcs": [[3164, 3165, 3166, 3167, 3168]], "id": 1841}, {"type": "Polygon", "arcs": [[3169, -6141, 3170, 3171, 3172]], "id": 1842}, {"type": "Polygon", "arcs": [[-5733, 3173]], "id": 1843}, {"type": "Polygon", "arcs": [[-4095, 3174, 3175]], "id": 1844}, {"type": "Polygon", "arcs": [[3176]], "id": 1845}, {"type": "Polygon", "arcs": [[3177, 3178, -4979, 3179, -3883, 3180, 3181, 3182, -5831]], "id": 1846}, {"type": "Polygon", "arcs": [[3183]], "id": 1847}, {"type": "Polygon", "arcs": [[-5154, -5988, 3184]], "id": 1848}, {"type": "Polygon", "arcs": [[3185]], "id": 1849}, {"type": "Polygon", "arcs": [[3186]], "id": 1850}, {"type": "Polygon", "arcs": [[3187]], "id": 1851}, {"type": "Polygon", "arcs": [[3188, 3189]], "id": 1852}, {"type": "Polygon", "arcs": [[-3575, 3190, 3191]], "id": 1853}, {"type": "Polygon", "arcs": [[3192]], "id": 1854}, {"type": "Polygon", "arcs": [[3193, 3194]], "id": 1855}, {"type": "Polygon", "arcs": [[3195, -5325, 3196]], "id": 1856}, {"type": "Polygon", "arcs": [[3197]], "id": 1857}, {"type": "Polygon", "arcs": [[-6062, 3198, 3199, 3200]], "id": 1858}, {"type": "Polygon", "arcs": [[3201, 3202]], "id": 1859}, {"type": "Polygon", "arcs": [[3203, 3204]], "id": 1860}, {"type": "Polygon", "arcs": [[3205, -5647, 3206, -3357, 3207, 3208]], "id": 1861}, {"type": "Polygon", "arcs": [[3209, 3210]], "id": 1862}, {"type": "Polygon", "arcs": [[3211]], "id": 1863}, {"type": "Polygon", "arcs": [[3212, 3213, 3214, -3877, 3215, 3216, 3217]], "id": 1864}, {"type": "Polygon", "arcs": [[3218, -4118, 3219]], "id": 1865}, {"type": "Polygon", "arcs": [[3220, -5118, 3221, 3222]], "id": 1866}, {"type": "Polygon", "arcs": [[3223, 3224, 3225]], "id": 1867}, {"type": "Polygon", "arcs": [[3226]], "id": 1868}, {"type": "Polygon", "arcs": [[3227, 3228]], "id": 1869}, {"type": "Polygon", "arcs": [[3229, 3230]], "id": 1870}, {"type": "Polygon", "arcs": [[3231]], "id": 1871}, {"type": "Polygon", "arcs": [[3232, -3623]], "id": 1872}, {"type": "Polygon", "arcs": [[-3438, 3233]], "id": 1873}, {"type": "Polygon", "arcs": [[3234, 3235, 3236, -4367]], "id": 1874}, {"type": "Polygon", "arcs": [[3237]], "id": 1875}, {"type": "Polygon", "arcs": [[3238, 3239, -4806, 3240]], "id": 1876}, {"type": "Polygon", "arcs": [[3241, 3242, 3243]], "id": 1877}, {"type": "Polygon", "arcs": [[3244, 3245, 3246, -6072]], "id": 1878}, {"type": "Polygon", "arcs": [[3247]], "id": 1879}, {"type": "Polygon", "arcs": [[3248]], "id": 1880}, {"type": "Polygon", "arcs": [[3249, 3250, 3251, 3252, -5785, 3253, 3254, 3255, 3256, 3257, 3258]], "id": 1881}, {"type": "Polygon", "arcs": [[3259, 3260]], "id": 1882}, {"type": "Polygon", "arcs": [[3261, -4557, 3262, 3263]], "id": 1883}, {"type": "Polygon", "arcs": [[3264]], "id": 1884}, {"type": "Polygon", "arcs": [[3265]], "id": 1885}, {"type": "Polygon", "arcs": [[-3869, 3266, -3458, 3267, 3268, 3269]], "id": 1886}, {"type": "Polygon", "arcs": [[3270]], "id": 1887}, {"type": "Polygon", "arcs": [[3271, -4055]], "id": 1888}, {"type": "Polygon", "arcs": [[3272]], "id": 1889}, {"type": "Polygon", "arcs": [[-5542, 3273]], "id": 1890}, {"type": "Polygon", "arcs": [[3274, 3275]], "id": 1891}, {"type": "Polygon", "arcs": [[3276]], "id": 1892}, {"type": "Polygon", "arcs": [[3277, 3278]], "id": 1893}, {"type": "Polygon", "arcs": [[3279, 3280]], "id": 1894}, {"type": "Polygon", "arcs": [[3281, -5026, 3282, 3283, 3284, 3285, 3286, 3287]], "id": 1895}, {"type": "Polygon", "arcs": [[3288, 3289]], "id": 1896}, {"type": "Polygon", "arcs": [[3290, 3291, 3292]], "id": 1897}, {"type": "Polygon", "arcs": [[3293, 3294]], "id": 1898}, {"type": "Polygon", "arcs": [[3295, 3296]], "id": 1899}, {"type": "Polygon", "arcs": [[3297, -3668, 3298, 3299]], "id": 1900}, {"type": "Polygon", "arcs": [[3300]], "id": 1901}, {"type": "Polygon", "arcs": [[3301]], "id": 1902}, {"type": "Polygon", "arcs": [[3302]], "id": 1903}, {"type": "Polygon", "arcs": [[3303]], "id": 1904}, {"type": "Polygon", "arcs": [[3304]], "id": 1905}, {"type": "Polygon", "arcs": [[3305]], "id": 1906}, {"type": "Polygon", "arcs": [[3306, 3307]], "id": 1907}, {"type": "Polygon", "arcs": [[3308, 3309]], "id": 1908}, {"type": "Polygon", "arcs": [[3310]], "id": 1909}, {"type": "Polygon", "arcs": [[3311]], "id": 1910}, {"type": "Polygon", "arcs": [[3312, 3313]], "id": 1911}, {"type": "Polygon", "arcs": [[3314, 3315]], "id": 1912}, {"type": "Polygon", "arcs": [[3316]], "id": 1913}, {"type": "Polygon", "arcs": [[3317, 3318, 3319, -3781]], "id": 1914}, {"type": "Polygon", "arcs": [[3320, 3321]], "id": 1915}, {"type": "Polygon", "arcs": [[3322, 3323]], "id": 1916}, {"type": "Polygon", "arcs": [[3324, 3325, 3326]], "id": 1917}, {"type": "Polygon", "arcs": [[-6027, 3327, 3328, 3329]], "id": 1918}, {"type": "Polygon", "arcs": [[-4023, 3330]], "id": 1919}, {"type": "Polygon", "arcs": [[-6180, 3331, 3332, 3333]], "id": 1920}, {"type": "Polygon", "arcs": [[3334, 3335, 3336, 3337]], "id": 1921}, {"type": "Polygon", "arcs": [[3338]], "id": 1922}, {"type": "Polygon", "arcs": [[-5839, 3339]], "id": 1923}, {"type": "Polygon", "arcs": [[3340]], "id": 1924}, {"type": "Polygon", "arcs": [[3341]], "id": 1925}, {"type": "Polygon", "arcs": [[3342, 3343]], "id": 1926}, {"type": "Polygon", "arcs": [[3344]], "id": 1927}, {"type": "MultiPolygon", "arcs": [[[3345]], [[3346]], [[3347]], [[3348]], [[3349]], [[3350]], [[3351]], [[3352]], [[3353]], [[3354]]], "id": 1928}, {"type": "Polygon", "arcs": [[3355, 3356]], "id": 1929}, {"type": "Polygon", "arcs": [[3357, 3358, 3359, 3360, 3361, -5007]], "id": 1930}, {"type": "Polygon", "arcs": [[3362, 3363]], "id": 1931}, {"type": "Polygon", "arcs": [[3364, 3365, -5914]], "id": 1932}, {"type": "Polygon", "arcs": [[3366, 3367, 3368, 3369]], "id": 1933}, {"type": "Polygon", "arcs": [[3370, 3371, -4914, 3372]], "id": 1934}, {"type": "Polygon", "arcs": [[3373, 3374, 3375]], "id": 1935}, {"type": "Polygon", "arcs": [[-6165, 3376, -6343, 3377]], "id": 1936}, {"type": "Polygon", "arcs": [[3378, 3379, 3380, 3381]], "id": 1937}, {"type": "Polygon", "arcs": [[3382, 3383, 3384, 3385, 3386]], "id": 1938}, {"type": "Polygon", "arcs": [[3387]], "id": 1939}, {"type": "Polygon", "arcs": [[-5937, 3388]], "id": 1940}, {"type": "Polygon", "arcs": [[3389, -4455, 3390, 3391]], "id": 1941}, {"type": "Polygon", "arcs": [[3392]], "id": 1942}, {"type": "Polygon", "arcs": [[3393, 3394]], "id": 1943}, {"type": "Polygon", "arcs": [[3395, 3396, 3397, 3398]], "id": 1944}, {"type": "Polygon", "arcs": [[-4497, 3399, 3400, 3401]], "id": 1945}, {"type": "Polygon", "arcs": [[3402]], "id": 1946}, {"type": "Polygon", "arcs": [[-4518, 3403, 3404, 3405]], "id": 1947}, {"type": "Polygon", "arcs": [[-3566, 3406, 3407, 3408]], "id": 1948}, {"type": "Polygon", "arcs": [[-6394, 3409]], "id": 1949}, {"type": "Polygon", "arcs": [[3410, -4881, 3411]], "id": 1950}, {"type": "Polygon", "arcs": [[3412, 3413]], "id": 1951}, {"type": "Polygon", "arcs": [[3414, -4959, 3415]], "id": 1952}, {"type": "Polygon", "arcs": [[3416]], "id": 1953}, {"type": "Polygon", "arcs": [[-5631, 3417, 3418, 3419]], "id": 1954}, {"type": "Polygon", "arcs": [[-5444, 3420]], "id": 1955}, {"type": "Polygon", "arcs": [[3421]], "id": 1956}, {"type": "Polygon", "arcs": [[3422, 3423, -4094, 3424]], "id": 1957}, {"type": "Polygon", "arcs": [[-4053, 3425, 3426, 3427]], "id": 1958}, {"type": "Polygon", "arcs": [[3428]], "id": 1959}, {"type": "Polygon", "arcs": [[3429]], "id": 1960}, {"type": "Polygon", "arcs": [[-5565, 3430]], "id": 1961}, {"type": "Polygon", "arcs": [[-6045, 3431]], "id": 1962}, {"type": "Polygon", "arcs": [[3432]], "id": 1963}, {"type": "Polygon", "arcs": [[3433]], "id": 1964}, {"type": "Polygon", "arcs": [[3434]], "id": 1965}, {"type": "Polygon", "arcs": [[3435, 3436]], "id": 1966}, {"type": "Polygon", "arcs": [[3437, 3438, 3439, 3440]], "id": 1967}, {"type": "Polygon", "arcs": [[3441]], "id": 1968}, {"type": "Polygon", "arcs": [[-5051, 3442, 3443]], "id": 1969}, {"type": "Polygon", "arcs": [[3444]], "id": 1970}, {"type": "Polygon", "arcs": [[3445]], "id": 1971}, {"type": "Polygon", "arcs": [[3446, 3447]], "id": 1972}, {"type": "Polygon", "arcs": [[3448, 3449, 3450]], "id": 1973}, {"type": "Polygon", "arcs": [[3451]], "id": 1974}, {"type": "Polygon", "arcs": [[-3677, 3452]], "id": 1975}, {"type": "Polygon", "arcs": [[-5438, 3453, 3454]], "id": 1976}, {"type": "Polygon", "arcs": [[3455, 3456]], "id": 1977}, {"type": "Polygon", "arcs": [[3457, 3458]], "id": 1978}, {"type": "Polygon", "arcs": [[3459, 3460]], "id": 1979}, {"type": "Polygon", "arcs": [[3461, 3462]], "id": 1980}, {"type": "Polygon", "arcs": [[3463, -5661, 3464]], "id": 1981}, {"type": "Polygon", "arcs": [[3465, 3466, -3875, 3467]], "id": 1982}, {"type": "Polygon", "arcs": [[-5592, 3468]], "id": 1983}, {"type": "Polygon", "arcs": [[3469]], "id": 1984}, {"type": "Polygon", "arcs": [[3470, -4651, 3471, -5655, 3472]], "id": 1985}, {"type": "Polygon", "arcs": [[-5240, 3473]], "id": 1986}, {"type": "Polygon", "arcs": [[3474]], "id": 1987}, {"type": "Polygon", "arcs": [[3475, 3476]], "id": 1988}, {"type": "Polygon", "arcs": [[3477, -5327, 3478, 3479]], "id": 1989}, {"type": "Polygon", "arcs": [[-5918, 3480]], "id": 1990}, {"type": "Polygon", "arcs": [[-6300, 3481, -4745, 3482]], "id": 1991}, {"type": "Polygon", "arcs": [[3483]], "id": 1992}, {"type": "Polygon", "arcs": [[3484, -3917, 3485]], "id": 1993}, {"type": "Polygon", "arcs": [[3486, -3590]], "id": 1994}, {"type": "Polygon", "arcs": [[-4505, 3487]], "id": 1995}, {"type": "Polygon", "arcs": [[3488, -3674]], "id": 1996}, {"type": "Polygon", "arcs": [[3489], [3490]], "id": 1997}, {"type": "Polygon", "arcs": [[3491]], "id": 1998}, {"type": "Polygon", "arcs": [[3492, 3493]], "id": 1999}, {"type": "Polygon", "arcs": [[3494, 3495]], "id": 2000}, {"type": "Polygon", "arcs": [[3496]], "id": 2001}, {"type": "Polygon", "arcs": [[3497, 3498, 3499, 3500]], "id": 2002}, {"type": "Polygon", "arcs": [[3501]], "id": 2003}, {"type": "Polygon", "arcs": [[3502]], "id": 2004}, {"type": "Polygon", "arcs": [[3503]], "id": 2005}, {"type": "Polygon", "arcs": [[3504, 3505, -4640, 3506]], "id": 2006}, {"type": "Polygon", "arcs": [[3507]], "id": 2007}, {"type": "Polygon", "arcs": [[3508]], "id": 2008}, {"type": "Polygon", "arcs": [[3509, -4139, 3510, -4499, 3511, -5405, 3512, 3513]], "id": 2009}, {"type": "Polygon", "arcs": [[3514, 3515, 3516, 3517, 3518]], "id": 2010}, {"type": "Polygon", "arcs": [[-3824, 3519, 3520, 3521]], "id": 2011}, {"type": "Polygon", "arcs": [[3522, 3523]], "id": 2012}, {"type": "Polygon", "arcs": [[-5910, 3524]], "id": 2013}, {"type": "Polygon", "arcs": [[3525, 3526, -5042]], "id": 2014}, {"type": "Polygon", "arcs": [[3527, 3528, 3529, -6056], [3530]], "id": 2015}, {"type": "Polygon", "arcs": [[3531, -4540, 3532]], "id": 2016}, {"type": "Polygon", "arcs": [[3533]], "id": 2017}, {"type": "Polygon", "arcs": [[3534, 3535, 3536, 3537]], "id": 2018}, {"type": "Polygon", "arcs": [[-3722, 3538, -5958, 3539]], "id": 2019}, {"type": "Polygon", "arcs": [[3540, 3541, 3542, 3543]], "id": 2020}, {"type": "Polygon", "arcs": [[-6228, -3827, -4264, 3544]], "id": 2021}, {"type": "Polygon", "arcs": [[3545, 3546]], "id": 2022}, {"type": "Polygon", "arcs": [[3547]], "id": 2023}, {"type": "Polygon", "arcs": [[3548, 3549]], "id": 2024}, {"type": "Polygon", "arcs": [[-6422, 3550]], "id": 2025}, {"type": "Polygon", "arcs": [[-4300, 3551, 3552, 3553]], "id": 2026}, {"type": "Polygon", "arcs": [[3554, 3555, 3556]], "id": 2027}, {"type": "Polygon", "arcs": [[-3885, 3557, -4513, 3558]], "id": 2028}, {"type": "Polygon", "arcs": [[3559]], "id": 2029}, {"type": "Polygon", "arcs": [[3560, 3561]], "id": 2030}, {"type": "Polygon", "arcs": [[3562]], "id": 2031}, {"type": "Polygon", "arcs": [[3563, 3564]], "id": 2032}, {"type": "Polygon", "arcs": [[3565, 3566, 3567, 3568, 3569, 3570]], "id": 2033}, {"type": "Polygon", "arcs": [[-6106, 3571]], "id": 2034}, {"type": "Polygon", "arcs": [[3572]], "id": 2035}, {"type": "Polygon", "arcs": [[3573, 3574, 3575, 3576]], "id": 2036}, {"type": "Polygon", "arcs": [[-3904, 3577, 3578, 3579, 3580]], "id": 2037}, {"type": "Polygon", "arcs": [[3581, -5244, 3582, 3583, 3584]], "id": 2038}, {"type": "Polygon", "arcs": [[3585, 3586, 3587, 3588]], "id": 2039}, {"type": "Polygon", "arcs": [[3589, 3590]], "id": 2040}, {"type": "Polygon", "arcs": [[3591]], "id": 2041}, {"type": "Polygon", "arcs": [[3592, 3593]], "id": 2042}, {"type": "Polygon", "arcs": [[3594]], "id": 2043}, {"type": "Polygon", "arcs": [[3595]], "id": 2044}, {"type": "Polygon", "arcs": [[-3599, 3596, 3597]], "id": 2045}, {"type": "Polygon", "arcs": [[-5486, 3598, 3599, -4020, 3600]], "id": 2046}, {"type": "Polygon", "arcs": [[3601]], "id": 2047}, {"type": "Polygon", "arcs": [[3602]], "id": 2048}, {"type": "Polygon", "arcs": [[3603, 3604], [3605, -4089]], "id": 2049}, {"type": "Polygon", "arcs": [[3606]], "id": 2050}, {"type": "Polygon", "arcs": [[-4520, 3607]], "id": 2051}, {"type": "Polygon", "arcs": [[-3715, 3608, 3609]], "id": 2052}, {"type": "Polygon", "arcs": [[3610]], "id": 2053}, {"type": "Polygon", "arcs": [[3611]], "id": 2054}, {"type": "Polygon", "arcs": [[3612, 3613]], "id": 2055}, {"type": "Polygon", "arcs": [[3614]], "id": 2056}, {"type": "Polygon", "arcs": [[-4148, 3615, -5509]], "id": 2057}, {"type": "Polygon", "arcs": [[3616]], "id": 2058}, {"type": "Polygon", "arcs": [[3617, 3618]], "id": 2059}, {"type": "Polygon", "arcs": [[3619, 3620]], "id": 2060}, {"type": "Polygon", "arcs": [[3621]], "id": 2061}, {"type": "Polygon", "arcs": [[3622, 3623, -6346, 3624]], "id": 2062}, {"type": "Polygon", "arcs": [[3625, 3626]], "id": 2063}, {"type": "MultiPolygon", "arcs": [[[3627]], [[3628]], [[3629]], [[3630, 3631, 3632, 3633]], [[3634]], [[3635]], [[3636]]], "id": 2064}, {"type": "Polygon", "arcs": [[3637, 3638, -4865, 3639]], "id": 2065}, {"type": "Polygon", "arcs": [[3640]], "id": 2066}, {"type": "Polygon", "arcs": [[3641, 3642, 3643, 3644, 3645, 3646]], "id": 2067}, {"type": "Polygon", "arcs": [[3647]], "id": 2068}, {"type": "Polygon", "arcs": [[3648, -5455, 3649, 3650, -3765]], "id": 2069}, {"type": "Polygon", "arcs": [[3651]], "id": 2070}, {"type": "Polygon", "arcs": [[3652, 3653, 3654, 3655]], "id": 2071}, {"type": "Polygon", "arcs": [[3656]], "id": 2072}, {"type": "Polygon", "arcs": [[-4560, 3657]], "id": 2073}, {"type": "Polygon", "arcs": [[3658, 3659]], "id": 2074}, {"type": "Polygon", "arcs": [[3660, -4273, 3661, 3662, -4327, 3663, 3664]], "id": 2075}, {"type": "Polygon", "arcs": [[3665, -5702, 3666, 3667]], "id": 2076}, {"type": "Polygon", "arcs": [[3668, 3669, -6097, 3670]], "id": 2077}, {"type": "Polygon", "arcs": [[-5222, 3671, -4052, 3672]], "id": 2078}, {"type": "Polygon", "arcs": [[3673, 3674]], "id": 2079}, {"type": "Polygon", "arcs": [[3675, 3676, 3677, -3933]], "id": 2080}, {"type": "Polygon", "arcs": [[3678]], "id": 2081}, {"type": "Polygon", "arcs": [[3679]], "id": 2082}, {"type": "MultiPolygon", "arcs": [[[3680]], [[3681]], [[3682]]], "id": 2083}, {"type": "Polygon", "arcs": [[3683, -4992, 3684, 3685]], "id": 2084}, {"type": "Polygon", "arcs": [[3686]], "id": 2085}, {"type": "Polygon", "arcs": [[3687, 3688, 3689, 3690, 3691]], "id": 2086}, {"type": "Polygon", "arcs": [[3692, 3693]], "id": 2087}, {"type": "Polygon", "arcs": [[3694, 3695]], "id": 2088}, {"type": "Polygon", "arcs": [[3696]], "id": 2089}, {"type": "Polygon", "arcs": [[-6188, 3697]], "id": 2090}, {"type": "Polygon", "arcs": [[-5812, 3698]], "id": 2091}, {"type": "Polygon", "arcs": [[3699]], "id": 2092}, {"type": "Polygon", "arcs": [[-4288, 3700]], "id": 2093}, {"type": "Polygon", "arcs": [[3701]], "id": 2094}, {"type": "Polygon", "arcs": [[-4106, 3702]], "id": 2095}, {"type": "Polygon", "arcs": [[3703, 3704, 3705, 3706, -5216]], "id": 2096}, {"type": "Polygon", "arcs": [[-5179, 3707, 3708, 3709]], "id": 2097}, {"type": "Polygon", "arcs": [[3710]], "id": 2098}, {"type": "Polygon", "arcs": [[3711]], "id": 2099}, {"type": "Polygon", "arcs": [[3712, 3713]], "id": 2100}, {"type": "Polygon", "arcs": [[3714, 3715]], "id": 2101}, {"type": "Polygon", "arcs": [[3716, 3717]], "id": 2102}, {"type": "Polygon", "arcs": [[3718]], "id": 2103}, {"type": "Polygon", "arcs": [[3719, 3720, 3721, 3722]], "id": 2104}, {"type": "Polygon", "arcs": [[3723, 3724, 3725, 3726]], "id": 2105}, {"type": "Polygon", "arcs": [[3727]], "id": 2106}, {"type": "Polygon", "arcs": [[3728, 3729, 3730, 3731, 3732, -5828]], "id": 2107}, {"type": "Polygon", "arcs": [[3733]], "id": 2108}, {"type": "Polygon", "arcs": [[3734, 3735, -4042, 3736, -4114, 3737]], "id": 2109}, {"type": "Polygon", "arcs": [[-6075, 3738, -5452, 3739]], "id": 2110}, {"type": "Polygon", "arcs": [[-3786, -4909, 3740, 3741]], "id": 2111}, {"type": "Polygon", "arcs": [[3742, 3743]], "id": 2112}, {"type": "Polygon", "arcs": [[3744, 3745, 3746, -4665, 3747]], "id": 2113}, {"type": "Polygon", "arcs": [[-5231, 3748, 3749, 3750]], "id": 2114}, {"type": "Polygon", "arcs": [[3751, -4768, 3752, 3753]], "id": 2115}, {"type": "Polygon", "arcs": [[-4630, 3754]], "id": 2116}, {"type": "Polygon", "arcs": [[-4558, 3755]], "id": 2117}, {"type": "Polygon", "arcs": [[3756]], "id": 2118}, {"type": "Polygon", "arcs": [[3757, 3758]], "id": 2119}, {"type": "Polygon", "arcs": [[3759, 3760, -6330, 3761]], "id": 2120}, {"type": "Polygon", "arcs": [[3762, 3763, 3764, 3765, 3766]], "id": 2121}, {"type": "Polygon", "arcs": [[3767]], "id": 2122}, {"type": "Polygon", "arcs": [[-5884, 3768]], "id": 2123}, {"type": "Polygon", "arcs": [[3769, 3770, 3771, 3772]], "id": 2124}, {"type": "Polygon", "arcs": [[3773], [4449]], "id": 2125}, {"type": "Polygon", "arcs": [[3774]], "id": 2126}, {"type": "Polygon", "arcs": [[3775, -4926, 3776, 3777, 3778, 3779, 3780, 3781, 3782]], "id": 2127}, {"type": "Polygon", "arcs": [[3783]], "id": 2128}, {"type": "Polygon", "arcs": [[3784, 3785, 3786, -4077]], "id": 2129}, {"type": "Polygon", "arcs": [[3787, 3788]], "id": 2130}, {"type": "Polygon", "arcs": [[-5164, 3789, 3790, 3791]], "id": 2131}, {"type": "Polygon", "arcs": [[-4358, 3792, 3793, 3794, 3795, 3796, 3797]], "id": 2132}, {"type": "Polygon", "arcs": [[3798]], "id": 2133}, {"type": "Polygon", "arcs": [[-5953, 3799, 3800, 3801, -4709]], "id": 2134}, {"type": "Polygon", "arcs": [[3802]], "id": 2135}, {"type": "Polygon", "arcs": [[-4126, 3803]], "id": 2136}, {"type": "Polygon", "arcs": [[3804]], "id": 2137}, {"type": "Polygon", "arcs": [[-5885, 3805, -6184, 3806]], "id": 2138}, {"type": "MultiPolygon", "arcs": [[[3807]], [[3808, 3809]]], "id": 2139}, {"type": "Polygon", "arcs": [[3810]], "id": 2140}, {"type": "Polygon", "arcs": [[3811, 3812, -4691, 3813, -4912, 3814]], "id": 2141}, {"type": "Polygon", "arcs": [[3815, -3822, 3816, 3817, 3818]], "id": 2142}, {"type": "Polygon", "arcs": [[3819, 3820, 3821, 3822, -4817]], "id": 2143}, {"type": "Polygon", "arcs": [[3823, 3824]], "id": 2144}, {"type": "Polygon", "arcs": [[3825, 3826, -5728, 3827]], "id": 2145}, {"type": "Polygon", "arcs": [[3828, 3829]], "id": 2146}, {"type": "Polygon", "arcs": [[3830]], "id": 2147}, {"type": "Polygon", "arcs": [[-4189, 3831]], "id": 2148}, {"type": "Polygon", "arcs": [[3832, 3833, 3834, 3835]], "id": 2149}, {"type": "Polygon", "arcs": [[3836, 3837, 3838, 3839, 3840]], "id": 2150}, {"type": "Polygon", "arcs": [[-5036, 3841, 3842, 3843]], "id": 2151}, {"type": "Polygon", "arcs": [[3844, 3845, 3846, 3847]], "id": 2152}, {"type": "Polygon", "arcs": [[-5492, 3848]], "id": 2153}, {"type": "Polygon", "arcs": [[3849, 3850, 3851, 3852, 3853]], "id": 2154}, {"type": "Polygon", "arcs": [[3854, 3855, 3856]], "id": 2155}, {"type": "Polygon", "arcs": [[-5063, 3857]], "id": 2156}, {"type": "Polygon", "arcs": [[-5175, 3858, 3859, 3860]], "id": 2157}, {"type": "Polygon", "arcs": [[3861, -4574, -4232, 3862, 3863]], "id": 2158}, {"type": "Polygon", "arcs": [[3864]], "id": 2159}, {"type": "Polygon", "arcs": [[3865, 3866, 3867, -5137]], "id": 2160}, {"type": "Polygon", "arcs": [[3868, 3869, 3870]], "id": 2161}, {"type": "Polygon", "arcs": [[3871]], "id": 2162}, {"type": "Polygon", "arcs": [[3872]], "id": 2163}, {"type": "Polygon", "arcs": [[3873, 3874, 3875, -4038]], "id": 2164}, {"type": "Polygon", "arcs": [[3876, 3877]], "id": 2165}, {"type": "Polygon", "arcs": [[3878, 3879]], "id": 2166}, {"type": "Polygon", "arcs": [[3880, 3881, 3882, 3883]], "id": 2167}, {"type": "Polygon", "arcs": [[3884, 3885, -4927, 3886]], "id": 2168}, {"type": "Polygon", "arcs": [[-3949, 3887]], "id": 2169}, {"type": "Polygon", "arcs": [[-4737, 3888]], "id": 2170}, {"type": "Polygon", "arcs": [[3889, 3890]], "id": 2171}, {"type": "Polygon", "arcs": [[3891, 3892, 3893, 3894]], "id": 2172}, {"type": "Polygon", "arcs": [[3895]], "id": 2173}, {"type": "Polygon", "arcs": [[-5265, 3896, 3897, 3898]], "id": 2174}, {"type": "Polygon", "arcs": [[3899, 3900]], "id": 2175}, {"type": "Polygon", "arcs": [[3901, 3902, 3903, 3904]], "id": 2176}, {"type": "Polygon", "arcs": [[3905]], "id": 2177}, {"type": "Polygon", "arcs": [[3906]], "id": 2178}, {"type": "Polygon", "arcs": [[-6155, 3907]], "id": 2179}, {"type": "Polygon", "arcs": [[-4349, 3908, 3909, 3910]], "id": 2180}, {"type": "Polygon", "arcs": [[3911]], "id": 2181}, {"type": "Polygon", "arcs": [[-6424, 3912, 3913, 3914]], "id": 2182}, {"type": "Polygon", "arcs": [[3915, 3916, 3917]], "id": 2183}, {"type": "Polygon", "arcs": [[-4566, 3918]], "id": 2184}, {"type": "Polygon", "arcs": [[3919, 3920, 3921, 3922]], "id": 2185}, {"type": "Polygon", "arcs": [[-4873, 3923, 3924, 3925, 3926]], "id": 2186}, {"type": "Polygon", "arcs": [[-4061, 3927]], "id": 2187}, {"type": "Polygon", "arcs": [[3928, 3929]], "id": 2188}, {"type": "Polygon", "arcs": [[3930, 3931, -4338]], "id": 2189}, {"type": "Polygon", "arcs": [[3932, 3933]], "id": 2190}, {"type": "Polygon", "arcs": [[-5349, 3934]], "id": 2191}, {"type": "Polygon", "arcs": [[3935, 3936]], "id": 2192}, {"type": "Polygon", "arcs": [[3937]], "id": 2193}, {"type": "Polygon", "arcs": [[3938]], "id": 2194}, {"type": "Polygon", "arcs": [[3939]], "id": 2195}, {"type": "Polygon", "arcs": [[3940, 3941]], "id": 2196}, {"type": "Polygon", "arcs": [[3942, 3943, -5718, 3944, -4218]], "id": 2197}, {"type": "Polygon", "arcs": [[3945, 3946]], "id": 2198}, {"type": "Polygon", "arcs": [[3947]], "id": 2199}, {"type": "Polygon", "arcs": [[3948, 3949]], "id": 2200}, {"type": "Polygon", "arcs": [[3950]], "id": 2201}, {"type": "Polygon", "arcs": [[3951, -6203, 3952, -6201, 3953, 3954]], "id": 2202}, {"type": "Polygon", "arcs": [[3955]], "id": 2203}, {"type": "Polygon", "arcs": [[3956, 3957, 3958, 3959]], "id": 2204}, {"type": "Polygon", "arcs": [[3960, 3961, 3962]], "id": 2205}, {"type": "Polygon", "arcs": [[-4787, 3963, 3964, 3965, 3966, 3967]], "id": 2206}, {"type": "MultiPolygon", "arcs": [[[3968, -6435, 3969, 3970, 3971, 3972]], [[3973]]], "id": 2207}, {"type": "Polygon", "arcs": [[-4329, 3974]], "id": 2208}, {"type": "Polygon", "arcs": [[3975, -4725, 3976]], "id": 2209}, {"type": "Polygon", "arcs": [[3977]], "id": 2210}, {"type": "Polygon", "arcs": [[3978, 3979]], "id": 2211}, {"type": "Polygon", "arcs": [[-6360, 3980]], "id": 2212}, {"type": "Polygon", "arcs": [[3981, 3982, 3983, -6417, 3984]], "id": 2213}, {"type": "Polygon", "arcs": [[3985]], "id": 2214}, {"type": "Polygon", "arcs": [[-4385, 3986, 3987, 3988]], "id": 2215}, {"type": "Polygon", "arcs": [[3989, 3990, 3991, 3992, 3993, 3994, 3995]], "id": 2216}, {"type": "Polygon", "arcs": [[3996]], "id": 2217}, {"type": "Polygon", "arcs": [[3997, 3998]], "id": 2218}, {"type": "Polygon", "arcs": [[3999, 4000]], "id": 2219}, {"type": "Polygon", "arcs": [[4001]], "id": 2220}, {"type": "Polygon", "arcs": [[4002]], "id": 2221}, {"type": "Polygon", "arcs": [[4003, 4004]], "id": 2222}, {"type": "Polygon", "arcs": [[4005]], "id": 2223}, {"type": "Polygon", "arcs": [[4006, 4007, -5359, 4008, 4009, 4010]], "id": 2224}, {"type": "Polygon", "arcs": [[4011, 4012, -4145, 4013]], "id": 2225}, {"type": "Polygon", "arcs": [[4014]], "id": 2226}, {"type": "Polygon", "arcs": [[4015, -4211, 4016, -6317, 4017]], "id": 2227}, {"type": "Polygon", "arcs": [[4018]], "id": 2228}, {"type": "Polygon", "arcs": [[4019, 4020, 4021, 4022]], "id": 2229}, {"type": "Polygon", "arcs": [[4023]], "id": 2230}, {"type": "Polygon", "arcs": [[4024, 4025]], "id": 2231}, {"type": "Polygon", "arcs": [[4026, 4027]], "id": 2232}, {"type": "Polygon", "arcs": [[4028, 4029]], "id": 2233}, {"type": "Polygon", "arcs": [[-4257, -4070, 4030]], "id": 2234}, {"type": "Polygon", "arcs": [[4031]], "id": 2235}, {"type": "Polygon", "arcs": [[4032, 4033]], "id": 2236}, {"type": "Polygon", "arcs": [[4034, 4035, 4036, 4037, 4038, 4039]], "id": 2237}, {"type": "Polygon", "arcs": [[4040]], "id": 2238}, {"type": "Polygon", "arcs": [[4041, 4042, -6466, 4043]], "id": 2239}, {"type": "Polygon", "arcs": [[4044]], "id": 2240}, {"type": "Polygon", "arcs": [[4045, 4046, -6302, 4047]], "id": 2241}, {"type": "Polygon", "arcs": [[4048, 4049, 4050, 4051]], "id": 2242}, {"type": "Polygon", "arcs": [[4052, 4053, 4054, 4055, 4056, 4057]], "id": 2243}, {"type": "Polygon", "arcs": [[-5171, 4058, -5162, 4059]], "id": 2244}, {"type": "Polygon", "arcs": [[4060, 4061]], "id": 2245}, {"type": "Polygon", "arcs": [[4062, 4063, 4064, 4065, 4066, 4067]], "id": 2246}, {"type": "Polygon", "arcs": [[4068, 4069, -4256]], "id": 2247}, {"type": "Polygon", "arcs": [[4070]], "id": 2248}, {"type": "Polygon", "arcs": [[-5921, 4071, 4072, 4073, 4074]], "id": 2249}, {"type": "Polygon", "arcs": [[4075]], "id": 2250}, {"type": "Polygon", "arcs": [[4076, 4077]], "id": 2251}, {"type": "Polygon", "arcs": [[4078, 4079, 4080, 4081]], "id": 2252}, {"type": "Polygon", "arcs": [[4082]], "id": 2253}, {"type": "Polygon", "arcs": [[4083]], "id": 2254}, {"type": "Polygon", "arcs": [[4084]], "id": 2255}, {"type": "Polygon", "arcs": [[4085, 4086]], "id": 2256}, {"type": "MultiPolygon", "arcs": [[[4087, 4088]], [[4089]], [[4090]]], "id": 2257}, {"type": "Polygon", "arcs": [[4091]], "id": 2258}, {"type": "Polygon", "arcs": [[-5099, 4092, 4093, 4094]], "id": 2259}, {"type": "Polygon", "arcs": [[4095, 4096]], "id": 2260}, {"type": "Polygon", "arcs": [[4097]], "id": 2261}, {"type": "Polygon", "arcs": [[4098]], "id": 2262}, {"type": "Polygon", "arcs": [[4099]], "id": 2263}, {"type": "Polygon", "arcs": [[4100, 4101, -4732, 4102, -4735, -5837, 4103]], "id": 2264}, {"type": "Polygon", "arcs": [[4104]], "id": 2265}, {"type": "Polygon", "arcs": [[4105, 4106]], "id": 2266}, {"type": "Polygon", "arcs": [[4107]], "id": 2267}, {"type": "Polygon", "arcs": [[-4880, 4108]], "id": 2268}, {"type": "Polygon", "arcs": [[4109]], "id": 2269}, {"type": "Polygon", "arcs": [[4110, 4111, 4112, 4113]], "id": 2270}, {"type": "Polygon", "arcs": [[4114]], "id": 2271}, {"type": "Polygon", "arcs": [[4115, 4116]], "id": 2272}, {"type": "Polygon", "arcs": [[4117, 4118, 4119, 4120, 4121]], "id": 2273}, {"type": "Polygon", "arcs": [[-5478, 4122, 4123, 4124]], "id": 2274}, {"type": "Polygon", "arcs": [[4125, 4126, -4695, 4127]], "id": 2275}, {"type": "Polygon", "arcs": [[4128]], "id": 2276}, {"type": "Polygon", "arcs": [[4129, 4130]], "id": 2277}, {"type": "Polygon", "arcs": [[4131]], "id": 2278}, {"type": "Polygon", "arcs": [[4132, 4133, 4134, 4135, 4136, 4137, 4138, 4139]], "id": 2279}, {"type": "Polygon", "arcs": [[4140]], "id": 2280}, {"type": "Polygon", "arcs": [[4141]], "id": 2281}, {"type": "Polygon", "arcs": [[4142]], "id": 2282}, {"type": "Polygon", "arcs": [[4143]], "id": 2283}, {"type": "Polygon", "arcs": [[4144, 4145]], "id": 2284}, {"type": "Polygon", "arcs": [[4146, 4147, 4148]], "id": 2285}, {"type": "Polygon", "arcs": [[4149]], "id": 2286}, {"type": "Polygon", "arcs": [[4150]], "id": 2287}, {"type": "Polygon", "arcs": [[4151, 4152]], "id": 2288}, {"type": "Polygon", "arcs": [[4153]], "id": 2289}, {"type": "Polygon", "arcs": [[4154, 4155]], "id": 2290}, {"type": "Polygon", "arcs": [[-5562, 4156]], "id": 2291}, {"type": "Polygon", "arcs": [[4157]], "id": 2292}, {"type": "Polygon", "arcs": [[-4675, 4158]], "id": 2293}, {"type": "Polygon", "arcs": [[4159]], "id": 2294}, {"type": "Polygon", "arcs": [[4160]], "id": 2295}, {"type": "Polygon", "arcs": [[-5362, 4161]], "id": 2296}, {"type": "Polygon", "arcs": [[-5122, 4162, -5736, -4700, 4163]], "id": 2297}, {"type": "Polygon", "arcs": [[4164]], "id": 2298}, {"type": "Polygon", "arcs": [[4165]], "id": 2299}, {"type": "Polygon", "arcs": [[4166, 4167, 4168, 4169]], "id": 2300}, {"type": "Polygon", "arcs": [[4170, -5214, 4171, 4172, 4173]], "id": 2301}, {"type": "Polygon", "arcs": [[-4902, 4174, 4175, 4176]], "id": 2302}, {"type": "Polygon", "arcs": [[4177, -5707, 4178, 4179, -5672]], "id": 2303}, {"type": "Polygon", "arcs": [[-5941, 4180, 4181, 4182, 4183]], "id": 2304}, {"type": "Polygon", "arcs": [[4184]], "id": 2305}, {"type": "Polygon", "arcs": [[-5337, 4185]], "id": 2306}, {"type": "Polygon", "arcs": [[4186, 4187]], "id": 2307}, {"type": "Polygon", "arcs": [[4188, 4189, -4462, 4190]], "id": 2308}, {"type": "Polygon", "arcs": [[4191]], "id": 2309}, {"type": "Polygon", "arcs": [[4192]], "id": 2310}, {"type": "Polygon", "arcs": [[4193, 4194, -4516, 4195, 4196, 4197]], "id": 2311}, {"type": "Polygon", "arcs": [[4198, 4199]], "id": 2312}, {"type": "Polygon", "arcs": [[4200, -4209]], "id": 2313}, {"type": "Polygon", "arcs": [[4201]], "id": 2314}, {"type": "Polygon", "arcs": [[4202, 4203]], "id": 2315}, {"type": "Polygon", "arcs": [[4204, -5752, 4205]], "id": 2316}, {"type": "Polygon", "arcs": [[4206]], "id": 2317}, {"type": "Polygon", "arcs": [[4207, 4208]], "id": 2318}, {"type": "Polygon", "arcs": [[4209]], "id": 2319}, {"type": "Polygon", "arcs": [[4210, 4211, 4212, 4213, -4963, 4214]], "id": 2320}, {"type": "Polygon", "arcs": [[-5994, 4215, 4216, 4217]], "id": 2321}, {"type": "Polygon", "arcs": [[4218, 4219, 4220]], "id": 2322}, {"type": "Polygon", "arcs": [[4221, -6170, 4222]], "id": 2323}, {"type": "Polygon", "arcs": [[4223, 4224, 4225]], "id": 2324}, {"type": "Polygon", "arcs": [[4226, 4227, 4228]], "id": 2325}, {"type": "Polygon", "arcs": [[4229, 4230, 4231, -4573]], "id": 2326}, {"type": "Polygon", "arcs": [[4232]], "id": 2327}, {"type": "Polygon", "arcs": [[4233, 4234, -4883, 4235]], "id": 2328}, {"type": "Polygon", "arcs": [[4236]], "id": 2329}, {"type": "Polygon", "arcs": [[4237, 4238, 4239, 4240]], "id": 2330}, {"type": "Polygon", "arcs": [[4241, 4242, 4243, 4244, -5432, 4245, -5430, 4246]], "id": 2331}, {"type": "Polygon", "arcs": [[4247, 4248]], "id": 2332}, {"type": "Polygon", "arcs": [[4249]], "id": 2333}, {"type": "Polygon", "arcs": [[4250]], "id": 2334}, {"type": "Polygon", "arcs": [[4251, 4252]], "id": 2335}, {"type": "Polygon", "arcs": [[-4762, 4253, 4254, 4255, 4256]], "id": 2336}, {"type": "Polygon", "arcs": [[4257, -5283]], "id": 2337}, {"type": "Polygon", "arcs": [[4258, 4259]], "id": 2338}, {"type": "Polygon", "arcs": [[4260]], "id": 2339}, {"type": "Polygon", "arcs": [[4261, -6397, 4262, 4263]], "id": 2340}, {"type": "Polygon", "arcs": [[4264, 4265]], "id": 2341}, {"type": "Polygon", "arcs": [[4266]], "id": 2342}, {"type": "Polygon", "arcs": [[4267]], "id": 2343}, {"type": "Polygon", "arcs": [[4268]], "id": 2344}, {"type": "Polygon", "arcs": [[4269]], "id": 2345}, {"type": "Polygon", "arcs": [[4270]], "id": 2346}, {"type": "Polygon", "arcs": [[4271, 4272, 4273, 4274, 4275]], "id": 2347}, {"type": "Polygon", "arcs": [[4276, -5727, 4277, 4278]], "id": 2348}, {"type": "Polygon", "arcs": [[4279, 4280, 4281, 4282, 4283, 4284]], "id": 2349}, {"type": "Polygon", "arcs": [[-5375, -4493, 4285, 4286]], "id": 2350}, {"type": "Polygon", "arcs": [[4287, 4288]], "id": 2351}, {"type": "Polygon", "arcs": [[4289, 4290, 4291, 4292]], "id": 2352}, {"type": "Polygon", "arcs": [[4293, 4294, 4295]], "id": 2353}, {"type": "Polygon", "arcs": [[4296]], "id": 2354}, {"type": "Polygon", "arcs": [[4297]], "id": 2355}, {"type": "Polygon", "arcs": [[4298]], "id": 2356}, {"type": "Polygon", "arcs": [[4299, 4300, 4301]], "id": 2357}, {"type": "Polygon", "arcs": [[4302, 4303, 4304, 4305, 4306, -5267, 4307, -5272]], "id": 2358}, {"type": "Polygon", "arcs": [[4308, -4916, 4309, 4310]], "id": 2359}, {"type": "Polygon", "arcs": [[4311]], "id": 2360}, {"type": "Polygon", "arcs": [[4312, 4313, 4314, 4315, 4316]], "id": 2361}, {"type": "Polygon", "arcs": [[4317]], "id": 2362}, {"type": "Polygon", "arcs": [[4318, 4319, 4320, 4321, 4322, 4323]], "id": 2363}, {"type": "Polygon", "arcs": [[4324]], "id": 2364}, {"type": "Polygon", "arcs": [[4325]], "id": 2365}, {"type": "Polygon", "arcs": [[4326, 4327]], "id": 2366}, {"type": "Polygon", "arcs": [[4328, 4329], [4330], [4331]], "id": 2367}, {"type": "Polygon", "arcs": [[4332]], "id": 2368}, {"type": "Polygon", "arcs": [[4333]], "id": 2369}, {"type": "Polygon", "arcs": [[4334]], "id": 2370}, {"type": "Polygon", "arcs": [[4335]], "id": 2371}, {"type": "Polygon", "arcs": [[4336, 4337, 4338, 4339]], "id": 2372}, {"type": "Polygon", "arcs": [[4340]], "id": 2373}, {"type": "Polygon", "arcs": [[4341, -4838]], "id": 2374}, {"type": "Polygon", "arcs": [[4342]], "id": 2375}, {"type": "Polygon", "arcs": [[4343, 4344, 4345, 4346, 4347, 4348, -5303, 4349, 4350]], "id": 2376}, {"type": "MultiPolygon", "arcs": [[[4351]], [[4352]], [[4353]], [[4354]], [[4355, 4356, 4357, 4358]], [[4359]], [[4360]]], "id": 2377}, {"type": "Polygon", "arcs": [[-4753, 4361, -6250, 4362, 4363, 4364]], "id": 2378}, {"type": "Polygon", "arcs": [[4365, 4366, 4367]], "id": 2379}, {"type": "Polygon", "arcs": [[4368]], "id": 2380}, {"type": "Polygon", "arcs": [[4369, -4999, 4370, -5607]], "id": 2381}, {"type": "Polygon", "arcs": [[-6475, 4371]], "id": 2382}, {"type": "Polygon", "arcs": [[4372]], "id": 2383}, {"type": "Polygon", "arcs": [[4373, 4374, 4375, 4376, 4377]], "id": 2384}, {"type": "Polygon", "arcs": [[-5652, 4378, -4639, -4445, 4379]], "id": 2385}, {"type": "Polygon", "arcs": [[4380]], "id": 2386}, {"type": "Polygon", "arcs": [[4381]], "id": 2387}, {"type": "Polygon", "arcs": [[4382, 4383]], "id": 2388}, {"type": "Polygon", "arcs": [[4384, 4385, 4386, 4387]], "id": 2389}, {"type": "MultiPolygon", "arcs": [[[-5142, 4388]], [[4389]]], "id": 2390}, {"type": "MultiPolygon", "arcs": [[[4390]], [[4391]], [[4392]], [[4393]], [[4394]], [[4395]], [[4396]], [[4397]], [[4398]], [[4399]], [[4400]], [[4401]], [[4402]], [[4403]], [[4404]], [[4405]], [[4406]], [[4407]], [[4408]], [[4409]], [[4410]], [[4411]], [[4412]], [[4413]], [[4414]], [[4415]], [[4416]], [[4417]]], "id": 2391}, {"type": "MultiPolygon", "arcs": [[[4418]], [[4419]], [[4420]], [[4421, 4422, 4423, 4424, 4425]], [[4426]]], "id": 2392}, {"type": "Polygon", "arcs": [[4427, 4428]], "id": 2393}, {"type": "Polygon", "arcs": [[4429]], "id": 2394}, {"type": "Polygon", "arcs": [[4430, 4431, -6469, 4432]], "id": 2395}, {"type": "Polygon", "arcs": [[4433, 4434]], "id": 2396}, {"type": "Polygon", "arcs": [[4435, -4667, 4436]], "id": 2397}, {"type": "Polygon", "arcs": [[4437]], "id": 2398}, {"type": "Polygon", "arcs": [[4438, -5139, 4439, 4440]], "id": 2399}, {"type": "Polygon", "arcs": [[4441]], "id": 2400}, {"type": "Polygon", "arcs": [[-5145, 4442]], "id": 2401}, {"type": "Polygon", "arcs": [[4443, -4509, 4444, -4638, -5932]], "id": 2402}, {"type": "Polygon", "arcs": [[4445]], "id": 2403}, {"type": "Polygon", "arcs": [[-6083, 4446, 4447]], "id": 2404}, {"type": "MultiPolygon", "arcs": [[[4448]], [[4449]]], "id": 2405}, {"type": "Polygon", "arcs": [[4450, -6118, -5019, 4451, 4452, 4453, 4454]], "id": 2406}, {"type": "Polygon", "arcs": [[-4920, 4455, -5495, 4456]], "id": 2407}, {"type": "Polygon", "arcs": [[4457, 4458, 4459]], "id": 2408}, {"type": "Polygon", "arcs": [[4460]], "id": 2409}, {"type": "Polygon", "arcs": [[4461, 4462]], "id": 2410}, {"type": "Polygon", "arcs": [[4463]], "id": 2411}, {"type": "Polygon", "arcs": [[4464, 4465, 4466, -5726, -4898]], "id": 2412}, {"type": "Polygon", "arcs": [[4467, 4468]], "id": 2413}, {"type": "Polygon", "arcs": [[4469, 4470, -4620, 4471, -5423, 4472]], "id": 2414}, {"type": "Polygon", "arcs": [[4473, 4474, 4475, 4476]], "id": 2415}, {"type": "Polygon", "arcs": [[4477, 4478, 4479, 4480]], "id": 2416}, {"type": "Polygon", "arcs": [[4481, 4482, 4483, 4484]], "id": 2417}, {"type": "Polygon", "arcs": [[4485]], "id": 2418}, {"type": "Polygon", "arcs": [[4486]], "id": 2419}, {"type": "Polygon", "arcs": [[4487, 4488, 4489]], "id": 2420}, {"type": "Polygon", "arcs": [[-6195, 4490]], "id": 2421}, {"type": "Polygon", "arcs": [[4491]], "id": 2422}, {"type": "Polygon", "arcs": [[4492, 4493]], "id": 2423}, {"type": "Polygon", "arcs": [[4494]], "id": 2424}, {"type": "Polygon", "arcs": [[4495, 4496, 4497, 4498, 4499, 4500]], "id": 2425}, {"type": "Polygon", "arcs": [[4501]], "id": 2426}, {"type": "Polygon", "arcs": [[4502, 4503]], "id": 2427}, {"type": "Polygon", "arcs": [[4504, 4505]], "id": 2428}, {"type": "Polygon", "arcs": [[4506]], "id": 2429}, {"type": "Polygon", "arcs": [[-4522, 4507]], "id": 2430}, {"type": "Polygon", "arcs": [[4508, 4509, 4510, 4511]], "id": 2431}, {"type": "Polygon", "arcs": [[4512, 4513]], "id": 2432}, {"type": "Polygon", "arcs": [[4514]], "id": 2433}, {"type": "Polygon", "arcs": [[4515, 4516, 4517, 4518, 4519, 4520]], "id": 2434}, {"type": "Polygon", "arcs": [[4521, 4522]], "id": 2435}, {"type": "Polygon", "arcs": [[4523]], "id": 2436}, {"type": "Polygon", "arcs": [[4524]], "id": 2437}, {"type": "Polygon", "arcs": [[4525, 4526, 4527, -6440]], "id": 2438}, {"type": "Polygon", "arcs": [[4528]], "id": 2439}, {"type": "Polygon", "arcs": [[4529]], "id": 2440}, {"type": "Polygon", "arcs": [[4530, 4531, 4532, 4533, 4534]], "id": 2441}, {"type": "Polygon", "arcs": [[4535, 4536]], "id": 2442}, {"type": "Polygon", "arcs": [[4537, 4538, 4539]], "id": 2443}, {"type": "Polygon", "arcs": [[4540, 4541, 4542, 4543]], "id": 2444}, {"type": "Polygon", "arcs": [[4544]], "id": 2445}, {"type": "MultiPolygon", "arcs": [[[4545]], [[4546]]], "id": 2446}, {"type": "Polygon", "arcs": [[4547, 4548, 4549, 4550]], "id": 2447}, {"type": "Polygon", "arcs": [[4551]], "id": 2448}, {"type": "Polygon", "arcs": [[4552, 4553, 4554, 4555, 4556]], "id": 2449}, {"type": "Polygon", "arcs": [[4557, 4558, 4559, 4560]], "id": 2450}, {"type": "Polygon", "arcs": [[4561]], "id": 2451}, {"type": "Polygon", "arcs": [[4562, 4563, 4564, 4565]], "id": 2452}, {"type": "Polygon", "arcs": [[4566]], "id": 2453}, {"type": "Polygon", "arcs": [[4567, 4568, 4569]], "id": 2454}, {"type": "Polygon", "arcs": [[4570, 4571, 4572, 4573]], "id": 2455}, {"type": "Polygon", "arcs": [[4574]], "id": 2456}, {"type": "Polygon", "arcs": [[4575, 4576]], "id": 2457}, {"type": "Polygon", "arcs": [[4577, 4578, 4579, -5974, 4580, 4581, 4582]], "id": 2458}, {"type": "Polygon", "arcs": [[4583]], "id": 2459}, {"type": "Polygon", "arcs": [[4584, 4585]], "id": 2460}, {"type": "Polygon", "arcs": [[4586]], "id": 2461}, {"type": "Polygon", "arcs": [[4587]], "id": 2462}, {"type": "Polygon", "arcs": [[4588]], "id": 2463}, {"type": "Polygon", "arcs": [[4589]], "id": 2464}, {"type": "Polygon", "arcs": [[4590]], "id": 2465}, {"type": "Polygon", "arcs": [[4591]], "id": 2466}, {"type": "Polygon", "arcs": [[4592, 4593]], "id": 2467}, {"type": "Polygon", "arcs": [[4594]], "id": 2468}, {"type": "Polygon", "arcs": [[4595, 4596, 4597, 4598, 4599, 4600]], "id": 2469}, {"type": "Polygon", "arcs": [[4601, 4602, 4603]], "id": 2470}, {"type": "Polygon", "arcs": [[4604, 4605]], "id": 2471}, {"type": "Polygon", "arcs": [[4606, 4607]], "id": 2472}, {"type": "Polygon", "arcs": [[4608]], "id": 2473}, {"type": "Polygon", "arcs": [[4609, -5633]], "id": 2474}, {"type": "Polygon", "arcs": [[4610]], "id": 2475}, {"type": "Polygon", "arcs": [[4611, 4612]], "id": 2476}, {"type": "Polygon", "arcs": [[4613]], "id": 2477}, {"type": "Polygon", "arcs": [[4614, 4615, 4616]], "id": 2478}, {"type": "Polygon", "arcs": [[4617, 4618, 4619]], "id": 2479}, {"type": "Polygon", "arcs": [[4620, 4621, 4622]], "id": 2480}, {"type": "Polygon", "arcs": [[4623, 4624]], "id": 2481}, {"type": "Polygon", "arcs": [[4625]], "id": 2482}, {"type": "Polygon", "arcs": [[4626, 4627]], "id": 2483}, {"type": "Polygon", "arcs": [[4628]], "id": 2484}, {"type": "Polygon", "arcs": [[4629, 4630], [4631]], "id": 2485}, {"type": "Polygon", "arcs": [[4632]], "id": 2486}, {"type": "Polygon", "arcs": [[4633]], "id": 2487}, {"type": "Polygon", "arcs": [[4634, 4635, 4636, -5933, 4637, 4638]], "id": 2488}, {"type": "Polygon", "arcs": [[4639, 4640, 4641, 4642]], "id": 2489}, {"type": "Polygon", "arcs": [[4643, -5670, 4644, 4645]], "id": 2490}, {"type": "Polygon", "arcs": [[4646, 4647, 4648, 4649, 4650]], "id": 2491}, {"type": "Polygon", "arcs": [[4651]], "id": 2492}, {"type": "Polygon", "arcs": [[4652, 4653]], "id": 2493}, {"type": "Polygon", "arcs": [[4654, 4655]], "id": 2494}, {"type": "Polygon", "arcs": [[4656, -6392, 4657, 4658]], "id": 2495}, {"type": "Polygon", "arcs": [[4659]], "id": 2496}, {"type": "Polygon", "arcs": [[4660]], "id": 2497}, {"type": "Polygon", "arcs": [[4661]], "id": 2498}, {"type": "Polygon", "arcs": [[4662]], "id": 2499}, {"type": "Polygon", "arcs": [[4663, 4664, 4665, 4666, 4667]], "id": 2500}, {"type": "Polygon", "arcs": [[4668, 4669, 4670]], "id": 2501}, {"type": "Polygon", "arcs": [[4671]], "id": 2502}, {"type": "Polygon", "arcs": [[4672]], "id": 2503}, {"type": "Polygon", "arcs": [[-5190, 4673]], "id": 2504}, {"type": "Polygon", "arcs": [[4674, 4675]], "id": 2505}, {"type": "Polygon", "arcs": [[4676]], "id": 2506}, {"type": "Polygon", "arcs": [[4677]], "id": 2507}, {"type": "Polygon", "arcs": [[4678, 4679, 4680]], "id": 2508}, {"type": "Polygon", "arcs": [[4681, 4682]], "id": 2509}, {"type": "Polygon", "arcs": [[4683, 4684]], "id": 2510}, {"type": "Polygon", "arcs": [[4685]], "id": 2511}, {"type": "Polygon", "arcs": [[4686, 4687, 4688, 4689, 4690, 4691]], "id": 2512}, {"type": "Polygon", "arcs": [[-5683, 4692, 4693, 4694, 4695]], "id": 2513}, {"type": "Polygon", "arcs": [[4696, 4697]], "id": 2514}, {"type": "Polygon", "arcs": [[4698, 4699, -5313, 4700, -5358, -6187]], "id": 2515}, {"type": "Polygon", "arcs": [[-5598, 4701, -5834, 4702, 4703]], "id": 2516}, {"type": "Polygon", "arcs": [[-5391, 4704]], "id": 2517}, {"type": "Polygon", "arcs": [[-5745, 4705]], "id": 2518}, {"type": "Polygon", "arcs": [[4706, 4707, -5954, 4708, 4709]], "id": 2519}, {"type": "Polygon", "arcs": [[4710]], "id": 2520}, {"type": "Polygon", "arcs": [[4711]], "id": 2521}, {"type": "Polygon", "arcs": [[4712, -4851, 4713, 4714]], "id": 2522}, {"type": "Polygon", "arcs": [[4715, 4716, 4717, 4718, 4719, 4720, 4721]], "id": 2523}, {"type": "Polygon", "arcs": [[4722, -5723]], "id": 2524}, {"type": "Polygon", "arcs": [[4723, 4724, 4725]], "id": 2525}, {"type": "Polygon", "arcs": [[4726, 4727]], "id": 2526}, {"type": "Polygon", "arcs": [[4728]], "id": 2527}, {"type": "Polygon", "arcs": [[4729]], "id": 2528}, {"type": "Polygon", "arcs": [[4730]], "id": 2529}, {"type": "Polygon", "arcs": [[4731, 4732, 4733, 4734, 4735]], "id": 2530}, {"type": "Polygon", "arcs": [[4736, 4737, -5074, 4738]], "id": 2531}, {"type": "Polygon", "arcs": [[4739]], "id": 2532}, {"type": "Polygon", "arcs": [[4740, 4741]], "id": 2533}, {"type": "Polygon", "arcs": [[4742]], "id": 2534}, {"type": "Polygon", "arcs": [[4743]], "id": 2535}, {"type": "Polygon", "arcs": [[4744, 4745, 4746, 4747]], "id": 2536}, {"type": "MultiPolygon", "arcs": [[[4748]], [[4749]]], "id": 2537}, {"type": "Polygon", "arcs": [[4750, 4751]], "id": 2538}, {"type": "Polygon", "arcs": [[4752, 4753, 4754, 4755, 4756, 4757, -6252, 4758]], "id": 2539}, {"type": "Polygon", "arcs": [[4759]], "id": 2540}, {"type": "Polygon", "arcs": [[4760, -5985, 4761]], "id": 2541}, {"type": "Polygon", "arcs": [[4762, 4763, 4764, 4765]], "id": 2542}, {"type": "Polygon", "arcs": [[4766]], "id": 2543}, {"type": "Polygon", "arcs": [[4767, 4768]], "id": 2544}, {"type": "Polygon", "arcs": [[4769, 4770]], "id": 2545}, {"type": "Polygon", "arcs": [[4771, 4772, 4773, -5345]], "id": 2546}, {"type": "Polygon", "arcs": [[4774, 4775, 4776, 4777]], "id": 2547}, {"type": "Polygon", "arcs": [[4778]], "id": 2548}, {"type": "Polygon", "arcs": [[4779]], "id": 2549}, {"type": "Polygon", "arcs": [[4780, 4781, 4782, 4783, 4784, 4785]], "id": 2550}, {"type": "Polygon", "arcs": [[4786, 4787]], "id": 2551}, {"type": "Polygon", "arcs": [[4788]], "id": 2552}, {"type": "Polygon", "arcs": [[4789, 4790]], "id": 2553}, {"type": "Polygon", "arcs": [[4791, -6369, 4792, -6294, 4793]], "id": 2554}, {"type": "Polygon", "arcs": [[4794]], "id": 2555}, {"type": "Polygon", "arcs": [[4795]], "id": 2556}, {"type": "Polygon", "arcs": [[4796, 4797, 4798, 4799]], "id": 2557}, {"type": "Polygon", "arcs": [[4800]], "id": 2558}, {"type": "Polygon", "arcs": [[4801, 4802, 4803, 4804]], "id": 2559}, {"type": "Polygon", "arcs": [[4805, -5125, 4806, 4807]], "id": 2560}, {"type": "Polygon", "arcs": [[4808, 4809, 4810, 4811]], "id": 2561}, {"type": "Polygon", "arcs": [[4812, 4813]], "id": 2562}, {"type": "Polygon", "arcs": [[-4842, 4814]], "id": 2563}, {"type": "Polygon", "arcs": [[-5799, -5789, 4815]], "id": 2564}, {"type": "Polygon", "arcs": [[4816, 4817, 4818, 4819]], "id": 2565}, {"type": "Polygon", "arcs": [[-4830, 4820, -6480, 4821]], "id": 2566}, {"type": "Polygon", "arcs": [[4822]], "id": 2567}, {"type": "Polygon", "arcs": [[4823]], "id": 2568}, {"type": "Polygon", "arcs": [[4824]], "id": 2569}, {"type": "Polygon", "arcs": [[4825, 4826]], "id": 2570}, {"type": "Polygon", "arcs": [[4827, 4828, 4829, 4830]], "id": 2571}, {"type": "Polygon", "arcs": [[4831, 4832]], "id": 2572}, {"type": "Polygon", "arcs": [[4833]], "id": 2573}, {"type": "Polygon", "arcs": [[4834, 4835]], "id": 2574}, {"type": "Polygon", "arcs": [[4836, 4837]], "id": 2575}, {"type": "Polygon", "arcs": [[4838]], "id": 2576}, {"type": "Polygon", "arcs": [[4839, 4840]], "id": 2577}, {"type": "MultiPolygon", "arcs": [[[4841, 4842, 4843, 4844]], [[4845]]], "id": 2578}, {"type": "Polygon", "arcs": [[4846, 4847]], "id": 2579}, {"type": "Polygon", "arcs": [[4848]], "id": 2580}, {"type": "Polygon", "arcs": [[4849, -5046, 4850, 4851]], "id": 2581}, {"type": "Polygon", "arcs": [[4852]], "id": 2582}, {"type": "Polygon", "arcs": [[4853, 4854, 4855, 4856, 4857]], "id": 2583}, {"type": "Polygon", "arcs": [[4858, 4859, -6043]], "id": 2584}, {"type": "Polygon", "arcs": [[4860]], "id": 2585}, {"type": "Polygon", "arcs": [[-5064, 4861]], "id": 2586}, {"type": "Polygon", "arcs": [[4862, -5198, -5202, 4863, 4864]], "id": 2587}, {"type": "Polygon", "arcs": [[4865]], "id": 2588}, {"type": "Polygon", "arcs": [[4866]], "id": 2589}, {"type": "Polygon", "arcs": [[4867, 4868, 4869, 4870]], "id": 2590}, {"type": "Polygon", "arcs": [[4871, 4872, 4873, 4874, 4875, 4876, 4877, 4878]], "id": 2591}, {"type": "Polygon", "arcs": [[4879, 4880, 4881]], "id": 2592}, {"type": "Polygon", "arcs": [[4882, 4883, 4884, -6158]], "id": 2593}, {"type": "Polygon", "arcs": [[4885, 4886]], "id": 2594}, {"type": "Polygon", "arcs": [[4887]], "id": 2595}, {"type": "Polygon", "arcs": [[4888, 4889]], "id": 2596}, {"type": "Polygon", "arcs": [[-5208, 4890]], "id": 2597}, {"type": "Polygon", "arcs": [[4891, 4892, 4893]], "id": 2598}, {"type": "Polygon", "arcs": [[4894, 4895, 4896, 4897]], "id": 2599}, {"type": "Polygon", "arcs": [[4898, -5717, 4899, -5990]], "id": 2600}, {"type": "Polygon", "arcs": [[-6207, 4900, 4901, 4902]], "id": 2601}, {"type": "Polygon", "arcs": [[4903, 4904]], "id": 2602}, {"type": "Polygon", "arcs": [[4905, 4906, 4907, 4908]], "id": 2603}, {"type": "Polygon", "arcs": [[4909]], "id": 2604}, {"type": "Polygon", "arcs": [[4910]], "id": 2605}, {"type": "Polygon", "arcs": [[4911, 4912]], "id": 2606}, {"type": "Polygon", "arcs": [[4913, 4914]], "id": 2607}, {"type": "Polygon", "arcs": [[4915, 4916]], "id": 2608}, {"type": "Polygon", "arcs": [[4917, 4918, 4919, 4920, -5309, 4921]], "id": 2609}, {"type": "Polygon", "arcs": [[4922, -6032, 4923, 4924, 4925]], "id": 2610}, {"type": "Polygon", "arcs": [[4926, 4927, 4928, 4929]], "id": 2611}, {"type": "Polygon", "arcs": [[4930, 4931]], "id": 2612}, {"type": "Polygon", "arcs": [[4932, 4933, 4934, 4935]], "id": 2613}, {"type": "Polygon", "arcs": [[4936]], "id": 2614}, {"type": "Polygon", "arcs": [[4937]], "id": 2615}, {"type": "Polygon", "arcs": [[4938, 4939, 4940, 4941]], "id": 2616}, {"type": "Polygon", "arcs": [[4942, 4943, 4944]], "id": 2617}, {"type": "Polygon", "arcs": [[4945, 4946]], "id": 2618}, {"type": "Polygon", "arcs": [[4947, 4948]], "id": 2619}, {"type": "Polygon", "arcs": [[4949, 4950, -5614, 4951, 4952]], "id": 2620}, {"type": "Polygon", "arcs": [[4953, 4954, 4955, 4956]], "id": 2621}, {"type": "Polygon", "arcs": [[4957]], "id": 2622}, {"type": "Polygon", "arcs": [[4958, 4959, 4960, 4961]], "id": 2623}, {"type": "Polygon", "arcs": [[4962, 4963, -5890, 4964, 4965]], "id": 2624}, {"type": "Polygon", "arcs": [[4966, 4967]], "id": 2625}, {"type": "Polygon", "arcs": [[4968, 4969, 4970, 4971]], "id": 2626}, {"type": "Polygon", "arcs": [[4972, 4973]], "id": 2627}, {"type": "Polygon", "arcs": [[4974]], "id": 2628}, {"type": "Polygon", "arcs": [[4975, 4976, -5467, 4977]], "id": 2629}, {"type": "Polygon", "arcs": [[4978, 4979, 4980, 4981, 4982]], "id": 2630}, {"type": "Polygon", "arcs": [[4983, 4984, 4985, 4986, 4987]], "id": 2631}, {"type": "Polygon", "arcs": [[4988]], "id": 2632}, {"type": "Polygon", "arcs": [[4989, -6055]], "id": 2633}, {"type": "Polygon", "arcs": [[4990, 4991]], "id": 2634}, {"type": "Polygon", "arcs": [[4992, 4993]], "id": 2635}, {"type": "Polygon", "arcs": [[4994, 4995, 4996, 4997, 4998, 4999]], "id": 2636}, {"type": "Polygon", "arcs": [[5000, 5001, 5002, 5003]], "id": 2637}, {"type": "Polygon", "arcs": [[5004]], "id": 2638}, {"type": "Polygon", "arcs": [[5005, 5006, 5007, -5158]], "id": 2639}, {"type": "Polygon", "arcs": [[5008, 5009]], "id": 2640}, {"type": "Polygon", "arcs": [[5010]], "id": 2641}, {"type": "Polygon", "arcs": [[5011, 5012, 5013, 5014]], "id": 2642}, {"type": "Polygon", "arcs": [[5015]], "id": 2643}, {"type": "Polygon", "arcs": [[5016, 5017, 5018]], "id": 2644}, {"type": "Polygon", "arcs": [[5019]], "id": 2645}, {"type": "Polygon", "arcs": [[5020]], "id": 2646}, {"type": "Polygon", "arcs": [[5021, 5022]], "id": 2647}, {"type": "Polygon", "arcs": [[-5643, 5023, 5024, 5025, 5026, 5027]], "id": 2648}, {"type": "Polygon", "arcs": [[5028, 5029]], "id": 2649}, {"type": "Polygon", "arcs": [[5030]], "id": 2650}, {"type": "Polygon", "arcs": [[5031, 5032, -6323, 5033, 5034, 5035, 5036, 5037, 5038, 5039, 5040]], "id": 2651}, {"type": "Polygon", "arcs": [[5041, 5042, 5043, 5044, 5045]], "id": 2652}, {"type": "Polygon", "arcs": [[5046]], "id": 2653}, {"type": "Polygon", "arcs": [[5047, 5048, 5049, 5050]], "id": 2654}, {"type": "Polygon", "arcs": [[5051, 5052, 5053, 5054]], "id": 2655}, {"type": "Polygon", "arcs": [[5055, 5056]], "id": 2656}, {"type": "Polygon", "arcs": [[5057, 5058, 5059]], "id": 2657}, {"type": "Polygon", "arcs": [[5060, 5061]], "id": 2658}, {"type": "Polygon", "arcs": [[5062, 5063, 5064, 5065, 5066, -5177, 5067]], "id": 2659}, {"type": "Polygon", "arcs": [[-5833, 5068, 5069, 5070]], "id": 2660}, {"type": "Polygon", "arcs": [[5071, 5072, 5073, 5074]], "id": 2661}, {"type": "Polygon", "arcs": [[5075, 5076]], "id": 2662}, {"type": "Polygon", "arcs": [[5077]], "id": 2663}, {"type": "Polygon", "arcs": [[5078, 5079]], "id": 2664}, {"type": "Polygon", "arcs": [[5080, 5081]], "id": 2665}, {"type": "Polygon", "arcs": [[5082, 5083, 5084, 5085]], "id": 2666}, {"type": "Polygon", "arcs": [[5086, 5087]], "id": 2667}, {"type": "Polygon", "arcs": [[5088]], "id": 2668}, {"type": "Polygon", "arcs": [[5089, -5826, 5090, 5091, 5092, 5093]], "id": 2669}, {"type": "Polygon", "arcs": [[5094, 5095, 5096, 5097]], "id": 2670}, {"type": "Polygon", "arcs": [[5098, 5099, -6483, 5100]], "id": 2671}, {"type": "Polygon", "arcs": [[5101]], "id": 2672}, {"type": "Polygon", "arcs": [[5102]], "id": 2673}, {"type": "Polygon", "arcs": [[5103]], "id": 2674}, {"type": "Polygon", "arcs": [[5104]], "id": 2675}, {"type": "Polygon", "arcs": [[5105, 5106]], "id": 2676}, {"type": "Polygon", "arcs": [[5107, 5108, 5109, 5110]], "id": 2677}, {"type": "Polygon", "arcs": [[5111]], "id": 2678}, {"type": "Polygon", "arcs": [[5112, 5113]], "id": 2679}, {"type": "Polygon", "arcs": [[-5711, 5114]], "id": 2680}, {"type": "Polygon", "arcs": [[5115]], "id": 2681}, {"type": "Polygon", "arcs": [[5116, 5117, 5118, 5119, 5120]], "id": 2682}, {"type": "Polygon", "arcs": [[5121, 5122, 5123]], "id": 2683}, {"type": "Polygon", "arcs": [[5124, 5125, -5322, 5126]], "id": 2684}, {"type": "Polygon", "arcs": [[5127, 5128]], "id": 2685}, {"type": "Polygon", "arcs": [[5129, 5130, 5131, 5132]], "id": 2686}, {"type": "Polygon", "arcs": [[5133]], "id": 2687}, {"type": "Polygon", "arcs": [[5134, 5135, 5136, 5137]], "id": 2688}, {"type": "Polygon", "arcs": [[5138, 5139]], "id": 2689}, {"type": "Polygon", "arcs": [[-5412, 5140, 5141, 5142]], "id": 2690}, {"type": "Polygon", "arcs": [[5143]], "id": 2691}, {"type": "Polygon", "arcs": [[5144, 5145]], "id": 2692}, {"type": "Polygon", "arcs": [[5146, 5147, 5148]], "id": 2693}, {"type": "Polygon", "arcs": [[5149, 5150]], "id": 2694}, {"type": "Polygon", "arcs": [[5151, 5152, 5153, 5154]], "id": 2695}, {"type": "Polygon", "arcs": [[5155, 5156]], "id": 2696}, {"type": "Polygon", "arcs": [[5157, 5158]], "id": 2697}, {"type": "Polygon", "arcs": [[5159, 5160]], "id": 2698}, {"type": "Polygon", "arcs": [[5161, 5162, 5163, 5164]], "id": 2699}, {"type": "Polygon", "arcs": [[5165]], "id": 2700}, {"type": "Polygon", "arcs": [[5166]], "id": 2701}, {"type": "MultiPolygon", "arcs": [[[5167]], [[5168]], [[5169]]], "id": 2702}, {"type": "Polygon", "arcs": [[5170, 5171]], "id": 2703}, {"type": "Polygon", "arcs": [[5172, 5173, 5174, 5175, 5176]], "id": 2704}, {"type": "Polygon", "arcs": [[5177, 5178, 5179, 5180]], "id": 2705}, {"type": "Polygon", "arcs": [[5181]], "id": 2706}, {"type": "Polygon", "arcs": [[5182]], "id": 2707}, {"type": "Polygon", "arcs": [[5183]], "id": 2708}, {"type": "Polygon", "arcs": [[5184, 5185]], "id": 2709}, {"type": "Polygon", "arcs": [[5186, 5187]], "id": 2710}, {"type": "Polygon", "arcs": [[5188]], "id": 2711}, {"type": "Polygon", "arcs": [[5189, 5190]], "id": 2712}, {"type": "Polygon", "arcs": [[5191, 5192, -5611, 5193]], "id": 2713}, {"type": "Polygon", "arcs": [[5194, 5195, 5196, -5203, 5197, 5198]], "id": 2714}, {"type": "Polygon", "arcs": [[5199]], "id": 2715}, {"type": "Polygon", "arcs": [[5200]], "id": 2716}, {"type": "Polygon", "arcs": [[5201, 5202, 5203, 5204, 5205]], "id": 2717}, {"type": "Polygon", "arcs": [[-5414, 5206, 5207, 5208]], "id": 2718}, {"type": "Polygon", "arcs": [[5209]], "id": 2719}, {"type": "Polygon", "arcs": [[5210, -6190]], "id": 2720}, {"type": "Polygon", "arcs": [[5211, 5212, -5927, 5213, 5214]], "id": 2721}, {"type": "Polygon", "arcs": [[5215, 5216]], "id": 2722}, {"type": "Polygon", "arcs": [[5217, 5218]], "id": 2723}, {"type": "Polygon", "arcs": [[5219]], "id": 2724}, {"type": "Polygon", "arcs": [[5220, 5221, 5222, 5223]], "id": 2725}, {"type": "Polygon", "arcs": [[5224, 5225, 5226]], "id": 2726}, {"type": "Polygon", "arcs": [[5227]], "id": 2727}, {"type": "Polygon", "arcs": [[5228]], "id": 2728}, {"type": "Polygon", "arcs": [[5229, 5230, 5231]], "id": 2729}, {"type": "Polygon", "arcs": [[-6461, 5232, 5233]], "id": 2730}, {"type": "Polygon", "arcs": [[5234]], "id": 2731}, {"type": "Polygon", "arcs": [[5235, 5236, 5237, 5238]], "id": 2732}, {"type": "Polygon", "arcs": [[5239, 5240]], "id": 2733}, {"type": "Polygon", "arcs": [[5241, 5242, 5243, 5244]], "id": 2734}, {"type": "Polygon", "arcs": [[5245]], "id": 2735}, {"type": "Polygon", "arcs": [[5246]], "id": 2736}, {"type": "Polygon", "arcs": [[5247]], "id": 2737}, {"type": "Polygon", "arcs": [[5248]], "id": 2738}, {"type": "Polygon", "arcs": [[5249]], "id": 2739}, {"type": "Polygon", "arcs": [[5250, 5251]], "id": 2740}, {"type": "Polygon", "arcs": [[5252, 5253, 5254, 5255, 5256]], "id": 2741}, {"type": "Polygon", "arcs": [[5257, 5258, 5259, 5260]], "id": 2742}, {"type": "Polygon", "arcs": [[5261]], "id": 2743}, {"type": "Polygon", "arcs": [[5262]], "id": 2744}, {"type": "Polygon", "arcs": [[5263, 5264]], "id": 2745}, {"type": "Polygon", "arcs": [[5265]], "id": 2746}, {"type": "Polygon", "arcs": [[5266, 5267, 5268, 5269, 5270, 5271, 5272]], "id": 2747}, {"type": "Polygon", "arcs": [[5273]], "id": 2748}, {"type": "Polygon", "arcs": [[5274]], "id": 2749}, {"type": "Polygon", "arcs": [[5275]], "id": 2750}, {"type": "Polygon", "arcs": [[-5689, 5276, 5277]], "id": 2751}, {"type": "Polygon", "arcs": [[5278, 5279, 5280, 5281]], "id": 2752}, {"type": "Polygon", "arcs": [[5282, 5283]], "id": 2753}, {"type": "Polygon", "arcs": [[5284]], "id": 2754}, {"type": "Polygon", "arcs": [[5285, 5286]], "id": 2755}, {"type": "Polygon", "arcs": [[5287]], "id": 2756}, {"type": "Polygon", "arcs": [[-6139, 5288]], "id": 2757}, {"type": "Polygon", "arcs": [[5289, 5290]], "id": 2758}, {"type": "MultiPolygon", "arcs": [[[5291]], [[5292]], [[5293]]], "id": 2759}, {"type": "Polygon", "arcs": [[5294, 5295, 5296, 5297]], "id": 2760}, {"type": "Polygon", "arcs": [[5298, 5299]], "id": 2761}, {"type": "Polygon", "arcs": [[5300, 5301, 5302, 5303, 5304]], "id": 2762}, {"type": "Polygon", "arcs": [[5305, 5306]], "id": 2763}, {"type": "Polygon", "arcs": [[-5380, 5307]], "id": 2764}, {"type": "Polygon", "arcs": [[5308, 5309, 5310, 5311]], "id": 2765}, {"type": "Polygon", "arcs": [[5312, -5735, 5313, 5314]], "id": 2766}, {"type": "Polygon", "arcs": [[5315, 5316]], "id": 2767}, {"type": "Polygon", "arcs": [[5317]], "id": 2768}, {"type": "Polygon", "arcs": [[5318, 5319, 5320, 5321]], "id": 2769}, {"type": "Polygon", "arcs": [[5322]], "id": 2770}, {"type": "Polygon", "arcs": [[5323]], "id": 2771}, {"type": "Polygon", "arcs": [[5324, 5325]], "id": 2772}, {"type": "Polygon", "arcs": [[5326, 5327]], "id": 2773}, {"type": "Polygon", "arcs": [[5328]], "id": 2774}, {"type": "Polygon", "arcs": [[5329]], "id": 2775}, {"type": "Polygon", "arcs": [[5330, 5331, 5332, 5333, 5334, 5335]], "id": 2776}, {"type": "Polygon", "arcs": [[5336, 5337]], "id": 2777}, {"type": "Polygon", "arcs": [[5338, -6100, 5339, 5340, 5341, 5342, 5343, 5344]], "id": 2778}, {"type": "Polygon", "arcs": [[5345, 5346, 5347]], "id": 2779}, {"type": "Polygon", "arcs": [[5348, 5349, 5350, 5351]], "id": 2780}, {"type": "Polygon", "arcs": [[5352, 5353]], "id": 2781}, {"type": "Polygon", "arcs": [[5354]], "id": 2782}, {"type": "Polygon", "arcs": [[5355, 5356, 5357, 5358, 5359]], "id": 2783}, {"type": "Polygon", "arcs": [[5360, 5361]], "id": 2784}, {"type": "Polygon", "arcs": [[5362]], "id": 2785}, {"type": "Polygon", "arcs": [[5363]], "id": 2786}, {"type": "Polygon", "arcs": [[5364]], "id": 2787}, {"type": "Polygon", "arcs": [[5365]], "id": 2788}, {"type": "Polygon", "arcs": [[5366]], "id": 2789}, {"type": "Polygon", "arcs": [[5367, 5368, 5369, 5370]], "id": 2790}, {"type": "Polygon", "arcs": [[5371]], "id": 2791}, {"type": "Polygon", "arcs": [[5372]], "id": 2792}, {"type": "Polygon", "arcs": [[5373, 5374]], "id": 2793}, {"type": "Polygon", "arcs": [[5375, 5376, 5377, 5378, 5379, 5380]], "id": 2794}, {"type": "Polygon", "arcs": [[-5824, 5381]], "id": 2795}, {"type": "Polygon", "arcs": [[5382]], "id": 2796}, {"type": "Polygon", "arcs": [[5383]], "id": 2797}, {"type": "Polygon", "arcs": [[5384]], "id": 2798}, {"type": "Polygon", "arcs": [[5385, 5386]], "id": 2799}, {"type": "Polygon", "arcs": [[5387, 5388]], "id": 2800}, {"type": "Polygon", "arcs": [[5389, -5678]], "id": 2801}, {"type": "Polygon", "arcs": [[5390, 5391]], "id": 2802}, {"type": "Polygon", "arcs": [[5392, 5393, 5394]], "id": 2803}, {"type": "Polygon", "arcs": [[5395, 5396, 5397, 5398]], "id": 2804}, {"type": "Polygon", "arcs": [[5399, -5768, -5841]], "id": 2805}, {"type": "Polygon", "arcs": [[5400]], "id": 2806}, {"type": "Polygon", "arcs": [[-5758, 5401]], "id": 2807}, {"type": "Polygon", "arcs": [[5402, 5403, 5404, 5405, 5406, 5407, 5408]], "id": 2808}, {"type": "Polygon", "arcs": [[5409]], "id": 2809}, {"type": "Polygon", "arcs": [[5410]], "id": 2810}, {"type": "Polygon", "arcs": [[5411, 5412, 5413, 5414]], "id": 2811}, {"type": "Polygon", "arcs": [[5415, 5416]], "id": 2812}, {"type": "Polygon", "arcs": [[5417, 5418, 5419, 5420]], "id": 2813}, {"type": "Polygon", "arcs": [[5421]], "id": 2814}, {"type": "Polygon", "arcs": [[5422, 5423]], "id": 2815}, {"type": "MultiPolygon", "arcs": [[[5424]], [[5425]]], "id": 2816}, {"type": "Polygon", "arcs": [[5426, 5427]], "id": 2817}, {"type": "Polygon", "arcs": [[5428]], "id": 2818}, {"type": "Polygon", "arcs": [[5429, 5430, 5431, 5432, 5433, 5434]], "id": 2819}, {"type": "Polygon", "arcs": [[5435]], "id": 2820}, {"type": "Polygon", "arcs": [[5436, 5437, 5438, 5439]], "id": 2821}, {"type": "Polygon", "arcs": [[5440]], "id": 2822}, {"type": "Polygon", "arcs": [[5441]], "id": 2823}, {"type": "Polygon", "arcs": [[5442, 5443, 5444, 5445, 5446, 5447]], "id": 2824}, {"type": "Polygon", "arcs": [[5448]], "id": 2825}, {"type": "Polygon", "arcs": [[5449]], "id": 2826}, {"type": "Polygon", "arcs": [[5450, 5451, 5452, 5453, 5454, 5455, 5456]], "id": 2827}, {"type": "Polygon", "arcs": [[5457, -6111, 5458]], "id": 2828}, {"type": "Polygon", "arcs": [[5459, 5460]], "id": 2829}, {"type": "Polygon", "arcs": [[5461]], "id": 2830}, {"type": "Polygon", "arcs": [[5462]], "id": 2831}, {"type": "Polygon", "arcs": [[5463]], "id": 2832}, {"type": "Polygon", "arcs": [[5464]], "id": 2833}, {"type": "Polygon", "arcs": [[5465]], "id": 2834}, {"type": "Polygon", "arcs": [[5466, 5467]], "id": 2835}, {"type": "Polygon", "arcs": [[5468]], "id": 2836}, {"type": "Polygon", "arcs": [[5469, 5470]], "id": 2837}, {"type": "Polygon", "arcs": [[5471]], "id": 2838}, {"type": "Polygon", "arcs": [[5472, 5473, 5474, -5489]], "id": 2839}, {"type": "Polygon", "arcs": [[5475, 5476]], "id": 2840}, {"type": "Polygon", "arcs": [[5477, 5478, 5479, 5480]], "id": 2841}, {"type": "Polygon", "arcs": [[5481]], "id": 2842}, {"type": "Polygon", "arcs": [[5482, 5483, 5484, 5485]], "id": 2843}, {"type": "Polygon", "arcs": [[5486, 5487]], "id": 2844}, {"type": "Polygon", "arcs": [[5488, 5489]], "id": 2845}, {"type": "Polygon", "arcs": [[5490, 5491, 5492, -5862]], "id": 2846}, {"type": "Polygon", "arcs": [[5493, 5494]], "id": 2847}, {"type": "Polygon", "arcs": [[5495, -5587, 5496]], "id": 2848}, {"type": "Polygon", "arcs": [[5497, 5498, 5499]], "id": 2849}, {"type": "Polygon", "arcs": [[5500, 5501]], "id": 2850}, {"type": "Polygon", "arcs": [[5502]], "id": 2851}, {"type": "Polygon", "arcs": [[-5681, 5503, 5504, 5505]], "id": 2852}, {"type": "Polygon", "arcs": [[5506]], "id": 2853}, {"type": "Polygon", "arcs": [[5507, 5508, 5509]], "id": 2854}, {"type": "Polygon", "arcs": [[5510, 5511]], "id": 2855}, {"type": "MultiPolygon", "arcs": [[[5512], [5513, 5514]], [[5515, 5516]]], "id": 2856}, {"type": "Polygon", "arcs": [[5517, 5518, 5519, 5520]], "id": 2857}, {"type": "Polygon", "arcs": [[5521]], "id": 2858}, {"type": "Polygon", "arcs": [[5522]], "id": 2859}, {"type": "Polygon", "arcs": [[5523]], "id": 2860}, {"type": "Polygon", "arcs": [[5524, 5525, 5526, 5527]], "id": 2861}, {"type": "Polygon", "arcs": [[5528, 5529]], "id": 2862}, {"type": "Polygon", "arcs": [[5530, 5531]], "id": 2863}, {"type": "Polygon", "arcs": [[5532, 5533, 5534, 5535]], "id": 2864}, {"type": "Polygon", "arcs": [[5536, 5537]], "id": 2865}, {"type": "Polygon", "arcs": [[5538]], "id": 2866}, {"type": "Polygon", "arcs": [[5539]], "id": 2867}, {"type": "Polygon", "arcs": [[5540, 5541, 5542, -6199]], "id": 2868}, {"type": "Polygon", "arcs": [[5543]], "id": 2869}, {"type": "Polygon", "arcs": [[5544, 5545]], "id": 2870}, {"type": "Polygon", "arcs": [[5546, 5547, 5548, 5549, 5550, 5551, 5552]], "id": 2871}, {"type": "Polygon", "arcs": [[5553, 5554, 5555]], "id": 2872}, {"type": "Polygon", "arcs": [[5556]], "id": 2873}, {"type": "Polygon", "arcs": [[5557]], "id": 2874}, {"type": "Polygon", "arcs": [[5558, 5559]], "id": 2875}, {"type": "Polygon", "arcs": [[5560, 5561, 5562, 5563]], "id": 2876}, {"type": "Polygon", "arcs": [[5564, 5565]], "id": 2877}, {"type": "Polygon", "arcs": [[5566, 5567, 5568, 5569, 5570, 5571]], "id": 2878}, {"type": "Polygon", "arcs": [[5572]], "id": 2879}, {"type": "Polygon", "arcs": [[5573]], "id": 2880}, {"type": "Polygon", "arcs": [[5574, 5575, -5967, 5576]], "id": 2881}, {"type": "Polygon", "arcs": [[5577]], "id": 2882}, {"type": "Polygon", "arcs": [[5578, 5579, 5580, 5581, -6271]], "id": 2883}, {"type": "Polygon", "arcs": [[5582, 5583]], "id": 2884}, {"type": "Polygon", "arcs": [[5584, 5585, 5586, 5587]], "id": 2885}, {"type": "Polygon", "arcs": [[5588, 5589]], "id": 2886}, {"type": "Polygon", "arcs": [[5590, 5591, 5592, 5593, 5594]], "id": 2887}, {"type": "Polygon", "arcs": [[5595]], "id": 2888}, {"type": "Polygon", "arcs": [[5596, 5597, 5598, 5599, 5600]], "id": 2889}, {"type": "Polygon", "arcs": [[5601]], "id": 2890}, {"type": "Polygon", "arcs": [[5602, 5603, 5604, 5605]], "id": 2891}, {"type": "Polygon", "arcs": [[5606, 5607, 5608]], "id": 2892}, {"type": "Polygon", "arcs": [[5609, 5610, 5611, 5612, 5613]], "id": 2893}, {"type": "MultiPolygon", "arcs": [[[5614]], [[5615]]], "id": 2894}, {"type": "Polygon", "arcs": [[-5810, 5616, -6175, 5617]], "id": 2895}, {"type": "Polygon", "arcs": [[5618]], "id": 2896}, {"type": "Polygon", "arcs": [[5619, 5620]], "id": 2897}, {"type": "Polygon", "arcs": [[5621, 5622]], "id": 2898}, {"type": "Polygon", "arcs": [[5623, 5624, 5625, -6244, 5626]], "id": 2899}, {"type": "Polygon", "arcs": [[-6066, 5627, -5817, 5628]], "id": 2900}, {"type": "Polygon", "arcs": [[5629, 5630, 5631, 5632]], "id": 2901}, {"type": "Polygon", "arcs": [[5633, 5634, 5635, 5636]], "id": 2902}, {"type": "Polygon", "arcs": [[5637, 5638, 5639]], "id": 2903}, {"type": "Polygon", "arcs": [[5640, 5641, 5642, 5643]], "id": 2904}, {"type": "Polygon", "arcs": [[5644, 5645, 5646, 5647]], "id": 2905}, {"type": "Polygon", "arcs": [[5648, 5649, 5650, 5651]], "id": 2906}, {"type": "Polygon", "arcs": [[5652]], "id": 2907}, {"type": "Polygon", "arcs": [[5653, 5654, 5655, 5656]], "id": 2908}, {"type": "Polygon", "arcs": [[5657, 5658, 5659, 5660]], "id": 2909}, {"type": "Polygon", "arcs": [[5661]], "id": 2910}, {"type": "Polygon", "arcs": [[5662, 5663, -6409, 5664]], "id": 2911}, {"type": "Polygon", "arcs": [[5665, 5666, 5667]], "id": 2912}, {"type": "Polygon", "arcs": [[5668]], "id": 2913}, {"type": "Polygon", "arcs": [[5669, 5670, 5671, 5672, 5673]], "id": 2914}, {"type": "Polygon", "arcs": [[5674]], "id": 2915}, {"type": "Polygon", "arcs": [[5675, 5676, 5677, 5678]], "id": 2916}, {"type": "Polygon", "arcs": [[5679]], "id": 2917}, {"type": "Polygon", "arcs": [[5680, 5681, 5682, 5683]], "id": 2918}, {"type": "Polygon", "arcs": [[5684]], "id": 2919}, {"type": "Polygon", "arcs": [[5685]], "id": 2920}, {"type": "Polygon", "arcs": [[5686, 5687, 5688, 5689, 5690, 5691, 5692, 5693]], "id": 2921}, {"type": "Polygon", "arcs": [[5694]], "id": 2922}, {"type": "Polygon", "arcs": [[-6134, 5695, -6136, 5696]], "id": 2923}, {"type": "Polygon", "arcs": [[5697, 5698]], "id": 2924}, {"type": "Polygon", "arcs": [[5699], [5700]], "id": 2925}, {"type": "Polygon", "arcs": [[5701, 5702]], "id": 2926}, {"type": "Polygon", "arcs": [[5703]], "id": 2927}, {"type": "Polygon", "arcs": [[5704]], "id": 2928}, {"type": "Polygon", "arcs": [[5705]], "id": 2929}, {"type": "Polygon", "arcs": [[5706, 5707, 5708, 5709]], "id": 2930}, {"type": "Polygon", "arcs": [[5710, 5711]], "id": 2931}, {"type": "Polygon", "arcs": [[5712]], "id": 2932}, {"type": "Polygon", "arcs": [[5713, 5714]], "id": 2933}, {"type": "Polygon", "arcs": [[5715, 5716, 5717, 5718, 5719, 5720]], "id": 2934}, {"type": "Polygon", "arcs": [[5721, 5722, 5723]], "id": 2935}, {"type": "Polygon", "arcs": [[5724]], "id": 2936}, {"type": "Polygon", "arcs": [[5725, 5726, 5727, -6227]], "id": 2937}, {"type": "Polygon", "arcs": [[5728, 5729, -6310, 5730, 5731]], "id": 2938}, {"type": "Polygon", "arcs": [[5732, 5733]], "id": 2939}, {"type": "Polygon", "arcs": [[5734, 5735, 5736, 5737]], "id": 2940}, {"type": "Polygon", "arcs": [[5738]], "id": 2941}, {"type": "Polygon", "arcs": [[5739, 5740, 5741, 5742]], "id": 2942}, {"type": "Polygon", "arcs": [[5743]], "id": 2943}, {"type": "Polygon", "arcs": [[5744, 5745]], "id": 2944}, {"type": "Polygon", "arcs": [[5746, 5747]], "id": 2945}, {"type": "Polygon", "arcs": [[5748, 5749, 5750, 5751]], "id": 2946}, {"type": "Polygon", "arcs": [[5752, 5753, 5754]], "id": 2947}, {"type": "Polygon", "arcs": [[5755]], "id": 2948}, {"type": "Polygon", "arcs": [[5756, 5757, 5758, 5759]], "id": 2949}, {"type": "Polygon", "arcs": [[5760, 5761]], "id": 2950}, {"type": "Polygon", "arcs": [[5762]], "id": 2951}, {"type": "Polygon", "arcs": [[5763, 5764]], "id": 2952}, {"type": "Polygon", "arcs": [[5765, 5766, -5842, 5767, 5768, 5769, 5770]], "id": 2953}, {"type": "Polygon", "arcs": [[5771, 5772]], "id": 2954}, {"type": "Polygon", "arcs": [[5773, 5774, 5775, 5776, 5777]], "id": 2955}, {"type": "Polygon", "arcs": [[5778, 5779, 5780, 5781, 5782]], "id": 2956}, {"type": "Polygon", "arcs": [[5783, 5784, 5785, 5786, 5787, 5788, -5798, 5789, -5796]], "id": 2957}, {"type": "MultiPolygon", "arcs": [[[5790]], [[5791, 5792, 5793, 5794, 5795, 5796, 5797, 5798, 5799]]], "id": 2958}, {"type": "Polygon", "arcs": [[5800, 5801, -6478, 5802]], "id": 2959}, {"type": "Polygon", "arcs": [[5803, 5804]], "id": 2960}, {"type": "Polygon", "arcs": [[5805]], "id": 2961}, {"type": "Polygon", "arcs": [[5806]], "id": 2962}, {"type": "Polygon", "arcs": [[5807]], "id": 2963}, {"type": "Polygon", "arcs": [[5808, 5809, 5810, 5811]], "id": 2964}, {"type": "Polygon", "arcs": [[5812, 5813]], "id": 2965}, {"type": "Polygon", "arcs": [[5814, 5815, 5816, 5817]], "id": 2966}, {"type": "Polygon", "arcs": [[5818]], "id": 2967}, {"type": "Polygon", "arcs": [[5819, 5820]], "id": 2968}, {"type": "Polygon", "arcs": [[5821, 5822]], "id": 2969}, {"type": "Polygon", "arcs": [[5823, 5824, 5825, 5826, 5827, 5828]], "id": 2970}, {"type": "Polygon", "arcs": [[5829, 5830, 5831, 5832, 5833]], "id": 2971}, {"type": "Polygon", "arcs": [[5834]], "id": 2972}, {"type": "Polygon", "arcs": [[5835]], "id": 2973}, {"type": "Polygon", "arcs": [[5836, 5837, 5838, 5839]], "id": 2974}, {"type": "Polygon", "arcs": [[5840, 5841, 5842]], "id": 2975}, {"type": "Polygon", "arcs": [[5843]], "id": 2976}, {"type": "Polygon", "arcs": [[5844], [5845]], "id": 2977}, {"type": "Polygon", "arcs": [[5846]], "id": 2978}, {"type": "Polygon", "arcs": [[5847, 5848, 5849, 5850, 5851, 5852]], "id": 2979}, {"type": "Polygon", "arcs": [[5853, -6236, 5854, -6240]], "id": 2980}, {"type": "Polygon", "arcs": [[5855]], "id": 2981}, {"type": "Polygon", "arcs": [[5856]], "id": 2982}, {"type": "Polygon", "arcs": [[5857, 5858, 5859, 5860]], "id": 2983}, {"type": "Polygon", "arcs": [[5861, 5862]], "id": 2984}, {"type": "Polygon", "arcs": [[5863]], "id": 2985}, {"type": "Polygon", "arcs": [[5864]], "id": 2986}, {"type": "Polygon", "arcs": [[5865]], "id": 2987}, {"type": "Polygon", "arcs": [[5866]], "id": 2988}, {"type": "Polygon", "arcs": [[5867]], "id": 2989}, {"type": "Polygon", "arcs": [[5868]], "id": 2990}, {"type": "Polygon", "arcs": [[5869]], "id": 2991}, {"type": "Polygon", "arcs": [[5870, 5871]], "id": 2992}, {"type": "Polygon", "arcs": [[5872]], "id": 2993}, {"type": "Polygon", "arcs": [[5873, 5874, 5875, 5876]], "id": 2994}, {"type": "Polygon", "arcs": [[5877]], "id": 2995}, {"type": "Polygon", "arcs": [[5878], [5879]], "id": 2996}, {"type": "Polygon", "arcs": [[5880, 5881]], "id": 2997}, {"type": "Polygon", "arcs": [[5882, 5883]], "id": 2998}, {"type": "Polygon", "arcs": [[5884, 5885]], "id": 2999}, {"type": "MultiPolygon", "arcs": [[[5886, -5905, 5887, 5888, 5889, 5890]], [[5891]], [[5892, 5893], [5894]], [[5895]], [[5896, 5897]], [[5898, 5899]], [[5900, 5901]], [[5902, 5903, 5904]]], "id": 3000}, {"type": "Polygon", "arcs": [[5905]], "id": 3001}, {"type": "Polygon", "arcs": [[5906, 5907]], "id": 3002}, {"type": "Polygon", "arcs": [[5908, 5909, 5910, 5911, 5912]], "id": 3003}, {"type": "Polygon", "arcs": [[5913, 5914]], "id": 3004}, {"type": "Polygon", "arcs": [[-6306, 5915]], "id": 3005}, {"type": "Polygon", "arcs": [[5916]], "id": 3006}, {"type": "Polygon", "arcs": [[5917, 5918, -6367, 5919]], "id": 3007}, {"type": "Polygon", "arcs": [[5920, 5921, 5922, 5923, 5924]], "id": 3008}, {"type": "Polygon", "arcs": [[5925]], "id": 3009}, {"type": "Polygon", "arcs": [[5926, 5927, 5928, 5929]], "id": 3010}, {"type": "Polygon", "arcs": [[5930, 5931, 5932, 5933, 5934]], "id": 3011}, {"type": "Polygon", "arcs": [[5935, 5936, 5937, 5938]], "id": 3012}, {"type": "Polygon", "arcs": [[-6173, 5939, 5940]], "id": 3013}, {"type": "Polygon", "arcs": [[5941, 5942, 5943, 5944]], "id": 3014}, {"type": "Polygon", "arcs": [[5945]], "id": 3015}, {"type": "Polygon", "arcs": [[5946]], "id": 3016}, {"type": "Polygon", "arcs": [[5947, 5948, 5949, 5950]], "id": 3017}, {"type": "Polygon", "arcs": [[5951]], "id": 3018}, {"type": "Polygon", "arcs": [[5952, 5953, 5954]], "id": 3019}, {"type": "Polygon", "arcs": [[5955]], "id": 3020}, {"type": "Polygon", "arcs": [[5956]], "id": 3021}, {"type": "Polygon", "arcs": [[5957, 5958]], "id": 3022}, {"type": "Polygon", "arcs": [[5959]], "id": 3023}, {"type": "Polygon", "arcs": [[5960, 5961, 5962, 5963]], "id": 3024}, {"type": "Polygon", "arcs": [[5964, 5965]], "id": 3025}, {"type": "Polygon", "arcs": [[5966, 5967]], "id": 3026}, {"type": "Polygon", "arcs": [[5968]], "id": 3027}, {"type": "Polygon", "arcs": [[5969]], "id": 3028}, {"type": "Polygon", "arcs": [[-6211, 5970]], "id": 3029}, {"type": "Polygon", "arcs": [[5971, 5972, 5973, 5974, 5975]], "id": 3030}, {"type": "Polygon", "arcs": [[5976]], "id": 3031}, {"type": "Polygon", "arcs": [[5977]], "id": 3032}, {"type": "Polygon", "arcs": [[5978, 5979, 5980, 5981]], "id": 3033}, {"type": "Polygon", "arcs": [[5982]], "id": 3034}, {"type": "Polygon", "arcs": [[5983, 5984, 5985, 5986, 5987]], "id": 3035}, {"type": "Polygon", "arcs": [[5988, 5989, 5990, 5991, 5992, -6326, 5993]], "id": 3036}, {"type": "Polygon", "arcs": [[5994, 5995]], "id": 3037}, {"type": "Polygon", "arcs": [[5996, 5997, 5998, 5999]], "id": 3038}, {"type": "Polygon", "arcs": [[6000]], "id": 3039}, {"type": "Polygon", "arcs": [[6001, 6002, 6003, 6004, 6005, 6006, 6007]], "id": 3040}, {"type": "Polygon", "arcs": [[6008]], "id": 3041}, {"type": "Polygon", "arcs": [[6009, -6425, 6010, 6011, 6012]], "id": 3042}, {"type": "Polygon", "arcs": [[6013]], "id": 3043}, {"type": "Polygon", "arcs": [[6014]], "id": 3044}, {"type": "Polygon", "arcs": [[6015]], "id": 3045}, {"type": "Polygon", "arcs": [[6016]], "id": 3046}, {"type": "Polygon", "arcs": [[6017, 6018, 6019, 6020, 6021]], "id": 3047}, {"type": "Polygon", "arcs": [[-6079, 6022]], "id": 3048}, {"type": "Polygon", "arcs": [[6023, 6024, 6025, 6026]], "id": 3049}, {"type": "Polygon", "arcs": [[6027, 6028]], "id": 3050}, {"type": "Polygon", "arcs": [[6029, 6030]], "id": 3051}, {"type": "Polygon", "arcs": [[6031, 6032]], "id": 3052}, {"type": "Polygon", "arcs": [[6033, 6034, 6035]], "id": 3053}, {"type": "Polygon", "arcs": [[6036, 6037]], "id": 3054}, {"type": "Polygon", "arcs": [[6038]], "id": 3055}, {"type": "Polygon", "arcs": [[6039, 6040]], "id": 3056}, {"type": "Polygon", "arcs": [[6041]], "id": 3057}, {"type": "Polygon", "arcs": [[6042, 6043]], "id": 3058}, {"type": "Polygon", "arcs": [[6044, 6045]], "id": 3059}, {"type": "Polygon", "arcs": [[6046]], "id": 3060}, {"type": "Polygon", "arcs": [[6047, 6048, 6049, 6050]], "id": 3061}, {"type": "Polygon", "arcs": [[6051]], "id": 3062}, {"type": "Polygon", "arcs": [[6052, 6053, 6054]], "id": 3063}, {"type": "Polygon", "arcs": [[6055, 6056]], "id": 3064}, {"type": "Polygon", "arcs": [[6057, -6059]], "id": 3065}, {"type": "Polygon", "arcs": [[6058, 6059]], "id": 3066}, {"type": "Polygon", "arcs": [[6060]], "id": 3067}, {"type": "Polygon", "arcs": [[6061, 6062]], "id": 3068}, {"type": "Polygon", "arcs": [[6063, 6064]], "id": 3069}, {"type": "Polygon", "arcs": [[6065, 6066]], "id": 3070}, {"type": "Polygon", "arcs": [[6067]], "id": 3071}, {"type": "Polygon", "arcs": [[6068]], "id": 3072}, {"type": "Polygon", "arcs": [[6069, 6070, 6071, 6072]], "id": 3073}, {"type": "Polygon", "arcs": [[6073]], "id": 3074}, {"type": "Polygon", "arcs": [[6074, 6075, 6076, 6077]], "id": 3075}, {"type": "Polygon", "arcs": [[6078, 6079]], "id": 3076}, {"type": "Polygon", "arcs": [[6080]], "id": 3077}, {"type": "Polygon", "arcs": [[6081]], "id": 3078}, {"type": "Polygon", "arcs": [[6082, 6083]], "id": 3079}, {"type": "Polygon", "arcs": [[6084]], "id": 3080}, {"type": "Polygon", "arcs": [[6085]], "id": 3081}, {"type": "Polygon", "arcs": [[6086, 6087]], "id": 3082}, {"type": "Polygon", "arcs": [[6088, 6089]], "id": 3083}, {"type": "Polygon", "arcs": [[6090]], "id": 3084}, {"type": "Polygon", "arcs": [[6091]], "id": 3085}, {"type": "Polygon", "arcs": [[6092, 6093, 6094, 6095]], "id": 3086}, {"type": "Polygon", "arcs": [[6096, 6097, 6098, 6099, 6100]], "id": 3087}, {"type": "Polygon", "arcs": [[6101, 6102, 6103, 6104, 6105]], "id": 3088}, {"type": "Polygon", "arcs": [[6106]], "id": 3089}, {"type": "MultiPolygon", "arcs": [[[6107]], [[6108]], [[6109]]], "id": 3090}, {"type": "Polygon", "arcs": [[6110, 6111, 6112]], "id": 3091}, {"type": "Polygon", "arcs": [[6113]], "id": 3092}, {"type": "Polygon", "arcs": [[6114]], "id": 3093}, {"type": "Polygon", "arcs": [[6115, 6116]], "id": 3094}, {"type": "Polygon", "arcs": [[6117, 6118, 6119, 6120]], "id": 3095}, {"type": "Polygon", "arcs": [[6121, 6122]], "id": 3096}, {"type": "Polygon", "arcs": [[6123]], "id": 3097}, {"type": "Polygon", "arcs": [[6124, 6125, 6126]], "id": 3098}, {"type": "Polygon", "arcs": [[6127, 6128, 6129], [6130, 6131]], "id": 3099}, {"type": "Polygon", "arcs": [[6132]], "id": 3100}, {"type": "Polygon", "arcs": [[6133, 6134, 6135, 6136]], "id": 3101}, {"type": "Polygon", "arcs": [[6137, 6138, 6139, 6140]], "id": 3102}, {"type": "Polygon", "arcs": [[6141]], "id": 3103}, {"type": "Polygon", "arcs": [[6142]], "id": 3104}, {"type": "Polygon", "arcs": [[6143]], "id": 3105}, {"type": "Polygon", "arcs": [[6144, 6145]], "id": 3106}, {"type": "Polygon", "arcs": [[6146, 6147, 6148, 6149]], "id": 3107}, {"type": "Polygon", "arcs": [[6150]], "id": 3108}, {"type": "Polygon", "arcs": [[6151, 6152]], "id": 3109}, {"type": "Polygon", "arcs": [[6153, 6154]], "id": 3110}, {"type": "Polygon", "arcs": [[6155, 6156, 6157, 6158]], "id": 3111}, {"type": "Polygon", "arcs": [[6159, 6160]], "id": 3112}, {"type": "Polygon", "arcs": [[6161]], "id": 3113}, {"type": "Polygon", "arcs": [[6162]], "id": 3114}, {"type": "Polygon", "arcs": [[6163, 6164]], "id": 3115}, {"type": "Polygon", "arcs": [[6165, 6166, 6167, 6168, 6169]], "id": 3116}, {"type": "Polygon", "arcs": [[6170, 6171]], "id": 3117}, {"type": "Polygon", "arcs": [[6172, 6173, 6174, 6175]], "id": 3118}, {"type": "Polygon", "arcs": [[6176, 6177]], "id": 3119}, {"type": "Polygon", "arcs": [[6178, 6179, 6180, 6181]], "id": 3120}, {"type": "Polygon", "arcs": [[6182, 6183]], "id": 3121}, {"type": "Polygon", "arcs": [[6184]], "id": 3122}, {"type": "Polygon", "arcs": [[6185, 6186]], "id": 3123}, {"type": "Polygon", "arcs": [[6187, 6188]], "id": 3124}, {"type": "Polygon", "arcs": [[6189, 6190]], "id": 3125}, {"type": "Polygon", "arcs": [[6191]], "id": 3126}, {"type": "Polygon", "arcs": [[6192, 6193, 6194, 6195]], "id": 3127}, {"type": "Polygon", "arcs": [[6196, 6197, 6198, 6199, 6200, 6201, 6202, 6203]], "id": 3128}, {"type": "Polygon", "arcs": [[6204, 6205, 6206]], "id": 3129}, {"type": "Polygon", "arcs": [[6207]], "id": 3130}, {"type": "Polygon", "arcs": [[6208]], "id": 3131}, {"type": "Polygon", "arcs": [[6209]], "id": 3132}, {"type": "Polygon", "arcs": [[6210, 6211]], "id": 3133}, {"type": "Polygon", "arcs": [[6212, 6213, 6214]], "id": 3134}, {"type": "Polygon", "arcs": [[6215, 6216, 6217, 6218]], "id": 3135}, {"type": "Polygon", "arcs": [[6219, 6220, 6221, 6222]], "id": 3136}, {"type": "Polygon", "arcs": [[6223]], "id": 3137}, {"type": "Polygon", "arcs": [[6224]], "id": 3138}, {"type": "Polygon", "arcs": [[6225]], "id": 3139}, {"type": "Polygon", "arcs": [[6226, 6227, 6228]], "id": 3140}, {"type": "Polygon", "arcs": [[6229]], "id": 3141}, {"type": "Polygon", "arcs": [[6230]], "id": 3142}, {"type": "Polygon", "arcs": [[6231]], "id": 3143}, {"type": "Polygon", "arcs": [[6232, 6233, 6234, 6235, 6236, 6237]], "id": 3144}, {"type": "Polygon", "arcs": [[6238, 6239, 6240]], "id": 3145}, {"type": "Polygon", "arcs": [[6241]], "id": 3146}, {"type": "Polygon", "arcs": [[6242, 6243]], "id": 3147}, {"type": "Polygon", "arcs": [[6244, 6245, 6246, 6247]], "id": 3148}, {"type": "Polygon", "arcs": [[6248, 6249, 6250, 6251, 6252, 6253, 6254, 6255]], "id": 3149}, {"type": "Polygon", "arcs": [[6256, 6257, 6258]], "id": 3150}, {"type": "Polygon", "arcs": [[6259, 6260]], "id": 3151}, {"type": "Polygon", "arcs": [[6261, 6262, 6263, 6264]], "id": 3152}, {"type": "Polygon", "arcs": [[6265, 6266, 6267, 6268, 6269, 6270]], "id": 3153}, {"type": "Polygon", "arcs": [[6271, -6274]], "id": 3154}, {"type": "Polygon", "arcs": [[6272, 6273, 6274]], "id": 3155}, {"type": "Polygon", "arcs": [[6275]], "id": 3156}, {"type": "Polygon", "arcs": [[6276]], "id": 3157}, {"type": "Polygon", "arcs": [[6277, 6278]], "id": 3158}, {"type": "Polygon", "arcs": [[6279, 6280]], "id": 3159}, {"type": "Polygon", "arcs": [[6281, 6282, 6283, 6284]], "id": 3160}, {"type": "Polygon", "arcs": [[6285, 6286, 6287]], "id": 3161}, {"type": "Polygon", "arcs": [[6288]], "id": 3162}, {"type": "Polygon", "arcs": [[6289, 6290]], "id": 3163}, {"type": "Polygon", "arcs": [[6291, 6292]], "id": 3164}, {"type": "Polygon", "arcs": [[6293, 6294]], "id": 3165}, {"type": "Polygon", "arcs": [[6295]], "id": 3166}, {"type": "Polygon", "arcs": [[6296, 6297]], "id": 3167}, {"type": "Polygon", "arcs": [[6298]], "id": 3168}, {"type": "Polygon", "arcs": [[6299, 6300, 6301, 6302]], "id": 3169}, {"type": "Polygon", "arcs": [[6303, 6304]], "id": 3170}, {"type": "Polygon", "arcs": [[6305, 6306]], "id": 3171}, {"type": "Polygon", "arcs": [[6307, 6308]], "id": 3172}, {"type": "Polygon", "arcs": [[6309, 6310, 6311, 6312]], "id": 3173}, {"type": "Polygon", "arcs": [[6313]], "id": 3174}, {"type": "Polygon", "arcs": [[6314, 6315]], "id": 3175}, {"type": "Polygon", "arcs": [[6316, 6317, 6318, 6319, 6320, 6321]], "id": 3176}, {"type": "Polygon", "arcs": [[6322, 6323, 6324, 6325, 6326]], "id": 3177}, {"type": "Polygon", "arcs": [[6327]], "id": 3178}, {"type": "Polygon", "arcs": [[6328, 6329, 6330, 6331, 6332, 6333]], "id": 3179}, {"type": "Polygon", "arcs": [[6334, 6335, 6336, 6337]], "id": 3180}, {"type": "Polygon", "arcs": [[6338, 6339, 6340, 6341]], "id": 3181}, {"type": "Polygon", "arcs": [[6342, 6343, 6344, 6345]], "id": 3182}, {"type": "Polygon", "arcs": [[6346, 6347]], "id": 3183}, {"type": "Polygon", "arcs": [[6348, 6349]], "id": 3184}, {"type": "MultiPolygon", "arcs": [[[6350, 6351]], [[6352]]], "id": 3185}, {"type": "Polygon", "arcs": [[6353]], "id": 3186}, {"type": "Polygon", "arcs": [[6354, 6355]], "id": 3187}, {"type": "Polygon", "arcs": [[6356, 6357, 6358, 6359]], "id": 3188}, {"type": "Polygon", "arcs": [[6360]], "id": 3189}, {"type": "Polygon", "arcs": [[6361]], "id": 3190}, {"type": "Polygon", "arcs": [[6362, 6363, 6364, 6365]], "id": 3191}, {"type": "Polygon", "arcs": [[6366, 6367, 6368, 6369]], "id": 3192}, {"type": "Polygon", "arcs": [[6370, 6371, 6372, -6448]], "id": 3193}, {"type": "Polygon", "arcs": [[6373]], "id": 3194}, {"type": "Polygon", "arcs": [[6374, 6375, 6376, 6377]], "id": 3195}, {"type": "Polygon", "arcs": [[6378, 6379]], "id": 3196}, {"type": "Polygon", "arcs": [[6380]], "id": 3197}, {"type": "Polygon", "arcs": [[6381, 6382]], "id": 3198}, {"type": "MultiPolygon", "arcs": [[[6383]], [[6384, 6385, 6386, 6387, 6388, 6389]], [[6390]]], "id": 3199}, {"type": "Polygon", "arcs": [[6391, 6392, 6393, 6394]], "id": 3200}, {"type": "Polygon", "arcs": [[6395, 6396, 6397, 6398]], "id": 3201}, {"type": "Polygon", "arcs": [[6399, 6400, 6401]], "id": 3202}, {"type": "Polygon", "arcs": [[6402, 6403, 6404, 6405]], "id": 3203}, {"type": "Polygon", "arcs": [[6406]], "id": 3204}, {"type": "Polygon", "arcs": [[6407, 6408]], "id": 3205}, {"type": "Polygon", "arcs": [[6409, 6410, 6411]], "id": 3206}, {"type": "Polygon", "arcs": [[6412]], "id": 3207}, {"type": "Polygon", "arcs": [[6413, 6414, 6415, 6416, 6417]], "id": 3208}, {"type": "Polygon", "arcs": [[6418, 6419, 6420, 6421]], "id": 3209}, {"type": "Polygon", "arcs": [[6422, 6423, 6424, 6425]], "id": 3210}, {"type": "Polygon", "arcs": [[6426]], "id": 3211}, {"type": "Polygon", "arcs": [[6427]], "id": 3212}, {"type": "Polygon", "arcs": [[6428]], "id": 3213}, {"type": "Polygon", "arcs": [[6429, 6430]], "id": 3214}, {"type": "Polygon", "arcs": [[6431, 6432, 6433, 6434]], "id": 3215}, {"type": "Polygon", "arcs": [[6435, 6436]], "id": 3216}, {"type": "Polygon", "arcs": [[6437]], "id": 3217}, {"type": "Polygon", "arcs": [[6438, 6439, 6440]], "id": 3218}, {"type": "Polygon", "arcs": [[6441, 6442, 6443, 6444]], "id": 3219}, {"type": "Polygon", "arcs": [[6445]], "id": 3220}, {"type": "Polygon", "arcs": [[6446, 6447, 6448, 6449, 6450, 6451]], "id": 3221}, {"type": "Polygon", "arcs": [[6452]], "id": 3222}, {"type": "Polygon", "arcs": [[6453]], "id": 3223}, {"type": "Polygon", "arcs": [[6454]], "id": 3224}, {"type": "Polygon", "arcs": [[6455, 6456]], "id": 3225}, {"type": "Polygon", "arcs": [[6457]], "id": 3226}, {"type": "Polygon", "arcs": [[6458, 6459, 6460, 6461, 6462]], "id": 3227}, {"type": "Polygon", "arcs": [[6463, 6464, 6465, 6466]], "id": 3228}, {"type": "Polygon", "arcs": [[6467, 6468, 6469, 6470]], "id": 3229}, {"type": "Polygon", "arcs": [[6471]], "id": 3230}, {"type": "Polygon", "arcs": [[6472, 6473, 6474, 6475]], "id": 3231}, {"type": "Polygon", "arcs": [[6476, 6477, 6478, 6479]], "id": 3232}, {"type": "Polygon", "arcs": [[6480, 6481, 6482]], "id": 3233}, {"type": "Polygon", "arcs": [[6483]], "id": 3234}], "type": "GeometryCollection"}}, "bbox": [-179.230233, -14.601339, 179.859681, 71.439786], "transform": {"scale": [0.0035909350493504937, 0.0008604198541985419], "translate": [-179.230233, -14.601339]}, "arcs": [[[23023, 65484], [-129, 1]], [[22894, 65889], [129, -1]], [[15457, 70880], [141, 0], [2, -247], [-19, -32], [-31, 11], [-25, 133], [-69, -5]], [[20965, 56581], [-58, 1], [0, -102], [-88, 1]], [[20731, 56587], [-30, 2], [1, 599], [124, 1], [0, 100], [58, 103], [30, -1], [0, -202]], [[22924, 64068], [0, 202]], [[22924, 64675], [125, -1], [0, -34]], [[22671, 63461], [-126, 1]], [[31581, 38114], [-29, -82], [29, 176], [0, -94]], [[23052, 67527], [-189, -1]], [[22863, 67931], [189, 2]], [[22174, 53100], [0, -170]], [[22207, 52930], [1, -267]], [[16340, 62888], [-130, -136], [-10, 169], [52, 279], [53, -117], [189, 53], [-1, -322], [-139, 1], [-14, 73]], [[26223, 59808], [25, -283], [-89, 12], [17, 304], [47, -33]], [[26681, 64815], [-27, -405], [-101, 2]], [[21482, 56850], [146, -1]], [[26059, 55447], [-145, -2]], [[25930, 55668], [39, 37], [20, 198], [73, -3]], [[21761, 57860], [-1, -505], [-150, 0]], [[26553, 64529], [0, -117]], [[26553, 64208], [-144, 47], [16, 202], [128, 72]], [[26896, 56031], [61, 54], [38, -349], [-71, -3], [-28, 298]], [[24908, 67691], [52, -97], [-11, -227], [-59, -191], [-93, -47], [-2, 462], [-33, -2]], [[24176, 58744], [76, 200], [24, -95], [-15, -118], [72, -66], [4, -198], [-162, 13], [1, 264]], [[17197, 69464], [-46, 198], [-41, 409]], [[17122, 70271], [-64, -1], [0, 163], [295, -6], [37, -198], [66, -86], [23, -172], [-89, -610], [-134, 5]], [[27589, 64453], [4, -281], [-60, -158]], [[27489, 64201], [0, 18]], [[25152, 53960], [-113, -29], [-2, 490]], [[23871, 61781], [-3, -406], [-154, 9], [3, 410], [154, -13]], [[20114, 61581], [0, 48], [274, 34], [96, -344], [66, -411], [-6, -62], [-314, -5]], [[20230, 60942], [-116, 141]], [[27879, 58378], [-122, -132], [4, 382], [177, 29], [-18, -403], [-41, 124]], [[18988, 64914], [-52, -127], [-17, 218], [-61, 105], [31, 272]], [[23578, 58998], [25, -608], [-93, 25], [3, 583]], [[27327, 65367], [-108, -83]], [[27217, 65895], [135, 181], [2, -624]], [[27600, 60306], [24, 43], [6, -56], [-11, -28], [-19, 41]], [[27462, 60240], [81, 161], [41, -297], [-102, -150], [-10, 122], [20, 54], [-16, 46], [14, 29], [-28, 35]], [[26252, 57665], [-143, -34], [97, 551], [51, -206], [-23, -170], [18, -141]], [[20583, 55679], [-10, -915], [140, 2], [1, -604], [-426, 1], [9, 1614]], [[19545, 57159], [368, -1]], [[19916, 55878], [-80, 1]], [[19836, 55557], [-292, 9], [1, 1593]], [[25510, 54315], [1, -147], [-137, 0], [26, 325], [26, 3], [-31, 159], [54, 142], [89, -76], [15, -252], [-14, -153]], [[18988, 65295], [0, 490]], [[19118, 67219], [-12, -610]], [[19128, 66106], [136, -8], [2, -805]], [[23714, 60716], [-2, -338]], [[22999, 50340], [89, -43], [-20, -460], [-117, -298], [14, 469], [-46, 186], [80, 146]], [[28710, 60195], [0, -86], [-78, 24], [23, 69]], [[27645, 61209], [-113, 58], [3, 269], [137, 239], [24, 219], [41, -70], [-45, -477], [-47, -238]], [[22636, 56474], [-9, -608], [-123, 0], [15, 802], [71, -3], [6, -173]], [[28542, 60276], [44, -87], [-84, 43], [-3, 243], [42, 40], [19, -83], [-23, -48], [5, -108]], [[21493, 64626], [-1, 454], [218, 0], [6, -454]], [[22167, 63867], [-3, 0]], [[22163, 64255], [129, -28], [0, -360]], [[24045, 51933], [-233, -35], [-8, 399], [74, 8]], [[23878, 52407], [28, -1], [0, -101], [99, -27]], [[24090, 55340], [183, -7], [4, -313], [-48, -173]], [[24176, 54940], [-86, 104]], [[23510, 58390], [93, 0], [12, -285], [-16, -104], [-45, -15], [-74, 66], [-57, 184], [-2, 154]], [[25933, 56719], [-3, 236], [149, 531], [19, -392], [-92, -376]], [[28478, 65785], [-218, -3], [8, 623], [161, 49], [12, -354], [38, 7], [-1, -322]], [[27894, 65148], [-13, -149], [-27, 8], [0, 115], [-75, -52], [-12, 63], [2, 214], [155, -1]], [[24696, 52999], [56, 0], [26, -308], [3, -434], [23, -148], [-91, 50], [-22, 840], [5, 0]], [[28331, 61819], [56, -92], [-9, -308], [-85, 173], [38, 227]], [[25649, 69746], [-78, -241], [-10, -146]], [[25496, 69715], [-59, -33], [31, 288], [-20, 140], [42, 0]], [[25512, 70315], [0, 101], [70, -1], [11, -504]], [[25607, 64875], [41, 79], [56, -61], [-1, -374], [-47, -87], [1, -117]], [[27142, 53196], [-102, -185], [-43, 251], [78, 57], [-10, 114], [86, -50], [-9, -187]], [[26444, 55313], [7, 230], [57, 16], [-3, -315], [-61, 69]], [[26186, 65504], [109, 1], [1, -268]], [[23816, 52120], [-41, -440], [-1, 129], [-65, 125], [-7, 184], [114, 2]], [[26634, 62737], [-18, 393]], [[26728, 63105], [-4, -208]], [[26724, 62897], [-30, -162]], [[29644, 66016], [-26, 19], [-3, 135], [-40, -28], [-11, 84]], [[29580, 66225], [10, 205], [27, -18], [48, -157]], [[29762, 66136], [41, 9], [0, -74], [-109, -41], [-3, 86]], [[25944, 59855], [26, -314], [-124, 55], [4, 116], [57, 185], [37, -42]], [[27840, 59093], [6, -464], [-85, -1], [3, 472], [76, -7]], [[23189, 61333], [0, -152]], [[23032, 60678], [0, 557], [46, 0], [0, 100]], [[30091, 66194], [44, 113], [26, -74], [77, 22], [-69, -39], [-66, -168], [-16, 64], [23, 78], [-19, 4]], [[18679, 68074], [50, 0], [-2, -252], [99, -115], [-298, -37], [1, 506], [150, -1]], [[22833, 51121], [-104, -319], [-69, 283], [63, 345], [88, 156], [52, -164], [-30, -301]], [[26001, 57640], [4, 287], [30, -29], [51, 121], [46, -134], [7, -153], [-30, -104], [-108, 12]], [[26553, 69505], [387, 7], [23, -407]], [[26360, 59794], [-57, -283], [-59, 18], [-21, 279], [64, 162], [43, -20], [30, -156]], [[26062, 58828], [38, 77], [55, -58], [27, -141], [-8, -117], [-120, 13], [8, 226]], [[26170, 58556], [2, 6], [-1, -23], [-1, 17]], [[23221, 56299], [-4, -500], [-146, -79], [1, 447], [127, 184], [22, -52]], [[23362, 63459], [69, -159], [45, 31], [15, -89], [-16, -47], [20, -33], [-54, -150], [-79, 44]], [[22365, 51583], [-72, 132], [-143, 15]], [[22150, 51923], [-19, 3], [1, 249], [126, -5], [1, -177], [106, 4]], [[27003, 50288], [58, -170], [-228, -105], [-4, 305]], [[26437, 51805], [-82, 66], [-38, 300], [182, -16], [-1, -391], [-44, -181], [-49, -42]], [[25854, 52992], [99, -1]], [[26006, 52654], [-20, -78], [16, -170], [-37, -98], [-3, -351], [-111, 143]], [[25205, 56266], [-131, -84], [14, 390], [117, 0], [0, -306]], [[13310, 82219], [119, 137], [-22, 170], [85, -45], [149, -314], [-13, -47], [21, -66], [-48, -67], [66, -203], [50, -564], [-103, -422], [-88, -181], [3, -133], [-310, 44]], [[13267, 81233], [-28, -214], [-46, -24], [-51, 438], [-64, 196], [85, 78]], [[26217, 68299], [133, -5]], [[22640, 63461], [31, 0]], [[27359, 50225], [-25, 240], [-79, 33], [1, 161], [-91, 393], [72, 88], [2, -162]], [[27313, 50984], [-1, 168], [30, 25], [107, -746]], [[22712, 58086], [0, -48], [-176, 48], [-2, 405], [178, 1], [0, -10]], [[31268, 38357], [13, 155], [1, -196], [-14, 41]], [[31768, 38217], [17, 193], [51, 20], [39, -237], [-25, -94], [-82, 118]], [[26211, 57168], [0, -205], [29, -21], [-12, -344], [-104, -18], [-12, 238]], [[17131, 62582], [-17, -177], [-273, -21], [-101, 364]], [[16757, 63153], [-37, -122], [-10, 427], [469, 2], [21, -92], [1, -348], [-82, -286]], [[22545, 63462], [-65, 0]], [[22545, 63866], [0, -404]], [[24430, 63691], [36, 225], [-9, 184], [16, 68], [124, 34], [-2, -519]], [[22788, 67143], [-189, -2], [-10, 384], [199, 1]], [[16590, 68465], [0, -405], [-33, 0]], [[16556, 67757], [-133, 1]], [[16219, 68264], [-32, 4], [-1, 294], [78, 100]], [[16387, 68763], [0, -148], [135, -54]], [[29713, 69077], [-109, -233], [-93, 158], [18, 284], [178, -7], [6, -202]], [[25408, 71222], [-15, 627], [260, 5], [-1, -1237], [-35, 0]], [[25617, 70415], [-105, 1], [1, 303]], [[27621, 58823], [-6, -587], [-32, -2], [-42, 250], [-34, 19], [-9, 113], [27, 13], [-1, 149]], [[25305, 62125], [29, -5], [2, -286], [-125, 5], [2, 358], [92, -4]], [[24196, 63405], [-1, 406], [111, -2], [-1, -409], [-109, 5]], [[23802, 63007], [-1, 405]], [[23913, 63421], [-1, -306], [27, -1], [2, -91], [-139, -16]], [[28504, 65315], [-202, -64], [-3, 532], [190, 2]], [[23066, 66349], [13, -244], [-103, 1], [1, 287], [89, -44]], [[25893, 69544], [-60, 104], [1, 301]], [[26003, 69942], [64, -144], [46, -300], [-55, -489], [-300, -3], [65, 358]], [[28487, 60238], [72, -21], [10, -66], [-87, -243], [-3, 128], [-53, 68], [61, 134]], [[22865, 49829], [30, -81], [-62, -164], [-84, 120], [106, 452], [110, -148], [-7, -125]], [[26293, 62957], [125, 25]], [[26421, 62636], [-130, 15]], [[26291, 62651], [2, 306]], [[26438, 54004], [-1, -282], [-70, -1], [-14, 347], [43, 55], [42, -119]], [[26435, 53793], [-3, 9], [0, -9]], [[26392, 56045], [60, -26], [-31, -286], [-11, 9], [-18, 303]], [[19347, 67484], [-82, 2], [-1, 631]], [[19319, 68059], [0, -151], [19, -31], [51, 170], [36, 1], [85, -290], [0, -92]], [[19609, 67649], [133, -169], [229, 15], [-2, -1407], [-424, 2]], [[26202, 62185], [73, 148], [13, -67], [-11, -84], [-75, 3]], [[26953, 56057], [57, 72], [59, -172], [-74, -221], [-42, 321]], [[21326, 64330], [-1, 291], [168, 3]], [[19723, 70587], [-104, -1], [-35, 517], [-29, 68], [0, 134], [329, 6], [13, -419]], [[28559, 64011], [31, -324], [-46, -86], [-81, 284], [20, 303], [69, 36], [46, -120]], [[23052, 67933], [-122, -1]], [[22930, 68335], [122, 2]], [[27059, 61841], [88, 89], [7, -252], [-82, -228], [-13, 391]], [[29028, 64725], [83, 312], [91, -180], [-96, -353], [-78, 221]], [[21858, 63461], [152, 0]], [[22014, 62956], [-156, 1]], [[25736, 61133], [6, 291], [62, 20], [-1, -68], [31, -1], [9, -153], [-62, -272], [2, 77], [-24, -15], [-23, 121]], [[25059, 56926], [0, 254], [142, -1], [-25, -269]], [[22272, 66943], [210, 1], [53, -135], [1, -141]], [[23869, 70411], [2, -492], [-69, 1], [-15, 795], [106, 4], [0, -108]], [[22532, 73389], [332, -26], [2, -365], [-326, -14]], [[27158, 62855], [-97, -24], [-6, 362], [122, -21], [14, -193], [-35, -4], [2, -120]], [[27354, 65025], [1, -418], [-109, 1], [0, 418]], [[18988, 64914], [0, 381]], [[18988, 65295], [278, -2]], [[19266, 65293], [0, -675], [-278, 1]], [[17261, 64206], [-15, -136]], [[17246, 64245], [0, 7], [-96, 2]], [[16832, 64576], [-151, -1], [2, 1201], [642, 7]], [[22355, 48663], [44, -1], [0, 100], [76, -13], [30, -335]], [[22503, 48098], [-148, 3]], [[21494, 62351], [1, -501], [-315, -4], [3, 494]], [[15988, 69807], [33, -96], [5, -175], [-19, -43], [27, -121], [-42, -94], [24, -126], [-219, 23]], [[15732, 69572], [-36, 0], [6, 100], [28, -16]], [[23667, 56709], [-63, -2], [4, 626], [146, -57], [-1, -383]], [[26565, 54653], [-3, -154], [-50, -139], [-64, 145], [1, 116], [40, 138], [52, -4], [24, -102]], [[26518, 54769], [1, 8], [0, -10], [-1, 2]], [[25610, 64315], [47, 0]], [[25657, 64315], [1, -303]], [[25538, 64013], [0, 17]], [[26318, 59248], [106, -381], [-94, -163], [-65, 348], [53, 196]], [[22424, 67526], [165, -1], [1, -351], [-166, 202]], [[28931, 61660], [99, -1], [-4, -93], [-46, -399], [-137, 4], [32, 67], [-20, 220], [70, 14], [6, 188]], [[25436, 61463], [-28, -24], [10, 358], [85, -2], [-67, -332]], [[26148, 64220], [-85, -2]], [[26062, 64624], [86, 3], [0, -102]], [[26365, 61707], [43, -331], [-69, -111], [-26, 279], [52, 163]], [[23858, 64133], [-127, -7]], [[25978, 64620], [84, 4]], [[26062, 64624], [1, -406]], [[26063, 64218], [-83, -2]], [[26296, 64531], [-148, -6]], [[26148, 64525], [7, 403], [141, 8]], [[25833, 65124], [0, 51], [113, 3], [2, -356], [-115, -2]], [[21828, 65886], [161, -2], [1, -403], [-161, 1]], [[21507, 70368], [0, 126], [124, -54], [101, 164], [76, 287], [92, 39], [9, -217], [-20, -125], [32, -221], [-414, 1]], [[22233, 49750], [-201, -8], [0, 524], [200, -9], [1, -507]], [[24367, 67528], [-200, -1]], [[24167, 67915], [0, 17], [200, -2]], [[27383, 57439], [6, -322], [-152, 33], [-18, 283], [164, 6]], [[23052, 69244], [0, 339], [116, -135], [83, -304], [-31, 0]], [[18859, 65783], [30, -401]], [[18889, 65382], [-31, -269], [-99, -28], [-51, 350], [12, 110], [-44, 234], [183, 4]], [[24254, 69105], [0, -202]], [[24254, 68735], [-114, 32], [-73, 214], [10, 129]], [[26960, 52764], [1, 251], [142, 30], [0, -258], [-39, -105], [1, -421], [-46, 49], [-9, 154], [25, 284], [-75, 16]], [[26247, 56429], [-114, -58], [-9, 209], [139, 1], [-16, -152]], [[25246, 64176], [32, 0], [-1, -389], [-223, -2], [-2, 365], [63, 38], [16, 145], [112, 6]], [[30420, 68318], [-24, -296], [-65, 130], [-46, -14], [43, 212], [14, 270], [40, 54], [15, -327]], [[17319, 72020], [-1, 711], [114, 16], [36, 0]], [[18151, 59790], [2, -755], [-29, -195], [-27, -12]], [[18007, 57861], [-18, -211], [-338, 1118], [-14, 1021]], [[22168, 63461], [156, 1]], [[22324, 62957], [-156, -1]], [[22271, 66718], [81, 108], [184, -158]], [[22536, 66668], [1, -781], [-260, -1]], [[23875, 62214], [-4, -433], [-169, 14], [1, 406]], [[24595, 67789], [-97, 0], [-46, 301], [143, 101]], [[24205, 54077], [0, 392], [89, 14], [-5, -98], [39, -87], [-18, -59], [9, -162], [-29, 0]], [[25832, 60345], [87, 17], [30, -140], [-7, -188], [-58, 32], [-52, 279]], [[25056, 61997], [-95, 1], [-12, 298], [109, 33], [-2, -332]], [[24655, 63580], [25, -142], [26, 7], [-16, -173], [-97, 7], [1, 301]], [[23732, 68942], [-68, 0]], [[23596, 68840], [-1, 407], [136, -2]], [[24254, 68903], [-6, 611], [137, -2], [4, -610]], [[20593, 61018], [-53, -5], [-90, 430], [208, -9], [0, -398], [-33, 121]], [[24808, 60718], [0, -383], [-112, 6], [4, 379], [108, -2]], [[22022, 54257], [-143, 3]], [[29014, 65338], [-86, -435], [-43, -12], [18, 30], [-12, 862], [40, -8], [80, -280], [3, -157]], [[29279, 66894], [-19, 483]], [[29337, 67408], [32, -204], [49, 95], [4, -287], [-28, -318], [-38, -5], [-25, 153]], [[23010, 52581], [71, 317], [39, 39], [5, -404], [31, -196], [-17, -106], [-15, 70], [-26, -40], [-20, 206], [-68, 114]], [[22932, 56332], [-24, 354], [92, -5], [25, -121], [-21, -63], [10, -133], [-22, 25], [-26, -107], [-34, 50]], [[28098, 63132], [-37, -233], [-28, 1], [-54, 74], [-2, 76], [-53, -242], [-31, 46], [39, 283], [166, -5]], [[27371, 63002], [30, 132], [115, 1], [9, -89], [-43, -251], [-111, 207]], [[24761, 68601], [1, -313]], [[24762, 68288], [-165, 4], [-19, -102], [-50, 0], [-4, 612], [68, -1]], [[24592, 68801], [33, -202]], [[15558, 70176], [-196, 4], [-7, 187], [23, 152], [-42, 217], [198, -13], [24, -121]], [[15556, 71353], [425, -74], [108, 64], [29, -83]], [[16089, 71033], [16, -150], [-546, -4]], [[28104, 66389], [164, -58], [-8, -549], [-155, 0]], [[24468, 65621], [0, 101]], [[24599, 65721], [-1, -406], [-130, 2]], [[25772, 61906], [105, 28], [0, -342], [-104, 1], [-1, 313]], [[26423, 56449], [90, -251], [-26, -160], [-65, 38]], [[26338, 56965], [-1, 159], [86, 16], [25, -212]], [[19049, 72912], [0, 100], [20, 0]], [[19409, 72913], [-1, -460], [-81, -27], [-6, -203], [-86, -146], [-170, 36], [0, 92], [-78, 85], [20, 117], [-120, -1]], [[22158, 65883], [-7, 0]], [[22151, 65883], [-134, 0], [-8, 884], [145, -134]], [[26494, 59069], [-78, -7], [5, 282], [26, 154], [76, -3], [25, -193], [-54, -233]], [[28189, 59046], [-70, -447], [-81, 236], [15, 189], [52, 95]], [[28549, 62722], [51, 7]], [[28600, 62551], [0, -10], [-51, 79]], [[23189, 61333], [-111, 2]], [[23078, 61335], [2, 658], [113, 1], [-4, -661]], [[23431, 66028], [129, -1]], [[23560, 65624], [-130, 1]], [[24549, 54181], [-50, -237], [-25, 35], [-6, -96], [25, -18], [-84, 59], [24, 473], [101, 51], [-10, -131], [38, -30], [-35, -39], [22, -67]], [[26439, 58395], [98, -180], [-32, -254], [-81, -76], [-42, 95], [26, 68], [-34, 357], [65, -10]], [[21495, 61439], [139, 1]], [[23611, 66533], [0, -100], [-131, 2]], [[17410, 68062], [98, 222], [11, 313], [47, 91], [0, -203], [-34, -201], [0, -400], [-2, 0]], [[17466, 67884], [-56, 0]], [[24360, 58744], [155, -62], [0, -6], [-43, -204], [-5, -212], [-118, 9], [-15, 387], [26, 88]], [[24377, 57554], [5, -507], [-99, 8]], [[24261, 57210], [-3, 515], [89, -41], [-1, -127]], [[25607, 64875], [3, -560]], [[25610, 64315], [-72, 0]], [[25538, 64633], [0, 162], [69, 80]], [[26752, 56767], [-53, -21], [-12, 275], [96, 48], [-31, -302]], [[27387, 48302], [2, -813]], [[27198, 47784], [-1, 233], [30, 81], [143, -16], [17, 220]], [[26869, 55919], [-30, -81], [-44, 31], [6, 275], [31, -100], [52, 0], [-15, -125]], [[23635, 51706], [-23, -1], [-1, 264], [90, 60], [25, -162], [52, -83], [-18, -146], [27, -270], [-62, 33], [-89, -138]], [[18977, 71607], [91, -128], [81, -258], [54, 37], [-2, -611], [-218, 9], [-18, 94]], [[18932, 70941], [-23, 227], [-92, 326]], [[19980, 59972], [-250, 2], [114, 742]], [[19844, 60716], [136, 0], [0, -252]], [[22880, 52983], [-53, -112]], [[22812, 52711], [-143, 177], [-24, 188], [138, 295], [21, -88], [18, 41]], [[25151, 55238], [158, 3], [-12, -408]], [[23880, 56882], [34, -3], [0, -68], [90, -51]], [[24003, 56666], [42, 1]], [[24024, 56455], [19, -192], [-40, -45], [-70, 86], [-60, 430]], [[15945, 67250], [-50, 216], [6, 127], [222, 69]], [[16249, 65776], [-392, 17], [2, 1231], [57, 0]], [[28568, 67763], [242, -17], [5, -254], [-16, 16], [-20, -185], [1, -197], [-89, 135], [-22, -82], [-90, 61]], [[31455, 38274], [14, -89], [-24, -6], [10, 95]], [[26006, 56761], [92, 334], [32, -651], [-95, 5], [-29, 312]], [[22175, 51729], [90, -4], [139, -214], [-54, -195]], [[22347, 51399], [-173, 4]], [[20149, 70237], [-17, 0], [-25, 655]], [[20066, 70993], [-173, 16], [-4, 279], [-23, 134], [118, 0], [0, 9], [209, 0], [176, -16], [-54, -1936]], [[20948, 59968], [280, 4], [-11, -1465]], [[21124, 58507], [3, 403]], [[21007, 59012], [-59, 1], [0, 51]], [[26000, 71019], [3, -1077]], [[26003, 69942], [-169, 7]], [[25834, 69949], [-8, 667], [-35, 1]], [[29087, 65802], [92, 178], [105, -84], [9, 85], [36, -50], [-12, -624], [-115, 1], [-58, 179]], [[29022, 63406], [33, -199], [44, -62], [-39, -141], [-73, 325], [6, 90], [29, -13]], [[24772, 62296], [-9, -88], [-63, 40], [-19, 185]], [[24687, 62512], [75, -13], [45, 102], [1, -305]], [[28247, 60820], [32, 324], [66, -132], [11, -133], [83, -141], [-37, -140], [-71, 190], [-84, 32]], [[21651, 61948], [-157, -3], [0, 406]], [[21494, 62351], [0, 100], [158, 2]], [[25791, 70617], [-139, 0], [1, 1928], [350, -595], [-3, -931]], [[26000, 71019], [-139, 1], [0, -202], [-70, 2], [0, -203]], [[24250, 59390], [195, -2], [-1, -188], [-31, 2], [0, -101], [-166, 13], [3, 276]], [[22625, 48095], [-3, -335], [37, -68], [-2, -438], [-90, -4], [-109, 221], [74, 627], [93, -3]], [[27815, 57461], [86, 132], [24, -46], [41, -263], [-11, -217], [-63, -233], [-109, 384], [32, 243]], [[26085, 67893], [-1, -605], [-132, -1]], [[16727, 69266], [-174, -2], [8, 203]], [[16493, 69570], [2, 640], [158, 127]], [[23555, 70170], [-138, -1], [-4, 692], [140, -23]], [[23935, 57895], [-119, -90], [1, -134], [-122, 42], [32, 204], [30, -2], [1, 104], [30, -7]], [[23789, 58141], [16, -69], [87, 75], [4, -118], [40, -18]], [[27228, 58136], [-23, 168], [161, -20], [2, -171]], [[23723, 55346], [0, 293]], [[23723, 55964], [0, 1], [62, 72], [43, -330], [-19, -201], [-29, -10], [9, -150], [-3, 0]], [[27172, 49916], [3, 510], [65, -1], [-13, -169], [141, -42], [25, -298]], [[19843, 60767], [93, 327], [30, -25], [21, -174], [-7, -179], [-137, 51]], [[18859, 65783], [-167, -2]], [[18702, 66060], [-15, 55], [64, -34], [0, 186], [83, -1], [13, -74], [-21, -187], [33, -222]], [[26227, 56154], [0, 114], [42, -37]], [[26267, 55990], [26, -59], [-134, -110], [-12, 261]], [[22910, 62553], [1, 402], [42, 0]], [[22976, 62766], [48, -261], [45, -6], [0, -152], [-128, 52]], [[21796, 53095], [236, 6]], [[22032, 53101], [0, -439]], [[26963, 59829], [141, 309], [34, -214], [-154, -290], [-21, 195]], [[27261, 58822], [-4, -281], [-56, 10], [-71, 211], [20, 127], [-21, 51], [74, 7], [58, -125]], [[18727, 67822], [2, 201], [161, -5], [-1, -350], [-162, 154]], [[25609, 60993], [-50, 73], [-5, 302], [125, 3]], [[26226, 60201], [-49, -316], [-62, 15], [-14, 81], [-7, 118], [96, 233], [36, -131]], [[26235, 62019], [58, 27], [10, 88], [33, -96], [-77, -134], [-24, 115]], [[26483, 61686], [-41, -187], [-42, -39], [-36, 247], [98, 104], [21, -125]], [[30490, 67984], [22, -211], [-61, -88]], [[30458, 68044], [-45, 1], [4, 208], [67, 33], [-14, -148]], [[19441, 70484], [-36, -202], [-4, -304]], [[19216, 69470], [2, 712], [-20, 0], [3, 507], [175, -2]], [[22915, 55807], [6, 632], [18, -131], [42, -16], [13, 97], [66, -165], [11, -438], [-156, 21]], [[27489, 63417], [61, 66], [105, -115], [2, -234], [-168, 1]], [[4922, 96343], [28, 1], [101, 0]], [[6403, 96042], [256, 0], [-14, -302]], [[4113, 94405], [232, -3], [222, 352], [-301, 207], [-25, 79], [33, 49], [-82, 386], [-394, 567]], [[22180, 61944], [-4, 0]], [[25567, 55327], [-29, -606], [-80, 50], [21, 75], [-21, 52], [19, 21], [-35, 128], [43, 284], [82, -4]], [[25581, 54722], [-14, -203], [-29, -1], [15, 609], [126, 7], [-26, -404], [-72, -8]], [[25367, 57162], [12, 363], [34, -14], [46, -175], [79, 117], [30, -76], [-28, -233], [-173, 18]], [[22339, 60824], [0, 108], [152, -1], [1, -411]], [[26479, 61250], [-61, 3], [-22, 211], [70, 103], [62, -189], [-49, -128]], [[25918, 58767], [-24, -385], [-126, 105], [51, 440], [99, -160]], [[26655, 53350], [22, 56], [28, -123], [11, -252], [-77, 51], [16, 268]], [[21996, 61439], [-123, 2]], [[21872, 61948], [123, -2]], [[22260, 59502], [-197, -2]], [[22063, 59974], [156, -8], [41, -203]], [[25277, 63318], [0, -101], [-79, 0], [0, 357], [48, 212], [31, 1], [0, -469]], [[31680, 38351], [-69, -150], [-10, 34], [31, 173], [48, -57]], [[25356, 55124], [8, 243], [87, 135], [1, -159], [35, -24], [-45, -272], [37, -202], [-22, -82], [-12, 120], [-55, -32], [4, 112], [-21, 10], [15, 109], [-32, 42]], [[18762, 68326], [-49, -51], [0, -100], [-184, 1], [0, -101]], [[18445, 68380], [51, -5], [-8, 226], [17, 70]], [[18615, 68628], [21, 127], [193, -7]], [[23666, 67527], [77, 0]], [[23611, 66839], [1, 688], [54, 0]], [[31558, 38037], [47, -65], [-22, -122], [-54, 120], [29, 67]], [[21260, 73392], [-14, 526], [255, 0]], [[21501, 73695], [-59, -101]], [[27926, 59088], [41, -4], [-1, -172], [30, -89], [-89, -172]], [[23301, 65321], [17, 0], [0, -112], [-155, 3], [-19, 203], [16, 132], [-21, 81], [162, -3], [0, -304]], [[22272, 66943], [-1, -225]], [[22271, 66718], [-145, -80], [-100, 85], [-17, 181], [263, 39]], [[23743, 66533], [-3, -506], [-116, -1], [-13, 507]], [[25208, 60669], [83, 0], [-28, -391], [24, -129], [-16, -99], [-2, 108], [-61, 206]], [[25925, 59154], [86, 135], [12, -276], [-22, -94], [-55, -9], [-21, 244]], [[27607, 59715], [127, 90], [-21, -365], [-94, 1], [-12, 274]], [[27677, 59558], [-9, 83], [-8, -36], [17, -47]], [[28458, 62047], [-24, 65], [24, -13], [0, -52]], [[24242, 64810], [129, 0], [-1, -304]], [[18645, 72182], [64, 12]], [[18781, 71494], [47, -12], [-5, -83], [39, -79], [-39, -30], [2, -195], [-111, -2], [-80, -170], [-1, 272]], [[18427, 72162], [-29, 271], [29, 77], [-7, 152], [28, 41]], [[19286, 63234], [-246, 8], [-9, 1062], [166, 124], [89, -28]], [[22472, 59348], [-3, 570], [121, 52], [2, -622]], [[23371, 55765], [-155, -187], [1, 282], [71, 27], [83, -122]], [[25971, 59298], [-82, -140], [-1, 178], [83, -38]], [[26763, 60443], [0, -196], [35, -47], [-15, -207], [-37, 4], [-4, 178], [-42, 144], [-43, -73], [-13, 82], [94, 160]], [[23052, 69244], [0, -200]], [[23052, 68740], [-121, 0], [1, 503]], [[15859, 66942], [-2, -1149], [-262, -5], [0, 821], [121, 79]], [[31209, 38068], [23, -43], [-3, -14], [-20, 57]], [[22229, 50257], [-197, 9], [1, 509]], [[21125, 65434], [0, -354], [-190, -2]], [[23794, 64809], [-126, -5]], [[27390, 47164], [-2, 412]], [[27629, 47561], [-13, -400]], [[26963, 54572], [49, -40], [2, -472], [-72, 65], [21, 447]], [[26799, 67125], [-1, 152], [-33, -2], [0, 456], [271, 23], [6, -122], [-58, -488]], [[23095, 55302], [0, -195], [-62, 0], [1, 196], [61, -1]], [[26644, 66289], [224, 19], [-98, -191], [-12, -301], [-110, 67]], [[23163, 67932], [167, -1]], [[23998, 71625], [0, -705]], [[23998, 70616], [-210, 105], [9, 909]], [[22532, 73389], [8, -405]], [[22540, 72984], [-37, -1]], [[22475, 72658], [-47, 103], [-28, -61]], [[22397, 72826], [-52, -81], [-58, 192]], [[22287, 73188], [64, -1], [0, 202], [181, 0]], [[27969, 59440], [-2, -356], [-98, 7]], [[22176, 61944], [-155, 1]], [[22023, 62450], [155, 1]], [[22178, 62451], [-2, -507]], [[24524, 55337], [13, 54], [-23, 77], [32, 14]], [[24531, 55729], [23, 114], [-37, -68], [21, 78], [-33, -19], [4, 105], [128, -1], [-1, -300], [24, -194], [-66, -7], [0, -105]], [[22311, 54759], [178, -2]], [[22489, 54509], [-101, -208], [-79, -47]], [[24594, 55332], [-14, -401], [76, -30], [-11, -82], [-36, 11]], [[24580, 54639], [-14, 267], [-38, -24], [27, 115], [-31, 40], [22, 259], [-35, -54], [13, 95]], [[24524, 55337], [70, -5]], [[22689, 50683], [144, 438], [73, -326], [-167, -337]], [[23607, 53038], [-111, 135], [-41, 319], [39, 119], [77, -92], [128, -398], [-92, -83]], [[27106, 56457], [-32, -13], [42, 250], [108, -119], [-50, -305]], [[24391, 61470], [3, -276], [-154, -42], [-3, 322]], [[24374, 57047], [115, 92], [66, -265], [-7, -221], [-32, -84], [16, -169], [-60, 35], [11, 20], [-2, 42], [-31, 11], [-29, 236], [-49, 13]], [[23717, 59893], [3, 416], [125, -10], [-2, -416]], [[28060, 61148], [-7, 62], [13, -9], [-6, -53]], [[25081, 65301], [1, -319], [-85, -89], [0, -99], [-109, 100], [-1, 406], [194, 1]], [[26849, 61798], [-17, 210], [-109, -155], [0, 462], [144, -82], [-2, -105], [31, -7]], [[26936, 58784], [24, -137], [-130, -211], [-22, 136], [12, 155], [32, -2], [48, 162], [7, -115]], [[18184, 66405], [-55, -46], [-131, 170], [-5, 243], [158, -49], [33, -50]], [[26996, 62743], [-9, -414], [-32, 8], [3, 120], [-94, 81], [4, 187], [128, 18]], [[22955, 53606], [-151, -323], [-73, 399], [158, 320], [66, -396]], [[18032, 68798], [72, 331], [1, -153], [37, 10], [74, -302], [102, -47], [25, -128], [11, -130], [-26, 0], [-12, -406], [27, -101]], [[18221, 67607], [-57, 228]], [[17939, 68100], [-44, -64], [-22, 116], [7, 137], [-74, 198], [18, 159], [-22, 136], [60, 222], [22, -67], [55, 110], [20, -180]], [[24167, 67527], [103, 0], [-1, -334], [-132, 0], [1, 334]], [[27627, 48316], [2, -755]], [[27629, 47561], [-241, 15]], [[27388, 47576], [-1, 726]], [[26897, 56466], [89, -190], [30, -155], [-73, -54], [-46, 399]], [[25710, 54117], [128, 3], [-14, -511], [-103, 25], [-11, 483]], [[25880, 59175], [-95, -70], [-33, 176], [54, 265], [99, 8], [-25, -379]], [[28417, 61020], [32, 78], [36, -216], [42, 6], [38, -215], [-2, -168], [-18, -17], [-19, 169], [-80, 184], [-29, 179]], [[23772, 59390], [160, -1], [-2, -438], [-70, 6], [-30, 205], [-65, 88]], [[27934, 61171], [5, 79], [13, -29], [-18, -50]], [[12407, 83216], [42, -235], [27, -598]], [[12410, 82226], [-41, 79], [-291, 903], [-166, 974], [120, 10]], [[15988, 69807], [-258, -33]], [[15730, 69774], [-51, 335], [46, 8], [24, -129], [106, -86], [104, 123], [29, -218]], [[26100, 58064], [-65, -166], [-37, 9], [-1, 354], [95, -47], [8, -150]], [[23551, 71366], [-140, 2], [-6, 706], [143, -3]], [[22836, 70357], [-217, 1]], [[22619, 70761], [208, -1], [9, -403]], [[29155, 68223], [-147, -57], [-222, 411], [154, 503], [152, 197], [34, -62], [32, -909], [-3, -83]], [[24635, 60673], [-3, -642], [-52, 4], [-45, 169], [-23, 352], [-29, 3], [0, 102], [152, 12]], [[16093, 61431], [-35, -183], [-59, -92], [-23, 55], [42, 24], [53, 319], [4, 269], [-35, 99], [8, 68], [135, -21], [25, -486], [-115, -52]], [[26296, 64609], [0, 306]], [[26296, 64915], [128, -51], [0, -254], [-128, -1]], [[26222, 64119], [-105, -1], [-1, 101], [32, 1]], [[26148, 64220], [0, 305]], [[26148, 64525], [73, 1]], [[27586, 59918], [-82, -284], [-47, 259], [141, 222], [-12, -197]], [[16332, 56611], [46, 61], [46, -119], [95, 84], [124, -78], [-20, -134], [-102, -10], [-59, -114], [-51, 148], [-53, 18], [-26, 144]], [[16472, 57781], [177, -248], [0, -578], [-16, -89], [-278, 88], [-58, 177], [10, 329], [-8, 188], [111, -110], [-6, 130]], [[16740, 55911], [33, 35], [10, -80], [-30, -62], [-13, 107]], [[27084, 61210], [37, 168], [55, 13], [51, -222], [-31, -119], [16, -158], [-58, 21], [-17, 145], [-54, 56], [20, 55], [-19, 41]], [[25044, 57163], [-15, 478], [93, 1], [-19, -461], [-59, -18]], [[25461, 60416], [-85, -256], [-15, -34], [-10, -1], [-6, 165], [-39, 153], [95, 165], [24, -160], [36, -32]], [[23611, 67242], [0, -403]], [[23611, 66839], [-131, 2]], [[23731, 64126], [-127, -4]], [[23731, 64501], [0, -375]], [[27761, 58694], [-13, -448], [-133, -10], [5, 482]], [[28806, 63136], [6, -400], [-80, 7], [3, 134], [-53, 258], [124, 1]], [[25536, 63631], [2, 382]], [[25538, 64013], [120, -1]], [[25658, 64012], [1, -127], [-88, -278]], [[22411, 65482], [129, 1], [0, -404]], [[22797, 63866], [126, -1], [0, -404]], [[22797, 64271], [126, -1], [1, -405], [-127, 1]], [[26879, 60302], [-75, -129], [-41, 73], [9, 329], [92, -108], [15, -165]], [[24599, 65518], [0, 203]], [[24806, 65822], [-16, -274], [-29, -80]], [[23497, 67528], [-167, -1]], [[23330, 67527], [0, 404]], [[24001, 68336], [102, -1], [0, -403], [-102, 0], [0, 12]], [[23833, 67931], [167, 1]], [[24000, 67527], [0, -1]], [[23875, 67526], [-42, 0]], [[16474, 61727], [15, -89], [-44, -69], [-133, -630], [-95, 457], [160, 289], [97, 42]], [[30207, 65273], [122, 647], [86, -51], [40, -298], [-17, -331], [-31, -77], [-24, 44], [14, 126], [-160, -145], [-30, 85]], [[28708, 60602], [-83, -32], [-68, 120], [-19, 127], [23, 60], [39, -171], [108, -104]], [[27852, 64518], [2, 489], [66, 52], [73, -170], [-27, -114], [0, -263], [-114, 6]], [[25623, 64902], [-85, -88], [0, 354]], [[25538, 65504], [85, 1]], [[25895, 58215], [-50, -197], [-54, 56], [-6, 390], [109, -82], [1, -167]], [[26162, 59428], [-45, -39], [-14, -111], [-58, 139], [-31, -26], [7, 142], [143, 6]], [[25415, 63094], [-13, -357]], [[25275, 62732], [-1, 322]], [[25028, 58699], [-41, -376], [-33, 83], [-48, -14], [-33, -121], [-13, 57], [30, 76], [-29, 91], [73, 109], [-13, 103], [107, -8]], [[17059, 68624], [-50, -202], [-96, -18]], [[16972, 68981], [-9, 99], [52, 243], [158, -61]], [[17173, 69362], [217, -1], [-20, -230], [-103, -463], [2, -210], [-75, -1]], [[28555, 66114], [20, -42], [-134, 28], [-2, 246], [61, -24], [-2, 91], [55, 6]], [[25901, 65866], [-1, 200]], [[25660, 66057], [13, 211], [355, 4]], [[24728, 65001], [-2, -305], [-142, 7], [-46, 209], [12, 97]], [[26906, 60994], [-115, 145], [38, 125], [-10, 75], [88, 102], [-8, -145], [46, -209], [-39, -93]], [[26739, 61166], [52, -20], [18, -135], [-47, 1], [-37, -211], [-68, 182], [21, 206], [47, 80], [14, -103]], [[25714, 60075], [-100, -56], [-23, 106], [-14, 190], [25, 113], [54, 28], [-10, -96], [30, 35], [33, -150], [5, -170]], [[25181, 62498], [124, -2]], [[25305, 62193], [-124, 1]], [[26369, 58359], [5, 8], [0, -13], [-5, 5]], [[26422, 58383], [0, 14], [2, -9], [-2, -5]], [[26369, 58427], [-1, 8], [1, -1], [0, -7]], [[26428, 58686], [55, -270], [-15, -58], [-37, 71], [-74, -45], [54, 157], [17, 145]], [[22762, 69446], [0, -706], [-101, 1], [0, 100], [-34, 1], [-1, 606], [136, -2]], [[3577, 44685], [22, 91], [35, -26], [18, -338], [-26, -14], [-5, 149], [-44, 138]], [[4028, 44377], [21, 49], [14, -55], [-17, -69], [-18, 75]], [[3111, 46026], [16, 60], [16, -72], [-16, -49], [-16, 61]], [[2380, 46614], [15, 59], [16, -60], [-16, -58], [-15, 59]], [[887, 49275], [34, 21], [-16, 115], [47, 108], [39, -75], [-21, -242], [-62, -46], [-21, 119]], [[219, 49999], [36, 113], [23, -164], [-40, -46], [-19, 97]], [[1438, 47257], [17, 90], [28, -89], [-26, -82], [-19, 81]], [[2066, 46934], [17, 65], [23, -65], [-19, -87], [-21, 87]], [[5816, 42054], [112, 200], [81, -314], [14, -234], [-58, -98], [-90, 50], [-59, 396]], [[4802, 43782], [19, 52], [17, -62], [-21, -65], [-15, 75]], [[26811, 51354], [25, 380], [57, -95], [1, -308], [-83, 23]], [[25658, 63709], [0, 303]], [[25658, 64012], [0, 101], [110, -1], [1, -404]], [[28525, 64484], [-39, -283], [-116, 73], [9, 135], [106, 82], [40, -7]], [[23219, 55857], [-1, 429], [29, 77], [44, 56], [14, -72], [64, 1], [2, -585], [-83, 124], [-69, -30]], [[27616, 47161], [-9, -588], [-25, -143], [-136, -243], [-51, 44], [-5, 933]], [[27390, 47164], [226, -3]], [[21695, 63462], [-202, 1]], [[21493, 63865], [202, 1]], [[23243, 53108], [-132, -140], [-23, 466], [163, 325], [-3, -228], [25, -162], [-30, -261]], [[20036, 62435], [-51, 237], [10, 50], [279, -5], [-48, -422], [-29, 67], [-28, -91], [-73, 164]], [[22648, 72983], [212, -1], [71, -606]], [[25704, 64896], [-1, 610], [114, -2]], [[26001, 63393], [0, -17], [-105, -3], [-1, 337]], [[28316, 59591], [10, 57], [2, -36], [-12, -21]], [[22860, 58743], [145, -1]], [[23005, 58742], [-1, -556]], [[21495, 61439], [-1, 506], [134, 3], [-1, -508], [-132, -1]], [[26190, 55171], [135, -28], [1, -303], [-107, 28], [-29, 303]], [[27202, 54730], [-88, 205], [54, 351], [40, 85], [30, -241], [9, -277]], [[31535, 38353], [-26, -114], [-13, 261], [27, -12], [12, -135]], [[22066, 55785], [1, -508], [-148, 3]], [[26553, 64816], [-97, -2]], [[26456, 65118], [-32, 0], [0, 67]], [[26552, 65188], [1, -372]], [[29983, 67984], [12, -227]], [[29959, 67741], [-21, -140], [-102, -41], [-68, 102], [85, 537], [-10, 233], [84, 148], [52, -176], [37, -7], [27, -209], [-4, -178]], [[23718, 60028], [-2, -349]], [[25493, 61368], [-4, -353], [-57, 33], [-12, -179], [-40, 54], [18, 17], [-20, 80], [24, -9], [-8, 177], [24, 47], [-17, 17], [30, 71], [-21, 79]], [[22398, 50265], [130, 1], [0, -42]], [[22528, 49579], [-131, 0]], [[25275, 62732], [127, 5]], [[25402, 62737], [2, -238], [-129, -3], [0, 51]], [[26657, 56274], [-49, -257], [-83, 220], [51, 167], [36, -15], [45, -115]], [[23417, 70152], [3, -403], [-172, 0]], [[28098, 61955], [58, 185], [52, -197], [-82, -190], [-28, 202]], [[27894, 60421], [-103, 255], [57, 241], [43, -37], [58, -274], [-55, -185]], [[16596, 55650], [32, 61], [44, -130], [-42, -63], [-34, 132]], [[16633, 56866], [16, 667], [17, 0], [39, -101], [101, -30], [69, -637], [-97, -280], [-66, 73], [-79, 308]], [[16637, 56486], [10, 77], [44, -54], [-24, -77], [-30, 54]], [[25420, 62500], [89, -21], [27, -354], [-115, -2]], [[20335, 62418], [17, 306], [35, -7], [54, 236], [119, 2], [20, -1010], [-178, -4], [12, 207], [-52, 81], [-27, 189]], [[16862, 55370], [38, 39], [69, -320], [-47, -44], [-60, 325]], [[16865, 55888], [39, 53], [47, -77], [31, -210], [-66, -9], [-51, 243]], [[17043, 56338], [-33, -208], [-48, -40], [-41, 77], [6, 143], [-31, 161], [-110, 6], [3, 96], [86, 192], [-73, 671], [342, 6], [6, -620], [-24, -312], [-83, -172]], [[18035, 55143], [-14, 213], [69, 2]], [[18350, 55762], [1, 0]], [[18351, 54206], [-412, 529], [31, 292], [45, 6]], [[26338, 56965], [-126, -9], [12, 253], [113, -46], [1, -198]], [[23480, 66431], [131, 2], [13, -407], [-128, 1], [-16, 404]], [[27198, 49102], [117, -4], [-17, -178], [74, -331], [-64, 5], [-27, -206]], [[27643, 60852], [-9, 57], [9, -3], [0, -54]], [[29641, 68064], [57, 230], [115, 38], [40, -109], [-49, -381]], [[22796, 61336], [-153, 0], [-1, 507]], [[18990, 55865], [72, -561], [40, 184], [52, 61], [0, -790], [-488, -9]], [[26552, 65188], [-128, -3]], [[26424, 65185], [-16, 256], [145, 17], [-1, -270]], [[20382, 60842], [163, -8], [-9, -190], [-71, -257], [-83, 0], [0, 51]], [[27003, 50288], [-174, 30]], [[26829, 50318], [-16, 314], [-67, 27], [197, 77], [86, -303], [-26, -145]], [[31760, 38308], [-13, -144], [-54, 64], [8, 149], [59, -69]], [[31456, 38336], [-10, 170], [34, -4], [-20, -83], [-4, -83]], [[26016, 58963], [50, -145], [-8, -209], [-66, 20], [-47, 262], [71, 72]], [[27852, 64680], [-113, -88], [-22, 240], [84, 296], [53, -6], [-2, -442]], [[22797, 67932], [-135, 1]], [[22663, 68335], [133, -1]], [[22363, 68336], [165, 0], [1, -301], [-166, -3]], [[26158, 62824], [-10, -238], [-65, -135], [-33, -2], [16, 374]], [[25664, 61733], [109, 13], [1, -323], [-110, -52], [0, 34]], [[28422, 61228], [30, 94], [109, -445], [-23, -58], [-53, 63], [-63, 346]], [[27668, 56352], [156, -122], [-101, -552], [-80, 225], [-38, -2], [63, 451]], [[29226, 68248], [52, 20]], [[29265, 68581], [224, 162], [7, -316], [-35, -267], [16, -275], [-188, -74], [-78, 209], [22, 53]], [[23875, 67526], [125, 0]], [[24000, 67526], [7, 0]], [[23183, 57824], [-30, -118], [-1, -328]], [[23065, 57571], [-24, -27], [14, 441]], [[27099, 60385], [50, -150], [-93, -218], [-21, 4], [-46, 295], [96, 282], [14, -213]], [[27683, 60898], [-90, -232], [-42, 110], [67, 303], [125, -105], [-19, -115], [-41, 39]], [[27631, 60859], [12, -7], [-6, 66], [-6, -59]], [[25219, 55912], [55, 20], [-11, 148], [73, 109], [-15, -514], [-102, -18]], [[26082, 61839], [-87, -36], [-1, 185], [57, 94], [31, -243]], [[21495, 61439], [0, -608]], [[21495, 60721], [-196, -1]], [[21300, 61445], [195, 2], [0, -8]], [[21796, 52657], [236, 5]], [[22032, 52174], [-236, -3]], [[31259, 37938], [15, 128], [12, -147], [-27, 19]], [[23258, 58289], [0, 202], [-15, 152], [32, 0], [17, -106], [129, 55], [-1, -333], [22, -78], [-49, -223], [-33, 30]], [[23843, 59976], [1, 110], [196, -15], [-1, -320], [-121, 9], [1, 204], [-76, 12]], [[31403, 38322], [-22, -244], [-18, 197], [40, 47]], [[25001, 53503], [29, -101], [0, -391], [-85, -9]], [[24945, 53503], [19, 0]], [[26119, 62524], [104, 133], [-20, -442], [-86, -19]], [[21573, 71573], [-106, 0], [-17, 689], [110, -88], [106, 74], [17, -46], [-20, -69], [51, -258], [-141, 0], [0, -9]], [[26777, 56744], [7, 315], [42, -8], [35, -230], [-84, -77]], [[24176, 54737], [29, -406], [-142, 6], [12, 351], [101, 49]], [[28571, 61098], [33, 77], [71, -147], [24, -275], [-47, 22], [-81, 323]], [[23226, 51591], [112, -242], [-10, -164], [-46, -170], [-70, -31], [-51, 241], [8, 296]], [[25148, 68089], [11, -407], [-100, 11], [21, 395], [68, 1]], [[18887, 72910], [0, -168]], [[18673, 72909], [-244, -11], [-50, 57], [-33, 160], [215, 20], [1, 183], [217, -104], [36, -51]], [[25189, 66763], [131, -1], [1, -370], [-132, -37]], [[16769, 62125], [27, 259], [293, -2], [-92, -85]], [[16997, 62203], [140, -518], [-205, -671], [-202, 601], [69, 2]], [[24723, 63678], [2, 612]], [[24853, 64287], [-1, -101]], [[24884, 64055], [-91, -382]], [[29463, 64608], [418, 374], [42, -283], [-25, -81], [-434, -538]], [[26293, 62957], [0, -54], [-62, 5], [1, 236], [61, -3]], [[23716, 59679], [-3, -289], [-150, 1], [0, 195]], [[23563, 59701], [153, -22]], [[21125, 65434], [-190, -2]], [[20935, 65785], [192, 2], [-2, -353]], [[20590, 57899], [1, -202], [-118, -1], [-2, 964]], [[20664, 58524], [292, 56]], [[21027, 58139], [24, 0], [0, -38]], [[20915, 57813], [0, 86]], [[26047, 54938], [34, 79], [123, 12], [37, -275]], [[26120, 54637], [-1, 102], [-72, 99], [0, 16]], [[22746, 54807], [-144, 4], [3, 516], [143, -10]], [[22619, 70761], [0, -403]], [[22619, 70358], [-278, 4]], [[22611, 70761], [8, 0]], [[22709, 71164], [-210, 2], [-8, 708], [212, -1]], [[23596, 68941], [0, -101]], [[23596, 68840], [68, 0], [0, 102]], [[23664, 68942], [135, -51], [-37, -100], [-5, -148], [-196, -5]], [[26486, 55311], [-23, -348], [-80, 193], [-12, 126], [115, 29]], [[26436, 55328], [0, -5], [-1, 0]], [[15621, 61479], [-138, 537], [227, 106], [50, -181], [1, -129], [66, -318], [14, -274]], [[26176, 71650], [104, -185], [27, -295], [58, -202], [119, 80], [6, -335], [42, -214], [84, 75], [61, -143], [-56, -261], [-136, 4], [3, 241], [-35, 0], [0, 100], [-34, 0]], [[26418, 70616], [-208, 0], [0, 102], [-35, 0]], [[18577, 67674], [356, -6]], [[18988, 67528], [0, -215]], [[18988, 67313], [0, -345]], [[18988, 66968], [-151, 1]], [[26570, 56634], [71, -111], [7, -77], [-72, -44], [-20, 89]], [[27082, 53929], [43, 249], [22, -53], [-1, -125], [72, -188], [-53, -184], [-83, 301]], [[21878, 50772], [-36, 176], [24, 119], [3, 333], [164, -1]], [[23457, 59589], [-10, 377], [116, 5]], [[23563, 59971], [0, -270]], [[23563, 59701], [0, -115]], [[28169, 64571], [-76, -271], [-126, 1], [10, 556], [187, 16], [16, -73], [-21, -47], [10, -182]], [[26417, 67083], [1, -405], [-131, 1]], [[31441, 37795], [-27, -42], [-1, 187], [27, -28], [1, -117]], [[24932, 62905], [47, 1], [0, -204], [109, 0]], [[25088, 62550], [-31, 0], [1, -221], [-125, -33]], [[25177, 57642], [127, 1], [0, -279], [-108, 1], [-19, 277]], [[25059, 56673], [-133, 36]], [[24926, 57130], [132, -64], [1, -393]], [[24237, 53554], [-138, -91], [2, 116], [-80, 244], [170, 102], [-6, -206], [52, -165]], [[23406, 63763], [-104, 3], [-29, 54], [1, 274], [-28, -24], [-3, 69], [157, -8]], [[25088, 63228], [-21, 14], [20, 274], [111, 7], [-18, -467], [-92, 2]], [[26160, 65504], [-139, -1], [8, 361]], [[25209, 61026], [0, -50], [-120, -2], [-11, 104], [13, 202], [78, 2], [40, -2], [0, -254]], [[20369, 71805], [0, -7]], [[20369, 71432], [0, -17], [-505, 8], [-19, 462], [13, 227], [74, 241], [214, 28], [77, 117], [48, 238], [22, -29], [0, -103]], [[22543, 63866], [-124, 0]], [[22419, 64261], [0, 10], [1, 0]], [[24270, 67930], [-170, -15], [3, 420], [100, -2], [0, -100], [67, -1]], [[29175, 64155], [26, 164], [66, -75], [-19, -96]], [[31521, 38252], [14, 76], [13, -97], [-27, 21]], [[25285, 53132], [137, 38], [-27, -1163], [-96, 14], [-14, 1111]], [[22730, 67932], [133, -1]], [[22863, 67931], [0, -405]], [[22863, 67526], [-133, 1]], [[25566, 56124], [0, -101], [-145, -91], [-2, 419], [117, -19]], [[26076, 55448], [100, 1], [31, -389], [-131, -52]], [[28316, 59289], [-27, 79], [-71, 28], [203, 50], [29, -74], [-64, -370], [-40, 184], [-36, -11]], [[19995, 64089], [-3, -374], [-449, 3], [1, 904], [482, 3]], [[26047, 60323], [31, 197], [65, -324], [-78, -78], [-18, 205]], [[26291, 62651], [-132, -42], [-1, 298], [135, -4], [-2, -252]], [[28579, 58243], [23, -184], [-19, 9]], [[28571, 57921], [-59, -22], [-96, 236], [4, 116], [25, 39], [-30, 182], [155, -5]], [[31384, 38099], [-34, -12], [8, 90], [16, 62], [10, -140]], [[21849, 71777], [6, 198]], [[22041, 71168], [-196, 67], [-50, 542]], [[27428, 58236], [13, 415], [99, -165], [43, -253], [-155, 3]], [[25373, 70920], [0, -201]], [[25373, 70719], [0, -378], [-243, 204]], [[25130, 70920], [243, 0]], [[23522, 69750], [2, -605], [-137, -1], [-2, 606], [137, 0]], [[26730, 60783], [-70, -91], [-59, 113], [59, 169], [70, -191]], [[22934, 51410], [-75, -6], [-48, 182], [82, 310], [64, 127]], [[22998, 52005], [21, -213]], [[21103, 68271], [-168, 1]], [[20935, 68272], [-1, 499], [136, 39]], [[30960, 69564], [32, 17]], [[30962, 70014], [89, 57], [77, -101], [10, -117], [-25, -17], [24, -128], [-20, -110], [17, -103], [25, -80], [16, 78], [35, -35], [76, -427], [-192, -464], [-98, -62]], [[21800, 56849], [-26, 0]], [[21654, 57354], [147, 1]], [[25130, 70920], [0, -101]], [[24887, 71121], [0, 201], [-7, 0]], [[24818, 71643], [120, 782], [203, -276]], [[24948, 55655], [-29, -83], [-119, 139], [21, 146], [-8, 253], [95, 0]], [[15609, 68438], [-177, 36], [26, 138], [34, -1], [-1, 335], [143, -55], [-48, -135], [23, -318]], [[23163, 67932], [0, -405]], [[23052, 67527], [0, 406]], [[23052, 67933], [111, -1]], [[27852, 64512], [114, 0], [2, -219], [-49, -374], [-41, -29], [-92, 132], [66, 339], [0, 151]], [[24176, 54737], [-129, -48], [14, 355], [115, -104]], [[24176, 54940], [0, -101]], [[28367, 63823], [-67, -149], [-18, 84], [54, 203], [147, 228], [-19, -236], [29, -112]], [[21507, 68702], [0, 1]], [[21507, 69819], [148, 0]], [[23637, 54541], [-98, 110], [0, 375], [170, -11], [14, -398]], [[25373, 70920], [-156, 1]], [[25217, 71422], [177, 224], [14, -424]], [[25408, 71222], [-35, -1], [0, -301]], [[23335, 59403], [-1, -506], [-105, 102], [1, 506], [1, 0]], [[24261, 62371], [-7, -291], [-32, -197], [-31, 44], [-6, 155], [-52, 191], [39, 313], [91, -11]], [[30976, 38088], [45, -8], [11, -122], [-42, -48], [-14, 178]], [[31183, 38184], [66, -73], [-19, -47], [-47, 120]], [[31103, 38339], [19, 60], [15, -75], [-19, -54], [-15, 69]], [[22534, 58289], [1, 0], [1, -203], [58, 1], [1, -608], [-147, 1], [-1, 809]], [[20561, 63358], [96, 1], [-8, -285], [3, -22], [3, 4], [2, -2], [-16, -28], [17, -71], [-78, -508], [-19, 0], [0, 717]], [[20654, 63056], [-1, 0], [1, 1]], [[20656, 63031], [1, 8], [0, -11], [-1, 3]], [[20657, 63022], [-1, 2], [1, 3], [0, -5]], [[26935, 61612], [50, 41], [10, 150], [13, 27], [53, -144], [2, -116], [-63, -171], [-3, 109], [-62, 104]], [[21711, 53755], [-2, -664], [-140, 3]], [[24221, 58070], [-63, 6], [0, 101]], [[24055, 58186], [11, 301], [95, 78], [14, -85], [50, -5]], [[20322, 62915], [21, 128], [-57, 145], [-16, 176], [54, -7], [62, -259], [70, -97], [-69, -284], [-51, 21]], [[23031, 60526], [1, -555]], [[23820, 58541], [148, -46], [-17, -302], [-20, 1], [-1, -166], [-34, 1], [-5, 119], [-75, -64]], [[29067, 68189], [159, 59]], [[29226, 68248], [7, -175]], [[29233, 68073], [-22, -52], [34, -133], [46, -18], [-46, -77], [20, -552], [-109, -30], [-93, 130]], [[27620, 60487], [-110, -143], [-8, 121], [70, 237], [52, 38], [18, -135], [-22, -118]], [[22154, 53577], [-10, 680], [144, -4], [-2, -711], [-31, -67], [-101, 102]], [[8570, 92038], [114, -286], [-747, 17]], [[7464, 90403], [-160, -532]], [[7285, 89267], [-193, -100]], [[5063, 89267], [15, 806], [14, 116], [24, 0], [0, 15]], [[5468, 93123], [-3, 504], [176, 0], [0, 201], [297, 0], [0, 402], [238, 0], [0, -201], [119, 0], [0, 201], [119, 1], [0, -101], [60, 0], [0, -101], [119, 0], [12, 302], [181, 0], [0, 201], [182, 0], [0, 101], [17, 0], [0, 403], [-43, 0], [0, 100], [-124, 0], [16, 403], [-126, 100], [0, 101], [-63, 0]], [[6645, 95740], [14, 261]], [[10646, 96580], [0, -3090], [-93, -148], [-15, -114], [-132, -197], [-88, 28]], [[9968, 92303], [-88, -198], [-102, 85], [25, 54], [-28, 37], [12, 136], [28, 59]], [[9783, 92537], [53, 96], [-149, -51]], [[9261, 92978], [-59, 62], [-90, -22]], [[9101, 92916], [-100, -86], [-488, -72]], [[19309, 55983], [-30, 11]], [[19070, 56486], [0, 306]], [[19070, 59976], [209, -6]], [[24781, 53406], [-109, -1]], [[24672, 53710], [-29, -1], [1, 102], [136, 22]], [[21762, 59390], [150, 0]], [[21912, 58876], [-150, 1]], [[21293, 53742], [125, 14], [5, -657], [-29, 2], [-29, 200], [-72, 39]], [[19663, 69250], [204, 10], [41, -321], [54, -42], [96, -270], [16, -327], [-398, 4], [-13, 946]], [[25619, 58490], [-119, -134], [-23, 63], [10, 282], [48, 101], [92, -39], [-8, -273]], [[24765, 56979], [-74, 116], [-1, 197], [10, -77], [20, 65]], [[24689, 57314], [8, 92], [27, -60], [-8, 168], [11, -69], [65, 41], [1, -406]], [[23674, 63618], [-4, 506], [128, 6], [3, -517]], [[31552, 38349], [26, -139], [-5, -24], [-18, 18], [-3, 145]], [[26018, 62447], [-16, -103], [-62, -6], [-1, 359], [112, 7], [-1, -255], [-32, -2]], [[26227, 56431], [36, 150], [51, 0], [4, -341], [-87, 27], [-4, 164]], [[26522, 62592], [35, -8]], [[26555, 62321], [56, -1]], [[26602, 61878], [-46, 141], [-51, 12]], [[26104, 59163], [109, -192], [-40, -44], [-3, -142], [-70, 120], [-41, -80], [-43, 138], [8, 136], [59, -32], [21, 96]], [[21769, 73290], [25, -709], [-251, -1]], [[21442, 73392], [0, 202]], [[21442, 73594], [32, 101], [27, 0]], [[29783, 66622], [172, -128]], [[29966, 66190], [38, -23], [-32, -130], [35, -61], [-6, -173], [-177, 16]], [[29788, 65997], [17, 125], [-31, 61], [25, 333]], [[26516, 63777], [5, 304], [132, -30], [-8, -325], [-129, 51]], [[16623, 58566], [-188, -1], [-28, 137], [99, 319]], [[16506, 59276], [107, 102]], [[17579, 54880], [-306, -104], [-33, 187], [-15, 448], [-65, 301], [9, 139], [59, 59], [35, -85], [322, -7]], [[31470, 38001], [10, -254], [-38, 1], [3, 194], [25, 59]], [[26463, 54963], [22, 186], [41, 8], [77, -192], [-84, -188], [-29, 180], [-27, 6]], [[31621, 38184], [-5, -159], [-35, 98], [4, 104], [36, -43]], [[23564, 61690], [2, 429]], [[23702, 62103], [15, -449]], [[29436, 65758], [11, 83], [-12, -607], [-131, -82], [20, 723]], [[22998, 52005], [-41, 18]], [[22957, 52023], [43, 159], [91, 101], [37, 12], [24, -99], [-28, -200], [16, -81], [-135, -27], [-7, 117]], [[20935, 61742], [-2, -916], [-163, 193], [-108, -7], [-4, 422], [30, 1]], [[24040, 60054], [227, -16], [-2, -305], [-226, 18], [1, 303]], [[21647, 73918], [366, 0]], [[22023, 73390], [-163, 102], [-200, -101]], [[27960, 57474], [-59, 119], [-16, 277], [134, 63], [-9, -293], [43, -159], [-93, -7]], [[19615, 68200], [85, 1], [16, -205]], [[19949, 67528], [0, -33], [-240, 2], [-100, 152]], [[19609, 67649], [-99, 17]], [[19510, 67666], [-40, 224], [112, 107], [-1, 100], [35, 0]], [[26551, 69103], [412, 2]], [[26963, 69105], [22, -401]], [[16337, 62196], [-68, 102], [-64, -99], [-27, -237], [-97, 26], [19, 307], [31, 63], [73, -45], [98, 337], [191, -27], [1, -248]], [[24029, 58944], [148, -61], [-1, -319], [-60, 3], [0, -84], [-89, 7]], [[21630, 55278], [-144, -1]], [[29129, 66512], [-60, -133], [-159, -231], [48, 656], [166, -56]], [[27612, 57811], [111, 43], [61, -155], [-32, -60], [-11, -206], [-87, -10], [22, 112], [-8, 163], [-56, 113]], [[27784, 57699], [60, 197], [41, -46], [17, -254], [-43, -141], [-44, 5], [-31, 239]], [[23049, 64067], [0, 303]], [[23224, 64370], [-14, -73], [49, -229], [-210, -1]], [[28074, 65092], [-1, 247], [121, -166], [0, -125], [-30, -175], [-39, 16]], [[27522, 55159], [0, 225], [-61, 15], [-48, 129], [81, 184], [43, -99], [3, -121], [72, -253]], [[23900, 67931], [-67, 0]], [[23800, 67931], [-1, 404], [101, 1]], [[22400, 67526], [-141, 1], [-17, 171]], [[22257, 67944], [-14, 88], [153, 1]], [[26086, 58267], [-109, 48], [-11, 187], [32, 130], [74, -49], [14, -316]], [[25536, 62701], [-25, -49], [12, -110], [-119, -43], [-2, 357], [134, -5]], [[26468, 61715], [28, 127], [32, -25], [11, -110], [-19, -82], [-52, 90]], [[24983, 59215], [-6, 174], [54, 4], [-28, -309], [-51, -58], [-21, 63], [47, 14], [-24, 82], [29, 30]], [[27643, 55903], [145, -333], [-55, -102], [-76, -355], [-39, 210], [-78, 169], [-7, 131], [66, 284], [44, -4]], [[23900, 56948], [3, 435], [89, 0]], [[24019, 57226], [52, -87], [-43, -201]], [[23192, 61639], [1, 507]], [[23317, 62145], [-2, -506]], [[27489, 64776], [-135, 1], [0, 248]], [[22344, 53542], [65, 256], [75, 42], [63, -364], [-83, -209], [-45, 229], [-15, -59], [-60, 105]], [[21217, 58371], [245, 6]], [[21462, 58377], [-2, -516]], [[27592, 64242], [-5, 380], [47, 199], [86, -3]], [[18018, 70601], [39, -306], [-49, -126]], [[18027, 70088], [-21, -179], [-26, -92], [-37, 30], [57, -231], [-28, -117]], [[17615, 69525], [-47, -130], [-45, 2]], [[17417, 69581], [62, 404], [-23, 159], [-69, 121], [41, 205], [33, -35], [13, 163], [131, 97], [-44, 170], [109, -122], [42, 240], [364, 201], [-34, -555]], [[22919, 61843], [0, -101], [31, 0]], [[22944, 61234], [-148, 102]], [[22796, 61336], [0, 507]], [[28121, 60717], [-67, -362], [-96, 300], [96, 243], [67, -181]], [[27414, 58223], [137, 9], [-58, -369], [-45, 96], [-34, 264]], [[24101, 60050], [-106, 25], [-2, 464], [108, -7]], [[18585, 64711], [177, 72], [33, -323], [-58, -46], [-17, 115], [-70, -176], [-65, 358]], [[23496, 67931], [-166, 0]], [[23330, 67931], [-2, 0]], [[23328, 68336], [100, -2], [0, -101], [67, 0]], [[27417, 48999], [27, 0], [1, -508]], [[27387, 48302], [2, 245], [-94, 418], [20, 133], [102, 0]], [[26470, 57591], [67, 42], [44, -226], [-105, -168], [18, 178], [-24, 174]], [[24269, 66530], [5, -399], [-131, -2], [-6, 401]], [[23805, 53544], [30, -113], [-13, -76], [26, -99], [-127, -89], [2, 308], [41, 235], [51, -116]], [[26700, 62526], [158, -33], [-6, -257], [-113, 14], [-48, 111], [9, 165]], [[25666, 55644], [-71, -313], [-143, 12], [-2, 590], [49, -3], [9, 102], [87, -26], [17, -98], [-21, -54], [75, -210]], [[25510, 54315], [29, 1]], [[25539, 54316], [2, 155], [94, -255], [89, 1], [-14, -253], [-212, 53], [12, 298]], [[25001, 55656], [-53, -1]], [[24948, 55655], [-1, 136], [-38, 16], [-1, 303]], [[24908, 56110], [78, 1]], [[24986, 55858], [35, -1], [-20, -30]], [[22419, 64261], [0, -395]], [[22292, 63867], [1, 360], [126, 34]], [[21695, 63866], [158, -1]], [[21853, 63462], [-158, 0]], [[21695, 63462], [0, 404]], [[28814, 62642], [-8, 494], [48, 130], [59, -44], [-44, -364], [23, -111]], [[18988, 67528], [-55, 140]], [[18933, 67668], [-44, 0], [13, 379], [86, 42], [0, -561]], [[24728, 65001], [-178, 8]], [[24550, 65009], [13, 104], [157, 117], [61, 301], [22, -217], [-75, -162], [0, -151]], [[28595, 60294], [-46, 180], [16, 199], [61, -103], [-3, -110], [40, -164], [-68, -2]], [[23602, 56417], [2, 290], [106, -4], [5, -302], [31, -205], [-95, 82], [-23, 138], [-26, 1]], [[25801, 64518], [115, -2], [1, -403], [-59, -2], [1, 153], [-58, 50]], [[18442, 66786], [115, 128], [20, -64], [38, -402], [-32, -80]], [[18540, 66267], [-14, -101], [-83, -2], [0, 303], [-65, 43], [16, 159], [-16, 0], [-2, 406]], [[25769, 63961], [-17, 344], [107, -41], [-1, -303]], [[28995, 63512], [41, 83], [-50, -270], [-33, -10], [-5, 115], [21, 42], [-5, 95]], [[19949, 67528], [0, 169], [-34, -1], [0, 102], [-165, 132], [0, 65], [-34, 1]], [[19716, 67996], [-33, 260], [396, 44], [5, -773], [-135, 1]], [[28660, 59450], [83, -239], [31, -301], [-33, 1], [-58, 331], [-86, 208], [14, 0]], [[28673, 66508], [5, -380], [-123, -14]], [[28555, 66114], [-2, 305]], [[28553, 66419], [31, 4], [-22, 85]], [[24234, 57058], [140, -11]], [[24374, 57047], [-2, -290]], [[24372, 56757], [49, -12], [29, -157], [-47, -2], [-32, 104], [-3, -129], [-141, -3]], [[24415, 56234], [-116, 10], [6, 350], [63, -33], [0, 112], [81, -106], [4, -83], [-36, -25]], [[24762, 67589], [-100, -1], [1, -151]], [[24513, 67437], [-17, 334], [266, 25]], [[24762, 67691], [0, -102]], [[24635, 60673], [-108, -17], [2, 177], [140, -7], [-1, -107], [32, 3], [-5, -433], [-56, -3], [-4, 387]], [[23370, 55280], [-154, 20]], [[23216, 55300], [0, 278], [77, 162], [77, 22]], [[29365, 66323], [-134, -66], [23, 375], [127, 106], [13, -44], [-29, -371]], [[23468, 53449], [-190, -535], [3, 145], [-41, 80], [34, 234], [-25, 208], [160, 96], [59, -228]], [[27404, 63230], [-16, -212], [-44, -94], [-63, 43], [-15, 152], [2, 188], [136, -77]], [[22180, 61944], [151, 0]], [[25769, 63369], [0, -67], [-110, 3], [-1, 404]], [[25658, 63709], [111, -1]], [[21495, 60831], [144, -3]], [[21639, 60424], [-144, 1]], [[21495, 60721], [0, 110]], [[26636, 60558], [-90, 45], [45, 202], [62, -91], [-17, -156]], [[23989, 73486], [2, -855], [-373, -53], [-3, 993], [163, -82], [16, -133], [195, 130]], [[22397, 50966], [7, 545], [119, 17], [15, -201], [49, -97], [-80, -423]], [[20656, 63763], [1, -330], [-4, -8], [-4, -11], [-2, -2], [3, -19], [-169, -11], [9, 380], [166, 1]], [[20646, 63410], [-3, 1], [0, -1]], [[26600, 58914], [41, 119], [75, -62], [17, -62], [-21, -220], [-112, 225]], [[23335, 59403], [30, 0]], [[23455, 59403], [-2, -405]], [[23423, 58998], [0, -101], [-89, 1], [1, 505]], [[23497, 67931], [-1, 0]], [[23496, 67931], [-1, 302]], [[23495, 68233], [137, 1], [0, -303]], [[17939, 68100], [0, -76], [70, -97], [75, 50], [49, -171], [31, 29]], [[18164, 67835], [55, -225], [30, 14], [18, -251], [175, -96]], [[18442, 67075], [-66, 0]], [[18376, 67075], [18, -507], [-20, -69], [-62, 62]], [[18245, 67178], [-184, 0], [-6, 147]], [[18016, 67333], [6, 186], [-47, 113], [-5, 250], [-42, -17], [-40, 144], [51, 91]], [[24045, 51933], [-2, 86], [-29, 0], [-9, 259]], [[24005, 52278], [-28, 51]], [[23977, 52329], [139, 75], [13, -334], [-19, -142], [-96, -47], [31, 52]], [[22155, 69151], [-1, -406], [-260, 15], [-1, 170], [-31, 116], [51, -54], [38, 159]], [[20777, 63253], [-72, -79], [-1, -152]], [[20696, 63022], [-17, 51], [-10, -9], [0, 21], [-5, -58], [-23, -1], [13, 190], [76, 8]], [[20698, 63024], [1, -2]], [[20654, 63056], [0, 1]], [[20654, 63057], [-1, 0], [1, -1]], [[20692, 63074], [-1, 5], [0, -1]], [[20697, 63089], [-1, 0], [1, -2]], [[20692, 63106], [-1, 17]], [[23065, 57377], [87, 1]], [[23152, 57378], [-15, -406], [-102, 1]], [[20938, 70295], [1, -1027], [-278, 2], [27, 1321], [15, 0]], [[21569, 53756], [0, -662]], [[21569, 53094], [0, -2], [-146, 7], [-5, 646], [151, 11]], [[25493, 61368], [-83, 34]], [[25410, 61402], [-1, 31], [146, 322]], [[25596, 61420], [0, -51], [-104, -39], [1, 38]], [[20935, 65078], [188, 2], [-1, -456], [-187, -1]], [[25240, 65152], [-2, 305]], [[25333, 65463], [2, -304]], [[28436, 62220], [22, 72], [36, -120], [-36, -117], [-22, 165]], [[19854, 61389], [-3, -77], [-5, 0]], [[19546, 61312], [-5, 404]], [[19975, 61912], [0, -427], [-176, 35]], [[23818, 69423], [-18, -179], [-136, 2], [-2, 370], [58, 146], [79, -146], [57, 4], [11, -89], [-49, -108]], [[25672, 66555], [7, -198], [-358, 1], [0, 135]], [[20083, 63365], [189, 7], [14, -184], [58, -154], [-22, -119]], [[20322, 62915], [14, -177]], [[20336, 62738], [-22, -35], [-231, 19]], [[15777, 60794], [-10, 126], [54, 43], [-4, 90], [42, -258]], [[15611, 60874], [28, 44], [36, -159], [-27, -31], [-37, 146]], [[19546, 60996], [0, 316]], [[19546, 61312], [300, 0]], [[19846, 61312], [64, -270], [-30, -171], [-41, 97]], [[8318, 88428], [250, -67]], [[8566, 87690], [-75, 0], [-2, -135]], [[8401, 87723], [-380, 337], [122, 66]], [[27209, 51398], [-21, 388], [-25, 84], [3, 108]], [[27234, 51959], [-1, 171], [33, 1], [47, -677]], [[25001, 55656], [0, 171]], [[25001, 55827], [102, 116], [-6, -389], [-29, -103], [-29, -1], [0, 205], [-38, 1]], [[23913, 63421], [-112, -9]], [[23801, 63412], [0, 201]], [[23801, 63613], [0, 153]], [[23911, 63768], [2, -347]], [[25951, 68302], [133, -3]], [[26085, 67893], [-133, 1]], [[26021, 67184], [2, -508], [-355, -3], [-14, 410]], [[25538, 65504], [0, -336]], [[25398, 65367], [32, 87], [-2, 322], [-96, -8], [7, 195], [314, -6], [-27, -451], [-88, -2]], [[25301, 61027], [0, 1], [67, 9], [27, -163], [-33, -131], [6, -103], [-67, 29]], [[26984, 56884], [29, 69], [100, -313], [-39, -199], [-83, 12], [19, 256], [-26, 175]], [[23315, 61588], [2, 405]], [[23130, 71165], [-174, -1], [12, 342], [-24, 96], [0, 167], [180, 1], [6, -605]], [[25105, 58150], [-110, -34], [-8, 207], [28, 281], [93, -151], [-3, -303]], [[18154, 64621], [0, 1155], [524, 6], [42, -237], [3, -276], [35, -84], [-26, -139], [-76, -34]], [[25103, 57433], [19, 209], [55, 0], [29, -463], [-103, 2], [0, 252]], [[27489, 63415], [0, -280]], [[27489, 63135], [-96, 37], [34, 294], [62, 12]], [[27128, 62382], [79, -79], [3, -456], [-31, -68], [-78, 374], [43, 60], [-16, 169]], [[17628, 66948], [-23, -61], [-71, 184], [80, 6]], [[17615, 67633], [78, 86]], [[17823, 68223], [72, -187], [-31, -388], [12, -972]], [[28599, 62929], [58, -197], [-7, -253], [-50, 72]], [[28600, 62551], [0, 178]], [[28600, 62729], [-51, 0], [0, -7]], [[28549, 62722], [0, -102]], [[28549, 62620], [26, -47], [-22, -29], [-50, 144], [25, 446], [61, 1]], [[22287, 73188], [0, -251]], [[22287, 72937], [36, -55], [0, -100], [74, 44]], [[22397, 72826], [3, -126]], [[22400, 72700], [34, 57], [41, -179], [-359, 1]], [[22205, 73188], [82, 0]], [[24521, 62992], [127, -428], [-129, -3], [0, -103], [-63, 4], [-14, 359]], [[26976, 61815], [21, -3], [-12, -161], [-68, -46], [-68, 193]], [[26849, 61798], [21, 31], [-6, 96], [32, 196]], [[26896, 62121], [46, -89], [3, -105], [33, -7]], [[25040, 59983], [-105, -174], [-19, 327], [83, 127], [41, -280]], [[26611, 62320], [112, -5], [-5, -485], [-65, 122], [-51, -74]], [[26602, 61878], [9, 442]], [[22489, 54509], [0, 248]], [[22489, 54757], [113, -1], [57, -493], [-96, -198], [-12, 73], [-21, -45], [-63, 372], [22, 44]], [[26683, 57153], [-56, -166], [-19, 429], [92, -98], [-17, -165]], [[26685, 55205], [76, 126], [51, -325], [-77, -166]], [[27699, 63134], [-36, -331], [-72, 203], [-66, 27], [-9, 100], [183, 1]], [[26767, 64614], [108, 2], [-1, -278], [-107, -62]], [[27198, 48389], [-137, -2]], [[27198, 48746], [0, -357]], [[27162, 63276], [7, 442], [123, -61], [-2, -255]], [[26221, 66273], [-131, 0]], [[26089, 66676], [131, 3]], [[23843, 59967], [76, -3], [6, -575], [-74, 1], [-8, 577]], [[28302, 60606], [42, 67], [18, -79], [-10, -103], [-50, 115]], [[27508, 59114], [3, 336], [115, -9]], [[23858, 64503], [-127, -2]], [[23731, 64803], [127, 6]], [[15621, 61479], [64, 28], [156, -287]], [[15841, 61220], [-35, -281], [-70, 18], [-50, 151], [-46, -22], [15, 222], [-34, 171]], [[21460, 57861], [152, 0]], [[21612, 57861], [-2, -506]], [[21610, 57355], [-150, -1]], [[23568, 54130], [24, 1], [17, -151], [-148, 2], [-1, 602], [138, 35]], [[23922, 64808], [-128, 1]], [[23794, 64809], [-1, 407]], [[26296, 64531], [0, 78]], [[26296, 64609], [112, 1], [17, -203], [-16, 0], [0, -152], [-113, 50]], [[27198, 48389], [83, -1]], [[27281, 48388], [0, 103], [27, 1], [0, 102], [81, -47], [-19, -465], [-172, 0]], [[26378, 55181], [-98, -6], [2, 408], [101, -30], [-5, -372]], [[20462, 60372], [86, 311], [71, 9], [9, -725], [-157, 1], [-9, 404]], [[22654, 53096], [-83, 442], [136, 287], [76, -454], [-129, -275]], [[23668, 65207], [0, -403]], [[23668, 64804], [-128, 1]], [[26336, 54432], [-73, -3], [-24, 123], [67, 98], [36, 133]], [[16561, 60457], [-81, -272]], [[16445, 60277], [-61, 477], [23, -22], [-9, 84], [74, 120], [76, -86], [69, 172], [70, -140], [-95, -424]], [[24072, 62696], [100, -110], [-36, -323], [-98, 52], [-9, 123], [43, 258]], [[15732, 69572], [-14, -151], [79, -246]], [[15797, 69175], [215, -41], [-25, -96], [17, -45], [-9, -90], [-298, 86], [-40, -83], [-48, 174], [38, 131], [-7, 149], [20, 47], [-15, 109], [23, 85], [64, -29]], [[25651, 67167], [14, -405], [-279, 2]], [[23936, 68740], [-171, -1], [-5, 3], [92, 290], [70, -5], [14, -287]], [[26724, 62897], [6, 344], [117, -20], [-5, -272], [31, -8], [-3, -100]], [[28286, 60628], [-53, -174], [-42, 97], [-37, -50], [14, 230], [34, -32], [10, 77], [74, -148]], [[20643, 63410], [1, 1], [2, -1]], [[20646, 63410], [-3, 0]], [[20625, 63345], [11, 61], [5, 3], [-3, -7], [3, 0], [-3, -20], [3, -10], [16, 87], [25, 51], [-15, -142], [-42, -23]], [[20655, 63430], [2, -20], [0, 9], [-2, 11]], [[20679, 63497], [-2, 0], [2, -4]], [[25622, 57647], [-108, 10], [10, 454], [103, 40]], [[26284, 69105], [-175, 2], [4, 403]], [[26179, 69407], [102, -1]], [[27736, 56832], [-26, 230], [-30, 17], [16, 120], [-44, 214], [72, 8], [63, -214]], [[17319, 71896], [0, 124]], [[17319, 72020], [198, 56]], [[17376, 71632], [-57, 118]], [[25144, 65351], [-193, -50], [1, 368]], [[23175, 63763], [-16, 0]], [[23159, 64067], [110, 46], [33, -350], [-127, 0]], [[28746, 57655], [-147, -551], [-55, 134], [-108, -73], [-14, 240], [132, 91], [12, 79], [-17, 52], [114, 255], [66, -89], [17, -138]], [[23111, 62955], [57, 0], [-1, -511], [-19, 86], [-125, -25], [-47, 261]], [[22976, 62766], [40, 189]], [[26483, 65867], [-161, -2]], [[26320, 66273], [163, 4]], [[22621, 51549], [-87, -184], [-11, 163], [-82, 11], [97, 342]], [[30281, 64947], [49, 120], [61, -35], [15, 105], [42, -200], [-37, -98], [-130, 108]], [[27332, 55354], [-35, 125], [-4, 356], [105, -235], [13, -71], [-27, -134]], [[22865, 49829], [93, 54]], [[22958, 49883], [-7, -344], [-47, -255], [-77, 316], [66, 130], [-28, 99]], [[26676, 53370], [19, 169], [63, 9], [30, -374], [-36, -4], [-9, -142], [-27, 3], [-11, 249], [-29, 90]], [[25536, 63323], [0, 308]], [[25536, 63631], [35, -24]], [[25571, 63607], [7, -604], [-42, 0]], [[26417, 68294], [-135, 1]], [[26283, 68702], [133, -5]], [[27329, 59322], [-45, -86], [-27, 242], [125, -15], [-22, -216], [-31, 75]], [[16124, 64835], [370, 0], [-4, -1715], [-37, -1]], [[16467, 63355], [-41, 229], [-113, 233], [-31, 9]], [[16199, 63978], [-74, -1]], [[28416, 62155], [5, 18], [6, -23], [-11, 5]], [[27061, 48743], [0, -151]], [[26840, 48805], [-21, 162], [111, 133], [131, 1]], [[27031, 63354], [-20, 4], [13, 295], [132, -16], [5, -462], [-132, 76]], [[20264, 62193], [-38, 146], [114, 23], [22, -135], [38, -30], [19, -125], [-18, -130], [26, -103], [-8, -116], [-95, -97]], [[20935, 61742], [153, -7], [-1, -400], [-153, -30], [1, 437]], [[20688, 61738], [0, -303]], [[20688, 61435], [-238, 8], [-60, 204], [37, 186], [-25, 108], [286, -51]], [[24976, 52437], [-29, -67], [-44, 105], [-12, 182], [31, 342], [108, 12], [2, -421]], [[25032, 52590], [-56, -24]], [[25143, 53503], [28, 0], [2, -608], [-84, -1]], [[22283, 65482], [2, -806], [-287, -1], [-4, 806], [289, 1]], [[26133, 52070], [1, 426], [126, 45], [-51, -472]], [[26346, 62383], [33, 21], [24, -333], [-55, -4], [-2, 316]], [[24269, 67042], [0, -204]], [[24137, 67142], [0, 1], [132, 50], [0, -151]], [[25144, 65351], [0, 307]], [[25144, 65960], [98, 2], [-18, -607], [-80, -4]], [[23743, 66838], [0, 404]], [[21164, 71572], [316, 1], [0, -1]], [[21480, 71266], [0, -100], [-316, -2]], [[26175, 70718], [-175, -1], [3, 1233], [173, -300]], [[26176, 71650], [-1, -932]], [[22743, 57075], [58, 0]], [[22801, 56923], [117, -51], [-10, -304], [-165, 51]], [[28611, 59392], [72, -150], [58, -320], [-38, -43], [-60, 232], [-32, 281]], [[20391, 59967], [219, -1], [-1, -303], [-41, -62], [12, -469], [-56, -307], [-147, 330]], [[24665, 56471], [0, -431]], [[24636, 56040], [0, -101], [-131, 30], [29, 58], [-25, 107], [52, -24], [-31, 106], [43, 11], [-28, 249], [32, -36], [-3, 68], [27, 11], [-19, 106], [83, -1]], [[17284, 61136], [-287, 1067]], [[16997, 62203], [0, 94]], [[16997, 62297], [240, 190], [397, -2]], [[17638, 61193], [13, -2425], [-367, 1171]], [[26888, 59302], [-113, -210], [-22, 119], [-26, -65], [-9, 104], [77, 215], [112, 36], [-19, -199]], [[21230, 70369], [-293, 0], [0, 389], [293, 0]], [[28153, 63651], [75, -120], [-65, -395], [-78, 1]], [[24305, 52255], [13, -239], [-16, -136], [-89, 125], [65, 275], [27, -25]], [[22643, 55325], [-141, 8], [2, 533], [140, -38]], [[24949, 64591], [-96, 1], [33, 302], [63, -1], [0, -99]], [[22124, 57784], [105, -3], [45, -352], [-117, -101], [-18, 255], [-44, 0], [0, 100]], [[21914, 58876], [150, -1], [0, -203]], [[17413, 70428], [-25, -164], [-53, 266], [17, 96], [-40, 231], [7, 205]], [[17319, 71062], [89, 2], [26, 98], [47, 1], [27, -310], [-98, -42]], [[22145, 69556], [-154, 1], [-24, 272], [-39, 65], [16, 67], [201, -1]], [[15824, 61315], [12, 105], [-75, 376], [0, 116], [47, 43], [19, 184], [30, -28], [63, -598], [-40, -11]], [[22582, 56822], [0, -172], [-101, -80], [-30, 98], [-14, 289], [145, 118], [0, -253]], [[24631, 61372], [40, -149], [-2, -397], [-127, 6], [2, 540]], [[28568, 67763], [11, -523]], [[28579, 67240], [34, 4], [9, -478], [46, -59], [5, -199]], [[28673, 66508], [-111, 0]], [[28562, 66508], [-18, 104], [-6, 1129], [30, 22]], [[22316, 54759], [-5, 0]], [[22172, 55273], [39, 0]], [[22316, 55273], [0, -28]], [[23455, 52511], [49, -45], [-4, -63], [-107, -195], [-37, 215], [13, 457], [19, 7], [67, -376]], [[24533, 66534], [112, -3], [22, -195], [50, -109], [-53, 1], [-1, -102], [-129, 1]], [[28293, 60792], [-1, -162], [-79, 146], [-18, -78], [-49, 144], [29, 182], [18, -55], [12, -6], [11, -36], [7, -75], [70, -60]], [[21676, 62454], [-182, -3], [-1, 506]], [[26983, 64104], [-80, -6], [-1, 185], [-28, 3], [1, 330], [85, -3], [23, -509]], [[24430, 63691], [165, -8]], [[24595, 63683], [-1, -506], [-125, 2], [-39, 512]], [[26516, 63777], [144, -56], [-6, -249], [-144, 34], [6, 271]], [[29756, 67613], [123, -53], [-43, -240], [15, -225], [-39, 4], [6, 58], [-77, -54], [15, 510]], [[25538, 64030], [-165, -4]], [[25369, 64619], [169, 14]], [[25538, 64633], [0, -318]], [[25538, 64315], [0, -285]], [[24209, 65214], [-128, -1]], [[27041, 64612], [134, -4], [-1, -373], [-133, 1]], [[26397, 55963], [2, -342], [-18, 2], [-36, 254], [52, 86]], [[26803, 55844], [44, -23], [21, -221], [-98, -219], [1, 118], [-49, 58], [81, 287]], [[22365, 51583], [0, 414]], [[22365, 51997], [92, 1]], [[22506, 51764], [-102, -253], [-39, 72]], [[29365, 66323], [-2, -226], [-34, -166], [-25, 58], [-20, -93], [-65, 20], [-64, 101], [26, 179], [53, 62], [131, 65]], [[28273, 61554], [-68, -283], [-117, 78], [133, 238], [52, -33]], [[23606, 57075], [-8, -1024], [-105, 138], [-80, 223], [1, 357]], [[26617, 53651], [42, 38], [45, -150], [-34, -161], [-54, 5], [1, 268]], [[23224, 64370], [-175, 0]], [[23049, 64370], [0, 270]], [[23049, 64640], [160, 49], [22, -194], [-7, -125]], [[22863, 68336], [-201, -1], [0, 405], [202, -1]], [[20702, 66491], [-110, -4], [1, -202], [-26, -164], [-66, 16]], [[20517, 66284], [-145, 3], [-1, 1216], [328, 23]], [[29067, 68189], [21, -678], [-25, -170]], [[29063, 67341], [43, -63], [5, -130], [-21, -71], [2, -290], [-32, 40], [-8, -85], [-54, 97], [-31, -60], [-2, 228]], [[29005, 67330], [-26, 889], [88, -30]], [[22098, 70761], [-11, 0], [0, 407], [245, -3]], [[24880, 71322], [7, -201]], [[24887, 71121], [34, 0], [0, -101], [105, 0], [-1, -201], [105, 0]], [[25130, 70819], [0, -274]], [[25130, 70545], [-315, 279], [-27, 191], [-56, 75], [86, 553]], [[24818, 71643], [31, -49], [0, -272], [31, 0]], [[23129, 71267], [-5, 503], [285, 2], [2, -506]], [[25921, 57182], [26, -143], [-14, -337], [-55, -101], [-48, 236], [-29, 3], [8, 280], [23, -82], [39, 43], [1, 102], [49, -1]], [[25920, 57106], [0, -4], [1, 0]], [[26599, 59012], [-82, 112], [33, 187], [62, -101], [-13, -198]], [[27918, 62573], [-82, 105], [48, 172], [51, 12], [42, 188], [31, -131], [-90, -346]], [[24765, 70411], [-174, -1]], [[24591, 71113], [54, 354], [-38, 373], [59, 115]], [[24861, 71933], [-87, -573]], [[25369, 64619], [4, -593]], [[25373, 64026], [51, -2], [1, -101]], [[25278, 63923], [0, 253], [62, 1], [-3, 438], [32, 4]], [[22087, 71168], [10, -804], [-176, 3], [-32, 225], [23, 461], [-32, 117], [207, -2]], [[16124, 64835], [1, -858]], [[16125, 63977], [-485, -164], [19, 132]], [[15728, 64260], [59, 446], [23, 27], [-11, 100], [325, 2]], [[24120, 51881], [-34, -1], [51, 92], [37, -78], [37, 116], [56, -24], [34, -105], [-22, -619], [-159, 25]], [[24623, 58984], [-120, 88], [-46, 316], [177, -11], [-11, -393]], [[24837, 70313], [277, -2]], [[25114, 69810], [-105, 3], [-1, 103]], [[24525, 55082], [30, -81], [-25, -142], [33, 54], [-1, -74], [-119, -53], [53, 543], [28, -1], [-3, -120], [27, 72], [-23, -198]], [[24615, 52673], [-131, -79], [37, 403], [98, 1], [-4, -325]], [[24992, 51392], [-106, 205], [-40, 181], [81, 88], [26, 149], [123, 68], [92, -89], [27, -252], [-34, -315]], [[23222, 50975], [-130, -343], [-92, 330], [147, 437], [75, -424]], [[13267, 81233], [97, -143], [-27, -203], [-133, -32], [15, -327]], [[13219, 80528], [-526, -63], [-39, 428], [50, 204], [-46, 123], [1, 131], [-37, 46], [30, 231], [-25, 59], [14, 127], [-44, 2], [-9, 113], [-46, -231], [-126, 200], [43, 148], [-49, 177], [0, 3]], [[12410, 82226], [0, 158], [66, -1]], [[12476, 82383], [-39, 675], [151, 350], [103, -2], [93, -115]], [[12758, 82513], [81, -70], [33, -232]], [[13097, 81629], [-21, 0], [14, -79], [58, -150], [45, -405], [42, 16], [32, 222]], [[13601, 81988], [48, 66], [-12, 110], [44, 33], [28, -133], [0, -117], [-42, -163], [-66, 204]], [[13008, 82736], [-181, -269], [-69, 46]], [[12758, 82513], [-3, 260], [-24, 78], [19, 24], [-37, 60], [25, -5], [-4, 149], [70, 59], [-20, 153]], [[12784, 83291], [-114, 202], [10, 645], [57, 37], [166, -111], [22, -176], [46, 35], [113, -461], [-34, -139], [90, -54], [-20, -180], [-127, -197]], [[21629, 56289], [-1, 560]], [[21654, 56849], [120, 0]], [[21774, 56292], [-145, -3]], [[13008, 82736], [-15, 156]], [[12993, 82892], [115, 212], [80, -113], [10, -240], [71, 15], [138, -240], [-6, -66], [31, -84], [-122, -157]], [[13310, 82219], [18, -149], [-78, 105], [-50, -55], [-50, -217], [21, -83], [-8, -113]], [[13163, 81707], [-66, -78]], [[13097, 81629], [-43, 188], [-182, 394]], [[12872, 82211], [-45, 256], [158, 212], [23, 57]], [[26373, 60867], [41, 153], [81, -47], [-1, -343], [-71, -31], [-50, 268]], [[26542, 58199], [-73, 145], [10, 291], [98, 44], [37, -229], [-1, -140], [-71, -111]], [[19058, 69957], [-34, -279]], [[18990, 69678], [-6, -1015], [-88, 318]], [[18851, 70017], [-34, 117], [-17, 0], [0, 34], [-12, 0], [0, 17], [-12, -1], [0, 14], [93, 178], [35, 275], [157, 5]], [[27553, 56909], [126, 199], [31, -46], [13, -242], [-109, -235], [-25, 88]], [[25771, 52993], [-258, 3], [0, 287], [237, 20], [-1, -92], [19, 11], [3, -229]], [[26227, 56154], [-80, -72]], [[26147, 56082], [-14, 289], [98, 3], [-4, -220]], [[23435, 61178], [-3, -354]], [[25415, 63094], [-141, -40]], [[25274, 63054], [3, 264]], [[25423, 63319], [-8, -225]], [[28064, 61687], [46, -236], [-22, -102], [-82, 109], [58, 229]], [[90170, 32600], [52, 120], [24, 176], [46, -99], [-73, -491], [-40, 14], [-9, 280]], [[25159, 68088], [-198, -1], [0, 306], [198, -3]], [[24372, 58742], [-38, -86], [-72, 73], [14, 120], [-44, 116], [16, 149], [130, -10]], [[16283, 59169], [16, -26], [15, -211], [104, -231], [17, -136], [-341, 9], [-145, 570], [-26, 619], [110, 108], [175, -759]], [[19772, 54762], [4, -759]], [[19544, 55065], [0, 501], [332, -9], [33, -664], [36, -28], [-88, -1]], [[24098, 61393], [18, 242], [63, -6], [-1, -98], [60, -7], [2, -371], [-92, 7], [-50, 233]], [[27388, 58875], [-124, -71], [-61, 143], [60, 296], [66, 79], [63, -133], [-4, -314]], [[12402, 84700], [-105, 260], [-41, 552], [252, -15], [16, -117], [116, -153], [129, -348], [-23, -49], [80, -272], [-147, -421], [-133, 426]], [[23488, 62750], [-60, 167], [139, -4], [0, -431], [-41, 15], [-42, 151]], [[23567, 63165], [0, -252], [-142, 25], [42, 220], [27, -3], [-20, 47], [17, 49], [76, -1], [0, -85]], [[25743, 57126], [-133, 244], [15, 277], [119, -9]], [[26181, 63548], [-1, -335], [-105, -2], [6, 338]], [[22669, 64823], [0, 2], [128, 257]], [[26905, 65241], [-201, -88], [-21, 50], [-1, 138], [70, 5]], [[26799, 65585], [75, -152]], [[23159, 71771], [-215, -2], [-8, 382], [223, 24]], [[23445, 65208], [-127, 1], [-17, 416], [129, 0]], [[28382, 63039], [27, 94], [119, 1], [-26, -431], [-80, 6], [17, 162]], [[24209, 66129], [130, 2]], [[26928, 61091], [62, -233], [-25, -103], [-45, 13], [-30, 195], [38, 128]], [[24058, 70119], [-12, -180], [64, -141], [-23, -179], [-79, -4], [-1, 303]], [[26644, 60501], [6, -232], [-34, 119], [-39, -8], [-26, 181], [68, 41], [25, -101]], [[28489, 65785], [218, -3], [8, -403], [-23, -5], [-6, -124], [-182, 65]], [[28504, 65315], [-15, 470]], [[27489, 63923], [-31, -5], [-10, 219], [41, 64]], [[27489, 64201], [0, -187]], [[24249, 61686], [10, -91], [-36, -85], [-69, 122], [28, 362], [65, -188], [42, -8], [-3, -110], [-37, -2]], [[25900, 66066], [0, -561], [-274, 1], [34, 551]], [[25660, 66057], [240, 9]], [[28135, 64212], [23, 106], [121, -11], [-64, -374], [45, -34], [13, -133], [-44, -235], [-104, 189], [29, 303], [-19, 189]], [[21286, 66946], [6, -651], [-197, -3], [-7, 655], [198, -1]], [[27619, 59441], [-160, 74], [94, 294], [62, -21], [4, -347]], [[26418, 69501], [135, 4]], [[26553, 69505], [-2, -402]], [[26416, 69102], [135, 1]], [[26551, 69103], [0, -404]], [[20948, 59968], [0, -904]], [[20948, 59064], [-371, 50], [6, 268], [-17, 70], [4, 158], [39, 53], [1, 304], [338, 1]], [[24798, 61902], [132, -6], [1, -507], [-54, 2], [-4, 102], [-34, 1], [-64, 246], [23, 162]], [[25087, 61719], [-1, -337], [-155, 7], [0, 229]], [[28153, 63651], [-68, -514]], [[28085, 63137], [-120, 0], [13, 388], [40, 314], [48, -96], [4, 67], [40, -70], [9, 65], [34, -154]], [[23671, 57611], [-6, 113], [26, 40], [23, -85], [103, -8], [-1, -318], [-48, -94], [-160, 74], [2, 238]], [[23311, 60419], [124, -1], [1, -446], [-125, -1]], [[27489, 64767], [117, -63], [-17, -251]], [[27589, 64453], [-100, -5]], [[27388, 63644], [-128, 15], [20, 304], [113, -13]], [[27264, 58806], [90, 0], [-29, -256], [-63, 23], [2, 233]], [[29050, 62504], [14, 170], [111, -31], [-75, -384], [-78, -208], [-43, 311]], [[29738, 66954], [-3, 179], [117, -38], [-8, -189], [37, -295], [-147, 17]], [[22854, 73389], [435, -6], [2, -425], [-432, 0], [-5, 431]], [[28373, 60893], [49, 122], [106, -436], [-22, 69], [-30, -46], [-103, 291]], [[20593, 61018], [32, 139]], [[20625, 61157], [43, -160], [102, 22], [82, -97]], [[20756, 60484], [-117, -167], [-20, 375], [-87, -25], [8, 347], [53, 4]], [[22739, 50458], [-56, -169], [-64, 25], [-51, 224]], [[22697, 50932], [32, -130], [-40, -119]], [[22689, 50683], [50, -225]], [[25188, 57936], [-17, 209], [68, 191], [65, -115], [1, -130]], [[24745, 63172], [20, -135], [0, -136], [-78, 2], [-18, 211], [13, 101], [32, -1], [31, -42]], [[18592, 61918], [-10, -119], [-431, 1]], [[18151, 61800], [1, 1128]], [[18663, 62941], [21, -261], [34, -18], [-1, -370], [-57, -152]], [[18757, 64819], [105, 66], [28, 170], [49, -186], [-103, -256], [31, -155], [-21, -92], [-59, 107], [-30, 346]], [[23157, 54577], [-105, 1], [-19, 529], [123, 29]], [[19545, 56227], [-1, -1570]], [[19544, 54657], [-49, 119], [3, 176], [-78, 463], [4, 711], [37, 102]], [[18666, 54750], [-315, -2]], [[18351, 54748], [0, 1014]], [[18351, 55762], [0, 724]], [[18676, 56542], [201, -55], [16, -292]], [[18958, 56111], [32, -246]], [[18990, 55865], [-151, 0], [-1, -303], [-139, -1], [-33, 123], [0, -934]], [[26552, 68296], [-135, -2]], [[26417, 68294], [-1, 403]], [[26416, 68697], [135, 2]], [[26103, 59210], [-20, -143], [-78, 78], [22, 267], [57, -50], [19, -152]], [[25431, 61802], [-107, 60], [10, 258], [97, 3], [0, -321]], [[25806, 56255], [-109, 16], [-3, 60], [145, 456], [39, -185], [-5, -195], [-67, -152]], [[19049, 72912], [-162, -2]], [[18887, 72910], [0, 102]], [[18926, 73916], [146, 1], [-3, -886], [-20, -119]], [[22556, 48655], [-157, 107], [-2, 817]], [[22397, 49579], [158, 1]], [[24521, 62992], [-79, -171]], [[24442, 62821], [6, -154], [-78, 7], [1, 421], [95, -2], [55, -101]], [[22875, 54471], [0, -2], [-119, -152], [-24, 49], [-4, 441], [147, -7]], [[26202, 53906], [51, -3], [4, -185], [35, 1], [3, -122], [-62, -33], [-31, 342]], [[16972, 68981], [-65, -53], [59, -136], [-53, -388]], [[16913, 68404], [74, 3], [1, -253], [-398, -94], [-4, 1204], [397, -42], [-11, -241]], [[15430, 66941], [3, -241], [-52, -120], [-39, -17], [-1, 209], [-32, 121], [-82, 0], [21, 435], [52, 328]], [[23370, 55762], [51, 14], [-13, -497], [-38, 1]], [[23370, 55280], [0, 482]], [[29337, 67408], [-77, -31]], [[29260, 67377], [-15, 416], [216, 86], [-55, -352], [11, -226], [-66, -66], [-14, 173]], [[28067, 61748], [29, 116], [60, -218], [8, -160], [-35, -84], [-36, 55], [-26, 291]], [[23180, 56668], [-116, 0], [1, 304], [72, 0], [15, 305], [117, -101], [0, -101], [-30, -1]], [[24941, 63646], [25, -80], [0, -135], [-116, -86], [7, 279], [84, 22]], [[26336, 56577], [-108, 5], [12, 360], [98, 23]], [[27172, 49916], [-84, -3], [1, 715]], [[27172, 50628], [4, 368], [80, -337], [1, -104], [-17, -130], [-65, -1], [-3, -508]], [[23124, 58644], [119, -1], [15, -354]], [[23183, 58086], [-30, 0], [0, 203], [-29, 0], [0, 102]], [[21901, 72580], [144, -1]], [[22032, 71975], [-156, 0]], [[25833, 64820], [108, 2], [1, -102], [36, -100]], [[25916, 64617], [0, -101], [-84, 0]], [[23441, 62276], [125, 72], [-1, -356]], [[28620, 61491], [-55, 182], [-13, 288], [16, 68], [50, -68], [40, -446]], [[24420, 70011], [-137, 3]], [[15672, 73163], [25, 24]], [[15700, 73020], [56, -127], [16, -271], [-48, -237], [-51, -86]], [[15518, 72297], [0, -101], [-258, 18], [-79, 402], [492, -14]], [[31205, 38260], [-18, 64], [9, 80], [23, -83], [-14, -61]], [[24367, 67930], [-97, 0]], [[24270, 67930], [0, 302]], [[24270, 68232], [0, 100]], [[24331, 68332], [117, -224], [34, -178]], [[24580, 54639], [29, 36], [0, 155]], [[24609, 54830], [48, 50], [38, -129], [-61, -409], [-48, -90], [-32, 119], [1, -65], [-31, 11], [9, 92], [39, -23], [33, 207], [-34, -18], [8, 97], [-41, 70], [6, 57], [27, -77], [-23, 86], [32, 22], [0, -191]], [[23566, 63606], [1, -356], [-89, 23], [-35, 335], [123, -2]], [[24454, 61959], [-64, -7], [5, 517], [103, -10], [-2, -344], [-42, 2]], [[23563, 60038], [0, -67]], [[23563, 59971], [-127, 1], [-1, 395]], [[28310, 59175], [95, -242], [-48, -117], [-77, 173], [-91, 57]], [[28189, 59046], [31, 359], [69, -36], [27, -80]], [[28316, 59289], [-6, -114]], [[20060, 57903], [-32, 100]], [[20029, 58808], [-89, 2], [1, 256]], [[20324, 58812], [-42, -48], [-6, -157], [47, -80], [2, -629]], [[20319, 58638], [5, 4], [0, -19], [-5, 15]], [[26656, 60218], [-1, -318], [-95, 122], [-32, 147], [51, 209], [37, 10], [40, -170]], [[28219, 64915], [-30, -127], [-25, 85], [30, 300], [108, 4], [127, -504]], [[15613, 68340], [-25, 432], [50, 92], [-19, 114], [38, -72], [108, 119], [228, -122], [-14, -252], [14, -243]], [[24894, 66371], [-164, 2], [0, 355], [164, 1]], [[23178, 59930], [59, 41]], [[23237, 59971], [-7, -669]], [[27699, 63134], [80, 1], [-3, -612], [-113, 122], [-2, 212], [38, 277]], [[90308, 33386], [49, 165], [39, -76], [-55, -191], [-33, 102]], [[25200, 68391], [-135, 0]], [[25237, 68794], [-36, 0]], [[22060, 51399], [-191, 1], [0, 772], [263, 3], [-1, -252], [-58, 4], [-27, -426]], [[16123, 67662], [400, -6], [-13, -1005]], [[16673, 65777], [-424, -1]], [[16249, 65776], [-1, 872], [-129, 3], [4, 1011]], [[24079, 59747], [182, -14], [-3, -343], [-181, -1]], [[23226, 51591], [-57, -70]], [[23169, 51521], [-25, 129], [10, 193], [-30, 153], [22, 106], [86, 20], [-1, -186], [-42, 91]], [[25565, 53302], [-37, -39], [-62, 99], [58, 143]], [[25545, 53963], [165, 1], [0, -90], [-64, -130], [-19, -212]], [[29991, 68791], [-84, -279]], [[29880, 68621], [25, 197]], [[29907, 68940], [-39, 83], [27, 106], [-6, 150], [121, 7], [-46, -305]], [[28053, 59846], [14, 219], [57, 47], [65, -113], [-6, -285]], [[22931, 72376], [15, -505], [-172, 1]], [[22768, 72376], [163, 0]], [[26502, 56681], [38, 130], [-13, 178], [86, 82], [12, -242]], [[26963, 54572], [-74, -70], [-21, 42], [28, 213]], [[26289, 53688], [105, 34], [11, -192], [-105, -24], [-11, 182]], [[24868, 70781], [234, -188], [44, -75]], [[25114, 70311], [-36, -45], [-241, 47]], [[23398, 73182], [218, 2], [3, -1111], [-214, 1], [-3, 534], [-23, 67], [14, 105], [-102, 1], [-2, 602], [108, 1]], [[31408, 38095], [53, -117], [-20, -70], [-28, 32], [-5, 155]], [[31265, 37928], [33, -155], [-44, -18], [11, 173]], [[28690, 61202], [-65, 601]], [[28681, 61905], [59, -105], [36, 150], [38, -18], [17, -146], [-105, -581]], [[28690, 64563], [-48, -203], [-34, 58], [-39, 384], [65, 178], [27, 2], [-2, -119], [25, -81]], [[26655, 63471], [-21, -281], [-129, 95], [5, 221], [145, -35]], [[21878, 50772], [155, 3]], [[22033, 50775], [-1, -1033], [-50, 94], [-11, 257], [-46, 189], [-47, 490]], [[18899, 53494], [-548, 712]], [[18351, 54206], [0, 542]], [[18351, 54748], [802, 11], [0, -910]], [[19706, 58004], [342, -1], [48, -405]], [[20058, 57158], [-513, 1]], [[29141, 63620], [55, -425], [-13, -269], [-128, 281], [-46, 242], [100, 223], [32, -52]], [[29522, 67919], [117, -10]], [[29650, 67356], [-138, -45], [2, 278], [-17, 87], [-33, -52], [6, 123], [55, 90]], [[26263, 53083], [-30, 4], [-24, 234], [19, 279], [114, -97], [-1, -206], [-77, -1]], [[30353, 65067], [-171, -207], [-13, 191], [-44, 55], [82, 167], [98, -121], [7, -101], [16, 25], [25, -9]], [[22009, 72580], [-108, 0]], [[21794, 72580], [-25, 912], [182, -1], [0, -101], [36, 0]], [[22894, 66192], [0, -101], [55, 0], [-1, -203], [-151, 1]], [[22611, 70761], [-269, 0]], [[22332, 70761], [0, 404]], [[22332, 71165], [279, 0]], [[18445, 68380], [0, -304], [84, -1]], [[18529, 68075], [-1, -502], [-67, -105]], [[18458, 67277], [-191, 96], [-17, 246], [-29, -12]], [[18221, 67607], [122, 265]], [[18343, 67872], [-26, 92], [11, 415], [117, 1]], [[29991, 68791], [-27, 190]], [[29964, 68981], [38, 178], [-13, 93], [21, 33], [7, 262], [44, 74], [38, -73], [17, 77], [21, -1186], [-65, -48], [-26, -183], [-16, 149], [-103, 223], [64, 211]], [[22217, 71166], [-176, 2]], [[22041, 71168], [-9, 807]], [[22032, 71975], [23, 0]], [[22604, 49089], [61, -90]], [[22853, 49011], [-34, -338]], [[22681, 48680], [-56, -87], [-20, 60]], [[25623, 64902], [0, 603]], [[25623, 65505], [80, 1], [-1, -617], [-79, 13]], [[25151, 54422], [-114, -1]], [[25037, 54831], [114, 1]], [[28028, 57994], [77, -12], [40, -97], [-10, -537], [24, -40], [-39, -179], [-117, 618], [25, 247]], [[25891, 58127], [-29, -336], [-14, 158], [-36, 89], [79, 89]], [[26793, 49711], [102, 3], [1, -263], [30, -189], [-24, -162], [-83, -1], [-26, 232], [0, 380]], [[31458, 38175], [-30, -83], [7, 78], [23, 5]], [[25209, 61026], [1, 407], [93, -2], [-2, -404]], [[23992, 57383], [-59, 1], [-5, 102], [71, 251], [139, 42], [-13, -132], [15, -73], [-58, -29], [4, -97], [-93, 35]], [[21670, 62957], [-177, 0]], [[21493, 62957], [0, 7]], [[21493, 63463], [178, -1]], [[19975, 61912], [-244, -1]], [[19841, 62366], [57, -14], [77, 198], [0, -638]], [[23986, 64138], [-128, -5]], [[23858, 64133], [0, 370]], [[21451, 54769], [-240, -1], [0, 508]], [[21341, 55276], [108, 0]], [[25507, 56387], [-88, 6], [-10, 153], [-61, 20], [9, 293], [150, -17]], [[27216, 58976], [-87, -36], [-27, 221], [56, 39], [-6, 65], [73, -192], [-9, -97]], [[27648, 60220], [-25, 46], [19, 98], [25, -38]], [[21592, 54263], [-144, -1]], [[21448, 54769], [146, 3]], [[23723, 55964], [0, -325]], [[23723, 55639], [-160, -29], [-36, 96], [3, 449], [80, -85], [17, -113], [96, 7]], [[18656, 65012], [185, 108], [43, -80], [-22, -155], [-277, -174]], [[18585, 64711], [71, 301]], [[24336, 63399], [115, -10], [34, -296], [-151, -31]], [[28873, 68226], [18, -33], [-16, -122], [-83, -98], [18, -227], [-69, -24], [-198, 47], [117, 570], [126, 238], [116, -216]], [[24806, 65822], [-207, 0]], [[24599, 66127], [118, 100], [22, -180], [64, -126], [3, -99]], [[22482, 72376], [-7, 0], [0, 282]], [[22475, 72658], [0, 123], [28, 0], [0, 202]], [[22503, 72983], [145, 0]], [[22648, 72983], [6, -607]], [[29297, 69265], [190, 18], [2, -540], [-159, -136]], [[20083, 62722], [-539, 1], [-1, 341]], [[20104, 63565], [1, -200], [-22, 0]], [[20083, 63365], [0, -643]], [[23802, 62537], [-94, -79], [-32, 79], [1, 372]], [[27030, 62839], [-162, -114], [5, 233], [65, 39], [2, 69], [92, -122], [-2, -105]], [[25850, 54119], [-126, -2], [-14, 306], [27, -1], [-15, 58], [23, 139], [45, 15], [59, -189], [1, -326]], [[27085, 54474], [-79, 95], [48, 243], [45, -168]], [[24339, 66131], [130, -3], [-1, -507]], [[24339, 65623], [0, 508]], [[15659, 63945], [-18, -154], [24, -52], [12, -305], [-170, -2], [1, 880], [-23, 228], [49, 16], [11, 274], [137, -216]], [[15670, 64832], [127, 188], [16, -261], [-85, -499]], [[15728, 64260], [16, -132], [-85, -183]], [[26253, 54596], [-34, 272], [115, -51], [-28, -167], [-53, -54]], [[24723, 56469], [0, 101]], [[24811, 56570], [0, 102], [57, 5], [1, -396], [-104, -146], [36, 106], [-78, 25]], [[23298, 62784], [1, 272], [125, -1], [19, -59], [-14, -86], [36, -126], [-59, 0]], [[31284, 38317], [19, -226], [-21, 17], [2, 209]], [[21448, 54769], [0, -507]], [[21427, 54262], [-216, 0], [0, 506], [237, 1]], [[26513, 63673], [-8, -354], [-104, 47], [-2, 322]], [[21612, 57861], [-152, 1], [2, 506]], [[22962, 58126], [66, -24], [-4, 73], [31, 16], [-21, -692], [-72, 33]], [[27303, 56083], [-159, -529], [-51, 170], [8, 112], [-28, 106], [123, 401], [107, -260]], [[2746, 374], [-87, 57], [-11, 108], [94, -43], [4, -122]], [[15709, 62123], [-226, -107], [-43, 157], [7, 171], [-37, 358], [10, 379], [-77, 381], [336, -36], [10, -514], [-48, -30], [19, -311], [-27, -181], [76, -267]], [[28611, 59450], [19, 367]], [[28643, 59724], [41, 62], [45, -179], [-16, -157]], [[28660, 59450], [-49, 0]], [[90422, 34233], [26, 94], [-14, 108], [17, 114], [48, -119], [-43, -281], [-34, 84]], [[31308, 38062], [-15, -229], [-19, 233], [34, -4]], [[19859, 64624], [-593, -6], [-2, 1480], [705, -10], [4, -703]], [[21775, 55289], [-145, -11]], [[21630, 55278], [0, 504]], [[21630, 55782], [145, 3]], [[28049, 62400], [-101, -379], [-34, 99], [-18, -101], [-21, 61], [43, 493]], [[31338, 38042], [-28, 3], [-10, 111], [39, -14], [-1, -100]], [[25651, 67167], [-263, 2]], [[25394, 67576], [253, -1], [4, -408]], [[26907, 59501], [218, 23], [-101, -249], [-143, 64], [26, 162]], [[27172, 57122], [-80, -400], [-103, 326], [47, 350], [71, -227], [65, -49]], [[20649, 68313], [1, 957], [284, -3], [1, -950]], [[25361, 67982], [302, 4], [-16, -411], [-286, 2]], [[29824, 65819], [-256, 11]], [[29583, 66147], [29, 32], [-5, -118], [37, -45]], [[29644, 66016], [26, -19], [21, 119]], [[29691, 66116], [3, -85], [106, 37], [-12, -71]], [[29788, 65997], [36, -26], [0, -152]], [[22649, 51671], [68, 249], [94, -331], [-84, -178], [-78, 260]], [[22640, 63057], [157, 0]], [[22797, 63057], [-1, -405]], [[22641, 62653], [-1, 404]], [[17023, 59212], [-74, 400], [-19, 430], [-61, 95], [-33, 373], [262, 3], [608, -1925], [-657, -23]], [[25960, 55445], [1, -406], [-106, 3], [-36, 199], [1, 182], [140, 22]], [[23348, 67527], [132, 1]], [[26838, 59919], [-168, -336], [-9, 265], [86, 149], [9, -78], [59, 71], [23, -71]], [[22941, 62399], [97, -18], [0, -34]], [[23038, 62145], [-118, 1], [-10, 407]], [[22910, 62553], [31, -2], [0, -152]], [[28878, 63978], [-95, -360], [-158, 417], [118, 91], [35, 120], [100, -268]], [[27095, 59118], [-41, -188], [-39, 62], [-33, 113], [11, 166], [87, 132], [-20, -166]], [[23152, 68841], [136, -1], [3, -505], [-135, 1]], [[27959, 60190], [42, 71], [66, -196], [-57, -444], [-26, 356], [-45, -24], [20, 237]], [[26985, 59143], [-74, -221], [-10, 375], [-20, -10], [78, 43], [34, -59], [-8, -128]], [[27266, 56769], [-33, -132], [10, -69], [-151, 154], [84, 384], [28, -103], [33, 57], [29, -291]], [[28623, 59905], [-126, -346], [-4, 7], [27, 269], [-9, 133], [49, 168], [63, -231]], [[16590, 68465], [-67, -1], [-1, 97]], [[16522, 68561], [-34, 57], [-101, -3], [4, 448], [-23, 51], [-12, 231], [197, 4], [0, -85], [33, 0], [4, -799]], [[24659, 59837], [118, 45], [34, -302], [-23, -190], [-100, -1], [-29, 448]], [[24375, 52415], [60, 0]], [[24484, 52211], [80, -1], [-56, -344], [-67, 90], [-3, 147]], [[24665, 55436], [-28, -329], [18, 2], [-13, -100], [21, -68], [-83, -10], [14, 506], [71, -1]], [[28270, 62112], [51, -331], [-29, -170], [-28, 3], [-43, 312], [-67, 218], [47, 169], [86, -83], [-17, -118]], [[27472, 60076], [7, 67], [13, -12], [-20, -55]], [[16650, 62160], [31, -403], [-187, 539], [-1, 132], [193, -33]], [[26405, 51541], [-183, -359], [-40, 70], [-4, 210], [57, 151], [4, 240], [198, -48]], [[26437, 51805], [-32, -264]], [[25617, 62496], [155, -7], [1, -303], [-156, 4]], [[26158, 62824], [-92, -1]], [[26066, 62823], [-1, 387], [92, 2], [1, -388]], [[25394, 67576], [-6, -407]], [[25289, 67172], [5, 405], [100, -1]], [[24054, 61013], [65, -3], [20, -107], [39, 68], [-1, -169], [45, -76], [0, -51]], [[24222, 60522], [-168, 13]], [[27634, 65191], [-14, -430], [-13, -59], [-118, 65]], [[27489, 64776], [0, 414]], [[24560, 58471], [1, 205], [45, -4], [5, 101], [157, 33], [1, -345]], [[23875, 62230], [5, 407], [27, -74], [53, 209], [95, -206], [-17, -177], [-39, -176]], [[25431, 61328], [-45, -279], [15, -43], [-100, 22], [2, 403], [105, 5], [23, -108]], [[25214, 63574], [-127, -58], [-1, 271], [160, -1], [-32, -212]], [[17887, 61922], [-253, 563]], [[17660, 62987], [-6, 621], [498, -13], [-1, -1673]], [[24002, 68656], [0, 51], [69, 32], [17, 199], [136, -302], [-52, 1], [-34, -303], [-136, 2]], [[26533, 58183], [194, 273], [28, -166], [-53, -92], [2, -165], [-36, -39], [-60, -20], [27, 179], [-102, 30]], [[27047, 49712], [-254, -1], [-1, 51], [41, 251], [228, 55], [-14, -356]], [[27089, 50628], [-1, -757], [-27, 5], [0, 245], [-61, 152], [29, 165], [-39, 190]], [[29463, 64608], [-19, -75], [20, -453]], [[29464, 64080], [-95, -1], [19, 239], [-22, 101], [97, 189]], [[22625, 72376], [29, 0]], [[22654, 72376], [114, 0]], [[22768, 72376], [6, -504]], [[22774, 71872], [-71, 1]], [[22703, 71873], [-71, 1]], [[25514, 61070], [6, -100], [-23, -34], [-5, 394], [62, -3], [5, -261], [-45, 4]], [[24631, 61372], [-87, 0]], [[24544, 61372], [-76, 0], [-1, 575], [124, -192], [54, 123], [-14, -506]], [[27150, 58889], [-83, -146], [-13, 184], [45, 217], [51, -255]], [[27288, 62609], [-95, -282], [-46, 81], [-3, 97], [87, 269], [57, -165]], [[24591, 71113], [0, -501]], [[24417, 71470], [190, 370], [38, -371], [-54, -356]], [[25506, 59552], [13, -315], [-108, -16], [-22, 105], [-3, 272], [120, -46]], [[25065, 68900], [0, -509]], [[25065, 68391], [-140, 5]], [[24892, 68904], [173, -4]], [[27196, 56346], [65, 369], [80, -234], [-2, -289], [37, 11], [-73, -121], [-107, 264]], [[28650, 62479], [-32, -518], [-42, 11], [-27, 65], [4, 241], [-40, 139], [62, 156], [75, -94]], [[25361, 67577], [-67, 0], [0, 102], [-135, 3], [0, 304], [202, 49], [0, -53]], [[25361, 67982], [0, -405]], [[27582, 61745], [-47, -209], [-2, -139], [-74, 149], [-14, 174], [61, 274], [50, -52]], [[25473, 68895], [273, -2], [-40, -403], [-235, -2]], [[21216, 56849], [1, 505], [144, 0]], [[21361, 56849], [-25, 0]], [[22469, 59971], [3, -699], [-31, 0], [-88, 127], [-27, 239], [-65, 107], [-46, 227], [254, -1]], [[26759, 61131], [-36, 84], [18, 210], [81, -90], [-12, -143], [-51, -61]], [[29580, 66225], [-16, 1]], [[29564, 66226], [19, -79]], [[29583, 66147], [-15, -317]], [[29568, 65830], [-124, 11], [65, 809], [88, -49], [-17, -376]], [[23939, 63114], [161, -6], [-5, -437], [-23, 25], [-17, -136], [-119, 271], [3, 283]], [[19543, 63064], [0, 654], [561, 3], [0, -156]], [[20104, 63565], [-78, -1], [0, -204], [-32, 3], [0, -104], [-141, -3], [0, -152], [-310, -40]], [[20909, 64068], [189, -1], [-1, -606], [-189, -1]], [[17059, 68624], [106, 1], [29, -67], [0, -101]], [[17194, 68457], [142, -66], [23, -99], [-35, -351], [-1, -2158], [-327, -3], [-9, 2626], [72, 218]], [[29175, 64155], [73, -7]], [[29248, 64148], [-13, -216], [-59, -181], [-47, 103], [47, 176], [-18, 79], [17, 46]], [[22333, 61944], [-2, 0]], [[22331, 61944], [1, 507]], [[22484, 62451], [2, 0], [0, -304]], [[22486, 62147], [0, -203]], [[24997, 64837], [36, 133], [49, 12], [0, -240], [-55, 0], [9, 51], [-39, 44]], [[21507, 68702], [131, 66], [109, 208]], [[21739, 68303], [33, 1], [0, -202], [-267, -1], [2, 601]], [[26021, 59533], [-10, -244], [-112, 86], [6, 179], [116, -21]], [[24221, 58070], [4, 405]], [[24225, 58475], [125, 0], [-17, -411], [-112, 6]], [[26021, 54022], [37, 0], [-22, -297], [-123, -10], [8, 203], [-14, 0], [2, 204], [55, 1], [11, 110], [46, -110]], [[17417, 69581], [96, 0], [10, -184]], [[17523, 69397], [60, -53], [-33, -330], [15, -326], [-70, -64], [-55, 199], [-6, 260], [-76, 17], [59, 481]], [[30209, 65279], [-94, -157], [-12, 267], [-55, 141], [-14, 236], [83, 128]], [[28690, 64563], [58, -43]], [[28815, 64314], [-72, -186], [-118, -93], [-73, 189], [110, 167], [28, 172]], [[22208, 71975], [-153, 0]], [[22055, 71975], [-10, 604]], [[22055, 72579], [61, 0]], [[22116, 72579], [144, 0], [8, -604], [-60, 0]], [[27141, 57858], [21, 467], [50, -28], [52, -459], [-123, 20]], [[24004, 56760], [-104, 188]], [[23900, 56948], [128, -10]], [[24028, 56938], [9, 136], [49, -4], [20, -103]], [[24103, 56660], [-100, 6]], [[24003, 56666], [1, 94]], [[28382, 63039], [57, -168]], [[28439, 62871], [-25, -179], [-73, -139], [-61, 121], [58, 460], [71, -2], [-27, -93]], [[24793, 63673], [-113, -236], [-25, 143]], [[24655, 63580], [-61, 0]], [[24594, 63580], [1, 209]], [[24723, 63780], [0, -102]], [[24723, 63678], [70, -5]], [[16597, 61366], [25, 328], [-22, 150], [10, 119], [488, -1450], [-284, 12], [-73, 294], [-41, -2], [17, 187], [-31, 76], [-9, 151]], [[16597, 61366], [80, -135]], [[16677, 61231], [40, -328], [-20, -72], [-81, 190], [-68, -171], [-102, 51], [-60, -192], [-74, 230], [138, 644], [124, 38], [23, -255]], [[20298, 55385], [-10, -1222], [-70, -13], [-2, -144], [30, -96], [-214, 0], [-1, 1158]], [[26628, 54194], [-1, -260], [-90, 47], [-7, 216]], [[24016, 55344], [-139, 1], [34, 495], [41, 12], [67, -90]], [[22625, 72376], [7, -502]], [[22632, 71874], [-141, 0], [-9, 502]], [[22482, 72376], [143, 0]], [[15824, 61315], [59, 0], [-3, 187]], [[15880, 61502], [40, 12], [-12, 217]], [[16018, 61760], [5, -260], [28, -2], [-3, -107], [-30, -157], [-125, -61], [-69, 142]], [[24401, 66532], [1, 509]], [[24521, 67039], [31, -382], [47, -89], [-198, -36]], [[23421, 55776], [88, -17], [-2, -456], [-34, 107], [-52, -46], [0, 412]], [[27918, 62573], [89, 345], [87, -80]], [[28078, 62491], [-29, -91]], [[28049, 62400], [-131, 173]], [[27885, 57871], [-66, -35], [-35, -137], [-32, 30], [-54, 513], [117, 8], [46, -245], [-11, -46]], [[22333, 61539], [0, 405]], [[22333, 61944], [153, 0]], [[22486, 61944], [1, 0], [0, -203]], [[22487, 61741], [0, -251], [-154, -52]], [[21005, 71164], [244, 1]], [[21250, 70759], [-313, -1], [0, 303]], [[24404, 54838], [46, -25], [-12, -180], [-80, -83], [-21, -184], [-48, 19], [21, 347], [83, 205]], [[22283, 65482], [-2, 0]], [[22280, 65886], [129, 0], [1, -404]], [[24375, 52415], [32, -279], [31, -33]], [[24438, 52103], [1, -138], [23, -9], [6, -51], [-65, -30], [-35, 104], [-26, -91]], [[24305, 51921], [13, 95], [-21, 33], [-2, 216], [86, 30], [-21, 121], [15, -1]], [[24439, 51778], [60, 26], [44, -183], [-1, -134], [-79, 98], [-24, 193]], [[25288, 54521], [23, 792], [47, 6], [-3, -188], [33, -51], [-4, -199], [61, 2], [5, -116], [-55, -112], [30, -133], [-137, -1]], [[25507, 56488], [0, 354]], [[25507, 56842], [147, -9], [-1, -356], [-146, 11]], [[27359, 50225], [-132, 31], [26, 278], [52, -113], [31, 36], [23, -232]], [[25087, 53503], [2, -609]], [[25089, 52894], [-57, 0], [-2, 508], [-28, 0], [-1, 101]], [[26480, 66277], [-128, -3]], [[26352, 66678], [124, 8]], [[23317, 62145], [-124, 1]], [[23193, 62411], [-26, 33], [1, 104]], [[23292, 62548], [-2, -173], [25, -3], [2, -227]], [[22730, 67527], [-99, -1]], [[22630, 67934], [100, -2]], [[22730, 67932], [0, -405]], [[23998, 71625], [-201, 5]], [[23797, 71630], [1, 319]], [[23708, 72150], [-87, -50], [-3, 478], [179, 0], [0, 61], [194, -8], [7, -1006]], [[21030, 62955], [156, -1], [-6, -1209], [-245, -3]], [[20935, 61742], [0, 402]], [[28778, 66625], [-7, 420], [-22, 116], [76, -28]], [[28904, 66787], [54, 6], [-14, -145]], [[29516, 67567], [-9, -687], [-101, -3], [17, 185], [-17, 465], [55, 353], [24, -38], [-22, -216], [35, 50], [18, -109]], [[25976, 62700], [-83, -6]], [[25893, 63033], [83, 6]], [[21486, 55776], [0, -499]], [[21486, 55277], [-145, -1]], [[20948, 59064], [59, -52]], [[21007, 59012], [0, -102], [120, 0]], [[21127, 58910], [-4, -801], [-96, 30]], [[21027, 58139], [-71, 441]], [[20956, 58580], [-109, -26], [12, 210], [-31, 272], [120, 28]], [[25930, 55668], [-16, -223]], [[25914, 55445], [-88, -2], [85, 693], [108, -183], [-30, -50], [-21, -238], [-38, 3]], [[25227, 69406], [-95, 1]], [[25132, 69304], [-67, 0]], [[25065, 69408], [-56, 0], [0, 405], [140, -2]], [[25148, 69710], [69, 0]], [[22210, 56293], [0, -117], [-58, 109], [-102, 17], [4, 461], [74, -170], [82, -8]], [[23480, 66841], [0, -406]], [[23349, 64507], [-125, 18], [-13, 282], [138, 0]], [[22046, 51501], [27, 431], [77, -9]], [[22150, 51923], [0, -193]], [[22150, 51730], [25, -1]], [[22175, 51729], [-1, -326]], [[22174, 51403], [-114, -4]], [[22060, 51399], [-14, 102]], [[26729, 63975], [140, -110], [-5, -260]], [[26751, 63625], [-1, 118], [-21, 0]], [[27621, 58823], [-97, -45]], [[27524, 58778], [-32, 95], [16, 241]], [[27508, 59114], [116, -5]], [[27624, 59109], [-3, -286]], [[16493, 62428], [82, 160], [41, -65], [4, -121], [-127, 26]], [[23793, 65216], [-125, -9]], [[23657, 65624], [129, 1], [7, -409]], [[21612, 57861], [0, 508]], [[21762, 58375], [-1, -515]], [[21761, 57860], [-149, 1]], [[26468, 54345], [1, 83], [43, -68], [29, -304], [-116, -43], [-28, 101], [3, 240]], [[24787, 60089], [31, -67], [-37, -141], [-126, 7], [-23, 143], [12, 256], [52, 54], [92, -3], [-1, -249]], [[26870, 56732], [-33, 283], [-37, 28], [142, 395], [18, -305], [29, -84]], [[19859, 64624], [-3, 764], [117, -3]], [[19973, 65385], [-4, 903], [404, -1]], [[20374, 65080], [-71, -14], [1, -446], [-445, 4]], [[18506, 70590], [75, 57], [22, -396], [66, -110], [-86, 12], [-52, -157], [-27, 161], [-84, 107], [44, 84], [-4, 69], [46, 71]], [[25017, 66018], [-146, -6]], [[24869, 66371], [146, -6]], [[26699, 67320], [99, -43], [5, -455], [-131, -15], [-2, 409], [30, 3]], [[24090, 55340], [0, -296]], [[24090, 55044], [-29, 0], [-15, -203], [-83, 1], [-16, 502], [143, -4]], [[24869, 56367], [-1, 310], [117, 31], [1, -376]], [[31260, 38132], [39, -45], [-60, 5], [21, 40]], [[26148, 68703], [12, 404], [124, -2]], [[26284, 69105], [-1, -403]], [[31229, 38403], [-19, -56], [-18, 122], [33, 80], [4, -146]], [[24219, 52463], [-65, -68], [-39, 3], [10, 480], [60, 123], [29, -43], [30, -229], [0, -109], [-25, -157]], [[25187, 57648], [-115, -7], [4, 510], [95, -6], [16, -497]], [[19544, 53385], [-393, 1], [3, 1272], [390, -1]], [[19544, 53385], [0, 1272]], [[19544, 54657], [0, 408]], [[19544, 55065], [54, 0], [1, -203], [57, 1], [0, -102], [31, 1], [3, -759], [86, 0]], [[19776, 54003], [2, -617], [-234, -1]], [[20937, 73493], [-1, 426], [310, -1], [14, -425]], [[17174, 56524], [-32, -188], [-36, 121], [44, 365], [3, 1752], [553, 14], [283, -938], [0, -150], [45, -188], [24, -294], [69, -180], [-83, -260]], [[19545, 59971], [1, 565]], [[19844, 60716], [-114, -744], [-185, -1]], [[25152, 53960], [-1, 462]], [[25286, 54426], [-12, -388], [-122, -78]], [[24050, 64808], [-64, 0]], [[23986, 64808], [-64, 0]], [[23922, 64808], [0, 384]], [[23922, 65192], [0, 19], [127, 1]], [[23162, 65078], [51, -97], [-14, -138], [-112, -1], [-40, 236], [115, 0]], [[28388, 62148], [6, -11], [-9, -35], [-9, 25]], [[28384, 62118], [-3, 0], [2, -4]], [[22064, 57683], [75, -100], [18, -508], [-93, 62], [0, 216]], [[23714, 60648], [3, 371], [71, -9], [-1, -68], [51, -56], [4, -248]], [[26648, 56446], [50, 86], [27, -39], [6, -118], [-23, -58], [-60, 129]], [[17615, 69525], [357, -26]], [[17972, 69499], [-8, -356], [-62, -195], [-53, 24], [-47, -190], [16, -223], [-63, -174], [-175, -2], [-3, -103], [-28, 4], [0, 201], [17, 0], [-16, 531], [33, 328], [-13, 86], [45, 95]], [[22211, 55787], [-145, -2]], [[22065, 56295], [145, -97], [1, -411]], [[24076, 55956], [19, -131], [14, 4], [3, -44], [15, 7], [7, -42], [-154, 15], [4, 462], [145, 29], [-53, -300]], [[26399, 63871], [2, -505], [-108, -4], [3, 507]], [[22858, 59971], [111, 0]], [[22968, 59719], [-83, -104], [1, -111], [-115, -4]], [[21655, 69819], [314, 1], [19, -106], [-2, -421], [-36, -9], [4, -168], [-38, -118], [-47, 73], [-8, -75], [-114, -20]], [[21747, 68976], [1, 287], [-102, 0], [9, 556]], [[15558, 70094], [-34, 0], [52, -119], [-52, -185], [6, -269]], [[15440, 69521], [17, -199]], [[15354, 69321], [23, 736], [-16, 101], [197, 18]], [[26380, 55580], [-122, 5], [-21, 238], [110, 94], [33, -337]], [[24945, 53906], [-130, -32], [-34, 329], [162, 13], [2, -310]], [[25032, 52590], [0, 304], [127, 1], [0, -271]], [[15841, 61220], [157, -64], [55, 91], [13, -301], [-117, -139], [-135, 297], [27, 116]], [[25356, 58597], [-147, -30], [14, 379], [124, 34], [9, -383]], [[28288, 60623], [5, 171], [52, -27], [75, -224], [-11, -123], [-48, 1], [-7, 225], [-66, -23]], [[25701, 62847], [86, -4], [-15, -354], [-103, 3]], [[29412, 64564], [-37, -92]], [[29327, 64526], [9, 256], [-27, 213]], [[29431, 65047], [17, -179]], [[24850, 60019], [-63, 54], [21, 594], [79, 2]], [[24886, 60119], [-26, 1]], [[27268, 60466], [-102, -259], [-88, 320], [42, 83], [148, -144]], [[27555, 62803], [32, -225], [-23, -164], [-96, 77], [18, 34], [-21, 110], [31, 208], [59, -40]], [[27969, 59440], [95, -2], [-26, -603], [-72, 77], [3, 528]], [[22667, 66292], [130, 1]], [[22797, 66192], [0, -303]], [[26735, 54840], [24, -187], [-57, -175], [-43, 209]], [[27066, 55229], [-30, -123], [-47, 25], [13, 503], [106, -6], [96, -250], [-63, -160], [-75, 11]], [[25116, 60666], [-1, -311], [-123, 6], [18, 69], [-28, 207], [134, 29]], [[25538, 64633], [-201, -18], [1, 240]], [[25537, 64968], [1, -335]], [[22098, 70761], [234, 0]], [[22332, 70761], [10, 0]], [[22342, 70761], [-1, -399]], [[22341, 70362], [-244, 2], [1, 397]], [[22829, 65068], [-96, -60]], [[22703, 65233], [-35, 0], [0, 251], [161, 1]], [[28189, 59046], [-84, 73]], [[28105, 59119], [-5, 323], [118, -42], [-29, -354]], [[31465, 38099], [-4, -121], [-17, 90], [21, 31]], [[26336, 54432], [6, 351]], [[26342, 54783], [54, 31], [4, -497], [-64, 115]], [[22855, 67042], [99, 1]], [[22954, 67043], [-1, -441], [-98, 111]], [[28987, 62300], [43, -641], [-197, 10], [-8, 430]], [[26646, 55523], [-75, -46], [-13, 274], [50, 184]], [[24098, 63006], [110, -6], [-4, -417], [-109, 88], [3, 335]], [[23031, 60526], [-174, -1]], [[22857, 61236], [175, -1], [-1, -709]], [[22702, 51864], [-81, -315]], [[22621, 51549], [-83, 332]], [[22538, 51881], [35, 370]], [[22347, 51399], [3, -83]], [[22350, 51316], [46, 161], [1, -697], [-170, 3], [1, 621], [119, -5]], [[25951, 68302], [1, -408]], [[25658, 67899], [30, 421], [263, -18]], [[27548, 54623], [-74, -266], [-73, -105], [-50, 191], [52, 196], [0, 341], [44, -38]], [[22855, 67042], [0, -329]], [[22855, 66713], [-41, 79], [-92, -19]], [[22722, 67142], [133, 1], [0, -101]], [[25189, 66763], [0, -408]], [[25189, 66355], [-164, 10], [-1, 401], [165, -3]], [[26838, 57193], [-1, 15], [4, -4], [-3, -11]], [[26944, 57448], [-87, -181], [-14, -57], [-4, -2], [-25, 426], [44, 114], [59, -13], [27, -287]], [[17162, 70431], [-110, 2]], [[16984, 70775], [0, 308], [109, 75], [-4, -179], [35, 1]], [[25769, 63667], [0, 41]], [[25769, 63708], [0, 253]], [[25769, 63961], [89, 0]], [[25858, 63961], [19, 0], [18, -292]], [[25087, 61719], [-156, -101]], [[24931, 61618], [-1, 278], [32, 1], [-1, 101], [128, -8], [-2, -271]], [[18184, 66405], [0, 268]], [[18184, 66673], [47, -1], [14, 99], [0, 407]], [[18245, 67178], [83, 0], [-16, -617]], [[18312, 66561], [-61, -172], [-67, 16]], [[28521, 65307], [165, -57], [-25, -268], [-79, -7], [-43, 118]], [[24785, 54219], [-7, 118], [130, 512], [16, -633], [-139, 3]], [[21774, 56292], [0, 557]], [[21774, 56849], [146, 2]], [[15613, 68340], [72, 1], [11, 101], [136, -91], [161, 57]], [[15993, 68408], [9, -167], [-58, -299], [3, -268], [-46, -81], [0, -136], [-170, -3]], [[15316, 67949], [12, 481], [281, 8], [4, -98]], [[22356, 56733], [147, -151], [0, -287]], [[26539, 67100], [2, -409], [-123, -6], [-1, 410]], [[22480, 63445], [160, 16]], [[22640, 63461], [0, -404]], [[22640, 63057], [0, -101]], [[22485, 62956], [-5, 0]], [[22485, 62956], [155, 0]], [[22640, 62956], [1, 0], [-1, -404]], [[22484, 62552], [1, 404]], [[27063, 51510], [-23, 136], [-80, 101], [103, 256]], [[24945, 53503], [0, -501]], [[24945, 53002], [-51, -1]], [[24894, 53086], [-54, 117], [-3, 255], [108, 45]], [[25287, 52997], [4, -305], [-132, 0], [14, 305]], [[24871, 66012], [-131, 33], [-15, 151], [-59, 158], [203, 17]], [[24869, 66371], [2, -359]], [[25976, 63107], [4, 267], [101, 22], [-16, -288]], [[28479, 59586], [14, 36], [1, -60], [-15, 24]], [[21427, 54262], [21, 0]], [[21448, 54262], [121, 0]], [[21569, 53756], [-142, 0], [0, 506]], [[21750, 61949], [122, -1]], [[21872, 61948], [1, -507]], [[21873, 61441], [-122, 1]], [[18815, 72405], [192, 2], [-18, -125], [112, -169], [0, -101], [-35, 0], [-6, -126], [4, -180]], [[19099, 71706], [3, -301], [-125, 202]], [[18977, 71607], [1, 90], [-21, 0], [0, -89], [-107, -13], [1, -101], [-34, 0]], [[18817, 71494], [-36, 0]], [[18781, 71494], [0, 250], [-71, 74], [-1, 376]], [[18709, 72194], [34, -17], [1, 128]], [[27960, 61623], [-24, 20], [12, 60], [12, -80]], [[25208, 60669], [-124, 1], [1, 304], [124, 2], [-1, -307]], [[18267, 72292], [-9, 338], [-61, 187]], [[17997, 72513], [0, 99]], [[17890, 72609], [-9, 410]], [[17963, 73920], [183, -2]], [[18310, 73283], [41, -76], [-7, -82], [35, -170], [69, -58], [30, -167], [-58, -68], [-16, -375], [-137, 5]], [[31317, 37791], [26, 221], [-2, -132], [-24, -89]], [[21767, 59970], [-136, -3]], [[21630, 60424], [137, -1]], [[26440, 61216], [-42, -259], [-12, 108], [-50, 74], [11, 146], [68, 94], [-1, -114], [26, -49]], [[25688, 61015], [46, 119], [25, -122], [23, 18], [7, -296], [-101, 281]], [[22420, 69553], [-1, 808], [208, -3], [-1, -809], [-206, 4]], [[27610, 62235], [8, 104], [-47, 156], [94, 154], [22, -78], [-25, -305]], [[25410, 57655], [3, 528], [91, 14], [20, -77], [-1, -432], [-113, -33]], [[21117, 65788], [-12, 504], [193, 3], [15, -506], [-196, -1]], [[28527, 64559], [65, -9], [41, -202], [-146, -177], [38, 309], [-23, 105], [-2, 215], [43, 21]], [[22919, 50194], [4, -117], [-68, 75], [0, 270], [-41, 78], [92, 295], [40, -96], [53, -353], [-80, -152]], [[27809, 60781], [8, 77], [4, -22], [-12, -55]], [[26871, 66827], [-68, -5], [-4, 303]], [[26799, 67125], [185, 19]], [[26984, 67144], [-46, -552], [-63, -253]], [[23023, 65802], [0, 86]], [[23023, 65888], [-75, 0], [1, 169], [130, 48], [23, -267], [-79, -36]], [[29727, 68845], [30, -58], [-33, -186], [-29, 64], [-16, -94], [-51, 71], [8, 101], [-33, 116], [55, 183], [87, -94]], [[27739, 59896], [-39, -170], [-73, -9], [-59, 107], [36, 179], [0, 144], [88, 96], [50, -170], [-3, -177]], [[22534, 58289], [-87, 0]], [[22447, 58289], [-2, 0], [-1, 713], [118, 0], [1, -511], [-29, 0], [0, -202]], [[16155, 71671], [-40, 7], [-13, 54], [29, 24], [-1, 75], [-44, 191], [98, 267]], [[16239, 72093], [98, -140], [153, -97], [25, -481], [-13, -86]], [[26296, 63819], [-2, -354], [-112, -1], [-2, 351]], [[18472, 59973], [-1, 631], [628, -3], [2, -61], [-30, -34], [3, -132], [-38, 1], [-24, -258], [-114, -143], [-426, -1]], [[27721, 62612], [110, -95], [-14, -257], [-124, 80], [-14, 109], [7, 115], [35, 48]], [[31393, 37745], [-60, 44], [13, 279], [32, -2], [15, -321]], [[24513, 67437], [150, 0]], [[24663, 67437], [0, -292], [-136, -213], [-6, 167], [33, 143], [-41, 195]], [[25921, 57102], [-1, 4]], [[25920, 57106], [1, 0], [0, -4]], [[25876, 57637], [197, -7], [6, -144], [-57, -275], [-82, -186], [-19, 157], [-49, 0], [-7, 319]], [[24178, 64809], [-128, -1]], [[24050, 64808], [-1, 404]], [[24049, 65212], [128, 1]], [[23441, 61993], [-124, 0]], [[23317, 61993], [0, 152]], [[23317, 62145], [0, 218], [124, -87]], [[23441, 62276], [0, -283]], [[25735, 60755], [-77, -124], [-88, 136], [39, 112], [-9, 137], [53, -134], [37, 171], [45, -161], [0, -137]], [[26512, 60983], [19, 75], [53, -18], [38, -108], [-25, -127], [-85, 178]], [[23563, 60038], [0, 328]], [[23563, 60396], [149, -18]], [[23712, 60378], [6, -350]], [[23718, 60028], [-155, 10]], [[17019, 69817], [20, 403], [83, 51]], [[17122, 70271], [-12, -200]], [[17110, 70071], [35, -376], [52, -231]], [[17197, 69464], [59, 0], [0, -98]], [[17256, 69366], [0, -2], [-83, -2]], [[17173, 69362], [0, -100]], [[17173, 69262], [-160, 55], [-32, -98], [-74, 46]], [[26421, 55733], [31, 276], [-11, 67], [100, -229], [-45, -178], [-75, 64]], [[21507, 70368], [-277, 1]], [[21230, 70369], [0, 389]], [[21230, 70758], [138, 3], [1, -89], [139, -1], [-1, -303]], [[28571, 57921], [12, 147]], [[28583, 58068], [80, -186], [-133, -292], [-40, 58], [-10, 233], [91, 40]], [[25271, 59905], [-1, -512], [-92, 1], [1, 517]], [[27896, 63790], [69, 507], [128, 3], [-53, -253], [-33, -305]], [[26334, 57959], [-54, 96], [64, 337], [23, 1], [41, -361], [-74, -73]], [[26480, 66277], [-4, 409]], [[26476, 66686], [131, 8], [6, -409], [-133, -8]], [[20777, 63253], [6, 89], [-36, -4], [-17, -114]], [[20730, 63224], [-73, -8], [20, 243], [355, 2]], [[21032, 63157], [-328, 8], [73, 88]], [[28794, 65117], [31, 251], [72, -1], [6, -446], [-45, -112], [-24, 207]], [[23065, 57571], [0, -194]], [[23065, 57377], [0, -101], [-30, 0], [0, -203]], [[23035, 57073], [-88, 1], [1, 101], [-30, 0], [1, 432], [57, -126], [9, 89], [46, -74], [34, 75]], [[23005, 58390], [0, 352]], [[23005, 58996], [0, 3], [165, -101]], [[23169, 58644], [-45, 0]], [[23124, 58644], [0, -253]], [[23583, 52449], [-31, 564], [26, 54], [90, -52], [52, -424], [-4, -140], [-133, -2]], [[26141, 58375], [-55, -108], [-12, 318], [93, 18], [-26, -228]], [[22962, 58126], [0, -594]], [[22962, 57532], [0, -1], [-43, 76], [-59, -43]], [[22860, 58187], [144, -1]], [[23004, 58186], [-2, -82], [-40, 22]], [[19916, 55878], [-3, 1280]], [[19913, 57158], [234, 1]], [[20277, 56997], [0, -209]], [[20289, 56091], [0, -210], [-373, -3]], [[26759, 53469], [142, -47], [0, -104], [-19, 4], [8, -110], [-105, 0], [-26, 257]], [[27234, 51959], [-68, 19]], [[27166, 51978], [0, 80]], [[27063, 52155], [118, 363], [74, -100], [12, -287], [-32, -1], [-1, -171]], [[22880, 52983], [-58, 341]], [[22822, 53324], [133, 282], [57, -350], [-132, -273]], [[23935, 57895], [1, 116]], [[23936, 58011], [59, -225], [15, 55], [31, 4], [-138, -495], [-87, 2], [0, 415], [119, 128]], [[22342, 59972], [-150, 0], [-1, 443], [151, 4], [0, -447]], [[26336, 61139], [63, -174], [-39, -146], [-42, 117], [18, 203]], [[26070, 59778], [50, -249], [-151, 12], [0, 109], [47, 115], [54, 13]], [[22314, 57227], [18, 61], [-34, 22], [4, 163], [-45, 9], [-5, 211], [-24, 88], [220, -20], [0, -282], [-57, 1]], [[22930, 68335], [0, -403]], [[22930, 67932], [-133, 0]], [[22797, 67932], [-1, 402]], [[22796, 68334], [134, 1]], [[27873, 59440], [-4, -349]], [[27869, 59091], [-105, 9], [5, 339], [104, 1]], [[21006, 52316], [1, -1340], [-67, 70], [-134, 373], [-46, 335], [-7, 356], [-76, 454], [329, -248]], [[26488, 62969], [17, 316], [113, -90], [-7, -259], [-123, 33]], [[22752, 47536], [-93, 57], [0, 99], [-39, 17], [13, 190], [204, -14], [16, -218]], [[31499, 38331], [-26, -85], [12, 145], [14, -60]], [[20278, 58593], [4, 171], [37, 14], [-3, -136], [29, -32], [-23, -86], [-44, 69]], [[6847, 85138], [-14, 503], [-15, 0], [0, 202]], [[7194, 87253], [-25, 1108]], [[7923, 87958], [96, 101], [382, -336]], [[8401, 87723], [7, -168], [81, 0]], [[8534, 86632], [-191, -108], [-98, -370], [-507, -497], [-439, -113], [-65, -171], [-107, 0]], [[25412, 53100], [48, 269], [53, -86], [-6, -440], [64, -222], [-12, -186], [23, -86], [-42, -246], [-145, -96], [3, 705], [29, 213], [-15, 175]], [[24114, 64146], [-128, -8]], [[23986, 64138], [0, 365]], [[31823, 37517], [20, 164], [76, 27], [27, -96], [-67, -151], [-56, 56]], [[28449, 60666], [34, -72], [25, 52], [33, -131], [-45, -104], [-94, 187], [47, 68]], [[26325, 55143], [56, 45], [58, -171], [-33, -203], [-80, -50], [-1, 379]], [[28873, 68226], [29, 135]], [[28902, 68361], [77, -141], [16, -560], [-118, -226], [-62, 58], [-8, 370], [-18, 4], [3, 107], [95, 147], [-14, 106]], [[27276, 61683], [70, 228], [60, -220], [-115, -250]], [[26185, 61938], [-28, 59], [-42, -71], [7, -110], [-40, 23], [-31, 253], [40, 103], [94, 2]], [[27685, 60442], [103, 249], [72, -172], [-22, -26], [9, -64], [-69, -450], [-102, 253], [9, 210]], [[20471, 58660], [1, 125], [50, 14], [55, 315], [252, -50], [30, -300], [-12, -211], [-183, -29]], [[20664, 58524], [-89, 136], [-104, 0]], [[22667, 65686], [1, -453], [-128, -53], [-1, 505]], [[24522, 59388], [-139, 2], [4, 453], [151, -76], [-16, -379]], [[25411, 59221], [130, -22], [-5, -119], [-10, -63], [-106, 76], [-9, 128]], [[28825, 65368], [-33, -253], [-123, -55], [23, 314], [133, -6]], [[28302, 57735], [-41, -61], [-22, 373], [98, 97], [7, -64], [6, -26], [5, 4], [4, -7], [1, -9], [-58, -307]], [[25536, 62701], [0, 150]], [[25536, 63003], [93, -1], [-12, -404], [-101, 2], [20, 101]], [[25946, 65128], [-1, 377], [112, -2], [2, -374]], [[27168, 59498], [36, 127], [139, 122], [57, -287], [-232, 38]], [[21630, 55782], [-144, -6]], [[21483, 56282], [146, 7]], [[21629, 56289], [1, -507]], [[23662, 69600], [2, -354], [-69, 1], [0, -102], [-71, 0], [-2, 504], [140, -49]], [[27041, 64612], [0, -376]], [[27041, 64236], [-26, -1], [0, -116], [-32, -15], [-28, 593], [74, -2], [12, -83]], [[22797, 65485], [-129, -1], [-1, 404]], [[22667, 65888], [130, 1]], [[27595, 48656], [32, -340]], [[27627, 48316], [-240, -14]], [[27387, 48302], [58, 189]], [[27445, 48491], [0, 98]], [[20079, 60428], [7, 654], [57, 15], [56, -108], [-4, -556], [-116, -5]], [[26423, 57143], [42, 61], [67, -330], [-84, 1], [-25, 268]], [[26853, 55102], [103, -55], [-47, -294], [-51, 206], [-48, 25], [43, 118]], [[24529, 57651], [27, -312], [14, -462], [-124, 317], [20, 66], [-3, 275], [41, 118], [25, -2]], [[24054, 61013], [0, -478]], [[24054, 60535], [-92, -78], [0, 566], [92, -10]], [[27827, 59487], [-59, 27], [13, -75], [-68, 1], [34, 581], [31, -42], [39, 153], [62, -57], [-28, -635], [-35, 0], [11, 47]], [[7464, 90403], [0, 141], [-107, 50], [-17, 352], [179, 0], [0, 202], [49, 0], [0, 201], [62, 0], [15, 88], [138, -88], [154, 420]], [[7937, 91769], [759, -14], [64, -103], [215, -1]], [[7613, 89871], [-308, 2], [159, 530]], [[22333, 61438], [34, 0]], [[22336, 61135], [-91, 0], [0, 101], [-61, 0], [-4, 305]], [[22180, 61541], [153, -2]], [[22333, 61539], [0, -101]], [[23484, 62533], [86, -56], [-4, -129], [-84, -61]], [[26702, 50956], [-63, 278], [58, 217], [12, 180], [111, 1], [-4, -270]], [[26823, 51628], [-1, 4], [3, 1], [-2, -5]], [[26700, 67219], [-96, -16], [-3, 706], [67, -116]], [[26668, 67722], [97, 9], [4, -405], [-70, -6]], [[26699, 67320], [1, -101]], [[8975, 90745], [0, 906]], [[8975, 91651], [183, 23]], [[9385, 91838], [153, 179], [145, 13], [109, 117], [104, -32], [72, 188]], [[9968, 92303], [-25, 165], [189, 216], [33, 104], [-15, 91], [34, 70], [134, 110]], [[10318, 93059], [90, -26], [238, 457], [0, -4574]], [[9489, 90443], [-373, -57], [0, 359]], [[22174, 62451], [-156, -1]], [[22168, 62956], [7, 0]], [[24233, 52550], [0, 273], [110, -1], [38, -527], [-81, 18], [-48, -129], [-28, 211], [-70, 0], [79, 155]], [[25627, 58151], [101, -132], [2, -381], [-108, 9]], [[25622, 57647], [5, 504]], [[26752, 65346], [-113, -8], [-87, -235], [1, 355], [129, 16]], [[26767, 65736], [32, -151]], [[26799, 65585], [-47, -239]], [[24890, 58392], [-29, -60], [13, -87], [-36, 41], [-2, -181], [-12, 99], [-55, -47], [-1, 649], [155, 5], [25, -101], [-35, -33], [20, -75], [-73, -111], [30, -99]], [[31197, 38248], [-18, -54], [-11, 158], [16, 25], [13, -129]], [[25953, 61579], [63, 25], [13, -62], [-55, -191], [-21, 228]], [[21631, 59967], [-136, -3]], [[21495, 60425], [135, -1]], [[21630, 60424], [1, -457]], [[26302, 62024], [69, 31], [13, -329], [-39, -27], [-41, 154], [-2, 171]], [[26078, 60486], [115, 27], [28, -61], [-78, -256], [-65, 290]], [[26513, 58126], [32, 64], [91, -66], [-34, -187], [-71, -37], [-18, 226]], [[27023, 61105], [72, 59], [-12, -50], [103, -225], [-43, -37]], [[27160, 60787], [-32, -53], [-74, 54]], [[27253, 62673], [94, 168], [6, -136], [-65, -96], [-35, 64]], [[27394, 60471], [25, -66]], [[27491, 60532], [23, -192], [-118, -196], [-45, 148], [46, 83]], [[27291, 61441], [55, -28], [65, -205]], [[27425, 60978], [-78, -42], [-98, 163]], [[16215, 73101], [27, -155]], [[16173, 72804], [-7, -166], [30, -81], [-13, -56], [-368, -2], [31, 216], [-36, 388]], [[21027, 54161], [-313, 1], [2, 1119], [286, 2]], [[21672, 65485], [194, -4]], [[21865, 65079], [-193, 2]], [[22010, 63461], [-157, 1]], [[21853, 63462], [0, 403]], [[21853, 63865], [156, 1]], [[22277, 65886], [-119, -3]], [[22158, 65883], [-4, 750]], [[22154, 66633], [117, 85]], [[22271, 66718], [6, -832]], [[25537, 58782], [-89, -200], [-32, 43], [10, 110], [-27, 40], [29, 186], [-8, 132], [103, -61], [14, -250]], [[24928, 63830], [31, 1], [0, -231], [-93, 18], [-78, -100], [-38, 85], [40, 34], [80, 329]], [[27427, 59832], [-145, -135], [-33, 220], [44, 111], [86, 30], [48, -226]], [[26931, 55117], [-122, -73], [-30, 311], [89, 245], [55, -254], [8, -229]], [[16070, 70883], [36, 3], [-17, 147]], [[16089, 71033], [29, 227]], [[16118, 71260], [-48, 187], [39, 246], [46, -22]], [[16155, 71671], [53, -180], [110, 1], [0, -100], [35, -1], [-1, -101], [150, -1]], [[16502, 71289], [27, -126], [3, -683], [-462, 3]], [[23642, 59060], [124, 23], [-21, -551], [-147, -2], [-17, 399]], [[23337, 54259], [-174, -91], [-26, 239], [-85, 170], [279, -3], [6, -315]], [[24592, 68801], [-169, 0]], [[24389, 68902], [0, 201]], [[26123, 58307], [55, -247], [-45, -241], [-47, 187], [20, 114], [-34, 146], [51, 41]], [[23225, 52569], [-9, 272], [119, 225], [10, -230], [20, 0], [-9, -413], [-66, 5]], [[19070, 59976], [0, -3184]], [[19070, 56792], [-139, 221], [-44, -89], [3, 77], [-41, -33], [21, 49], [-24, 17], [1, 384]], [[18351, 58262], [3, 658], [182, 293], [36, 760], [498, 3]], [[22858, 59971], [-87, 0]], [[22771, 59971], [-95, 0], [-2, 552]], [[22857, 60525], [1, -554]], [[25952, 67894], [0, -405]], [[25645, 67494], [13, 405]], [[25658, 67899], [294, -5]], [[23870, 70124], [-1, 287]], [[23869, 70411], [24, 0], [0, 200]], [[23893, 70611], [105, 5]], [[27489, 65202], [-135, 2]], [[27354, 65204], [-2, 872], [137, 88]], [[16474, 61949], [54, 191], [-7, 79], [90, -263], [5, -344], [-21, -98], [-19, 106], [-50, -72], [-52, 106], [0, 73]], [[23391, 51216], [9, 113], [11, -77], [29, 72], [41, -73], [150, 118], [1, -113], [-78, -137], [0, -105], [-123, -267], [10, 159]], [[26021, 54022], [0, 101]], [[26021, 54123], [-57, 97], [2, 258], [154, -44], [2, -255], [-101, -157]], [[25246, 64176], [-3, 163]], [[25243, 64339], [-96, -5], [-1, 410], [190, 10], [4, -577], [-94, -1]], [[26293, 62957], [0, 184]], [[26293, 63141], [0, 221], [91, 2], [2, -406], [-93, -1]], [[26858, 62493], [100, -36], [-8, -341], [-85, 12], [-7, 365]], [[23226, 51591], [-37, 436]], [[23189, 52027], [40, -95], [76, 103]], [[23429, 52031], [53, -396], [-31, -323], [-40, -60], [-28, 112], [-95, 83], [-62, 144]], [[29966, 66190], [24, 225], [-39, -15], [4, 94]], [[29955, 66494], [-54, 26], [-11, 90], [179, 29]], [[30130, 66464], [-8, -252], [-29, -10], [-6, -90], [-38, 36], [-5, -131], [-66, -6], [27, 134], [-39, 45]], [[31435, 38459], [-8, -169], [-18, 31], [2, 198], [24, -60]], [[21594, 54772], [-143, -3]], [[21451, 54769], [-2, 507]], [[21449, 55276], [144, 3], [1, -507]], [[28367, 66453], [-65, 111], [5, 316], [28, 0]], [[28334, 66986], [145, -25], [-2, -289], [-95, -4]], [[25848, 54638], [-102, -18], [-11, -99], [-28, 412], [141, 50], [0, -345]], [[23565, 61992], [-1, -406]], [[23438, 61588], [3, 405]], [[23441, 61993], [124, -1]], [[26694, 54451], [56, 236], [51, -355], [33, 42], [-93, -329], [-47, 406]], [[28776, 66703], [9, -436], [-108, -10], [-6, 423], [105, 23]], [[27094, 53069], [48, 127], [128, -208], [-26, -261], [14, -62], [-149, 102], [-15, 302]], [[26644, 66289], [4, -406]], [[26648, 65883], [-165, -16]], [[26483, 65867], [0, 410]], [[26483, 66277], [161, 12]], [[26059, 65229], [-2, 274], [129, 1]], [[26186, 65504], [1, -271]], [[21349, 51898], [-283, 830], [159, 702], [52, -121], [42, 73], [65, -136], [10, -145], [147, -193], [31, -312], [-161, -63]], [[26515, 54750], [88, 215], [-27, -284], [-61, 69]], [[26567, 57376], [55, 5], [4, -266], [-63, -42], [4, 303]], [[27012, 55592], [-23, -452], [-40, -86], [-57, 416], [87, 217], [33, -95]], [[25271, 69406], [-44, 0]], [[25227, 69406], [-10, 304]], [[25217, 69710], [104, -5]], [[25473, 69259], [-1, -364], [-134, 3], [-1, 201], [-68, 3]], [[23462, 53921], [147, 59], [41, -317], [-7, -405], [-48, 218], [-106, 138], [-27, 307]], [[30012, 65057], [-93, -120], [1, -102], [-33, 140], [31, 131], [2, 209], [114, 62], [-22, -320]], [[29951, 64806], [24, 151], [29, -63], [-8, -148], [-45, 60]], [[16814, 72708], [-36, -13], [8, 85]], [[16600, 72753], [-43, 125], [-33, -63], [6, -104], [-51, 1], [-148, 417]], [[16313, 73380], [-37, 80], [36, 139], [-29, 255], [-35, 36], [570, 29]], [[17319, 71896], [-219, 1], [1, 657], [41, 74], [39, -109], [-1, 293], [138, -2], [1, -914]], [[25286, 69708], [-138, 2]], [[25148, 69710], [1, 101]], [[25149, 69811], [-35, -1]], [[25114, 69810], [0, 501]], [[25114, 70311], [0, 101], [32, 0], [0, 106]], [[25146, 70518], [69, -69], [3, -289], [69, -50]], [[24420, 70011], [-3, 604]], [[24417, 70615], [174, -3]], [[24591, 70612], [0, -202]], [[24591, 70410], [69, 1]], [[29299, 64308], [-10, -92], [-30, -8], [4, 165], [38, 43], [-2, -108]], [[27331, 64305], [-42, -5]], [[27288, 64215], [-114, -19], [1, 325]], [[27238, 64513], [1, 95], [92, -1], [0, -100]], [[22589, 51099], [-2, 131], [-53, 132], [125, 308], [65, -238], [-59, -320]], [[15697, 73187], [76, 55], [45, -161], [20, -447], [-20, -77], [-51, 174], [-11, 166], [-56, 123]], [[15700, 73020], [-3, 167]], [[28239, 62870], [17, 2], [-18, -421]], [[28354, 62031], [53, -143], [-24, -171], [-62, 65], [-51, 333], [21, 114], [55, -161], [8, -37]], [[28322, 61987], [4, 3], [12, -10], [13, 57], [-20, -7], [-9, -43]], [[28335, 62008], [1, 1], [1, 0], [-2, -1]], [[28925, 63535], [-115, -399], [-101, 1], [42, 175], [12, 274], [69, 154], [93, -205]], [[28863, 63271], [-1, 7], [2, -6], [-1, -1]], [[27397, 60375], [-105, -130]], [[27254, 60365], [46, 276], [28, 16], [66, -186]], [[27394, 60471], [3, -96]], [[26446, 58689], [-74, -262], [-25, -30], [-47, 198], [124, 272], [22, -178]], [[26367, 58427], [2, 7], [-2, -4], [0, -3]], [[15672, 73163], [16, -331], [-15, 0], [0, -230]], [[15673, 72602], [-492, 15], [-37, 351], [19, 54], [-10, 193], [19, 123], [336, -320], [164, 145]], [[16992, 73286], [30, 228], [-32, 402], [220, 3], [-37, -299], [-18, 0], [0, -101]], [[17208, 72812], [-28, 0], [1, -294], [-39, 110], [-112, -104], [-37, 169], [-37, -59], [-17, 152], [47, 40]], [[24242, 64505], [128, 1]], [[24370, 64506], [1, -351], [-129, 2]], [[22069, 64273], [94, -18]], [[22163, 64255], [1, -388]], [[22164, 63867], [-126, 0], [-1, 102]], [[25349, 56586], [-13, -397], [-33, -68], [-98, -7], [1, 475], [143, -3]], [[25707, 52090], [-167, -107], [0, 184], [19, 31], [-15, 15], [38, 131], [-23, 91], [15, 152], [-67, 257], [10, 152], [122, 2], [-42, -175], [15, -275], [38, -133]], [[22746, 54807], [2, 510]], [[22748, 55317], [143, -6], [-2, -512], [-143, 8]], [[28500, 62449], [53, -171], [6, -521], [-52, 143]], [[28445, 61955], [43, 238], [-20, 64]], [[26995, 59502], [-103, -2], [-90, 0], [66, 277], [96, 62], [31, -337]], [[22995, 50981], [97, -349], [-4, -335], [-94, 52], [-48, 350], [-30, 49], [79, 233]], [[22743, 56568], [165, 0], [10, -135], [-43, -119], [-10, -157], [-19, 50], [1, 164], [-66, -96], [-10, 100], [-28, -8], [0, 2]], [[26685, 55205], [50, -365]], [[26735, 54840], [-76, -153]], [[26659, 54687], [-31, 274], [57, 244]], [[27489, 64776], [0, -9]], [[27489, 64767], [0, -262]], [[27331, 64507], [23, 253], [135, 16]], [[26120, 54434], [-119, 0], [-45, 215], [87, 205], [76, -115], [1, -305]], [[25364, 61829], [0, -397], [-154, 1], [1, 406], [153, -10]], [[21507, 57355], [147, -1]], [[21654, 57354], [0, -505]], [[21654, 56849], [-26, 0]], [[21628, 56849], [-120, 0]], [[24391, 61470], [-154, 4]], [[24237, 61474], [23, 128], [-15, 78], [40, 6], [0, 92], [46, 133], [61, 41], [-1, -482]], [[25333, 65463], [-95, -6]], [[25238, 65457], [4, 505], [97, 1], [-6, -500]], [[16494, 62375], [35, -229], [-119, -373], [-202, -48], [-32, 237], [57, 293], [54, 54], [50, -113]], [[16337, 62196], [36, 134], [121, 45]], [[27520, 57200], [34, -276], [-50, -231], [-71, -127], [-42, 131], [28, 227], [-30, 94]], [[28556, 59158], [-71, 128], [7, 165], [119, -47], [10, -155], [-65, -91]], [[21116, 60720], [-182, 1]], [[20934, 60826], [0, 479], [107, -39], [46, 69], [-1, 108], [31, 0]], [[15859, 66942], [-78, -67], [-65, -187]], [[15716, 66688], [-121, -88], [-136, 43], [-29, 98], [0, 200]], [[15430, 66941], [33, 106], [-17, 400], [-31, 206], [-115, 3]], [[15300, 67656], [16, 293]], [[15316, 67949], [159, 85], [53, -147], [93, -35], [8, -279], [102, 6], [0, -125]], [[15731, 67454], [181, -10], [33, -194]], [[15945, 67250], [-29, -226]], [[15916, 67024], [-57, -13], [0, -69]], [[28982, 64796], [53, -72], [-141, -318], [-28, 159], [22, 42], [-43, 159], [31, 117], [114, 31]], [[24029, 58944], [-2, -454]], [[24027, 58490], [-158, 11], [11, 454], [149, -11]], [[22641, 73388], [-290, 1], [-9, 530], [293, 0]], [[22771, 59500], [153, 5], [-34, -106]], [[22920, 59197], [0, -100], [-60, -1], [0, -101], [-89, 6]], [[21838, 62452], [185, -2]], [[22023, 62450], [-2, -505]], [[22021, 61945], [-185, 3]], [[24399, 52904], [26, -33], [-20, -164], [64, -11], [15, -104], [-29, -133], [-95, -43], [6, 238], [-25, 178], [16, 177], [28, -4], [5, -186], [25, -6]], [[22923, 63461], [1, 607]], [[22924, 64068], [125, -1]], [[23049, 63460], [-126, 1]], [[25950, 56215], [-41, -262], [-52, -175], [0, 129], [-48, 68], [-7, 280], [105, 218], [43, -258]], [[24924, 54419], [-2, 478], [2, -65], [113, -1]], [[25037, 54831], [0, -410]], [[26524, 53537], [-124, -31], [-6, 216], [127, 32], [3, -217]], [[25954, 61620], [37, -276], [-8, -184], [-32, -74], [-63, 115], [-17, 145], [21, 280], [62, -6]], [[17595, 73340], [0, -332]], [[17595, 72758], [0, -28], [-52, 107], [-26, -60]], [[17517, 72629], [-49, 0], [0, 118]], [[17468, 72747], [-150, -16], [3, 1010]], [[26167, 57621], [80, 12], [0, -17], [-46, -238], [-34, 100], [0, 143]], [[24290, 54077], [0, -699], [-21, -4], [-84, 345], [20, 358]], [[24205, 54077], [85, 0]], [[30564, 68912], [29, 73], [47, -29], [6, -100], [102, 50], [6, -247], [-30, -315], [-102, 188], [-66, -26], [37, 235], [-29, 171]], [[28500, 62708], [53, -164], [-40, -127], [-96, 276], [83, 15]], [[18847, 64167], [-120, -227], [-51, 56], [-26, 357], [70, 177], [17, -116], [77, 37], [33, -284]], [[27390, 46962], [5, -731], [16, -39], [171, 227], [-75, -436], [-88, -229], [-328, -426], [-33, 144], [-72, 70], [17, 134], [103, 75], [113, 235], [89, -4], [-35, 157], [-9, 341], [-27, 187], [-118, 289]], [[26768, 45595], [19, 129], [48, 67], [44, -29], [19, -137], [-4, -83], [-96, 0], [0, -124], [-30, 177]], [[27157, 63890], [12, 304], [71, 24], [41, -102], [-3, -304], [-17, -104], [-79, 8]], [[29621, 65827], [183, -7], [14, -323], [-50, -128], [-170, -101], [17, 108], [-19, 238]], [[29480, 64941], [52, 135], [51, -354], [-81, -80]], [[29654, 65113], [-2, 197], [69, 63], [20, -142], [30, 11], [21, -300], [-78, -114]], [[29611, 65462], [-13, -194], [28, -62], [-50, -51], [-12, -184], [-30, -38], [5, 133], [-47, 118], [21, 32]], [[29828, 65390], [-24, 430], [113, -9], [2, -602]], [[29611, 65462], [-101, -68], [3, -178]], [[29513, 65216], [-22, -9], [-15, 208]], [[29439, 65396], [8, 445], [174, -14]], [[29621, 65827], [-25, -213]], [[29596, 65614], [15, -152]], [[29654, 65113], [29, 7], [31, -292]], [[29714, 64828], [-131, -106], [-33, 103], [26, 330], [38, -13], [11, 139], [27, 13], [2, -181]], [[29828, 65390], [66, -24], [5, -146], [20, -11]], [[29919, 65209], [-10, -190], [-117, -130], [-21, 353], [-40, 58], [39, 25], [41, 175], [19, -12], [-2, -98]], [[29480, 64941], [22, -299]], [[29502, 64642], [-90, -78]], [[29412, 64564], [-32, 174], [68, 130]], [[29448, 64868], [-19, 97], [10, 431]], [[29439, 65396], [37, 19]], [[29476, 65415], [16, -231], [39, -91], [-51, -152]], [[29232, 64040], [19, 165], [38, 11], [4, -167], [-61, -9]], [[26555, 62321], [2, 263]], [[26557, 62584], [77, 153]], [[26634, 62737], [60, -2]], [[26694, 62735], [-3, -374], [-136, -40]], [[23398, 73182], [-1, 202]], [[23397, 73384], [-36, 1]], [[23431, 73827], [-46, -42], [-20, 108], [49, 25], [0, 448], [94, -74], [34, -631], [73, -90], [0, -387], [-217, -2]], [[18442, 66786], [0, 289]], [[18442, 67075], [0, 202]], [[18442, 67277], [16, 0]], [[18458, 67277], [3, 191]], [[18461, 67468], [34, 0], [33, 202], [49, 4]], [[18577, 67674], [0, -234], [116, 0], [79, -69], [0, -97], [65, -1], [0, -304]], [[18837, 66969], [-291, 2], [-51, -184], [-53, -1]], [[31226, 38013], [-23, -260], [-22, 54], [10, 311], [35, -105]], [[31566, 38025], [39, 77], [2, -124], [-41, 47]], [[31573, 38186], [-21, -130], [0, 146], [21, -16]], [[27014, 57474], [22, -76], [-47, -349]], [[26989, 57049], [-39, 163], [-33, 522], [-46, -32], [-7, 25], [152, 149]], [[22257, 67944], [-45, -216], [30, -30]], [[22242, 67698], [22, -150], [-95, -21], [-10, 309], [-59, -111], [-117, 32], [-21, 577], [119, 1], [85, -113], [-21, 110], [32, 13], [15, -152], [54, -101], [11, -148]], [[24423, 68801], [101, 1], [4, -602], [-69, -110], [-44, 47], [-15, 167], [23, 91]], [[16018, 61760], [-110, -29]], [[15908, 61731], [-51, 379], [-37, 75], [163, 24], [66, -174], [-9, -111], [35, -108], [-4, -262], [-20, -56], [-28, 1], [-5, 261]], [[21711, 53651], [1, 611], [123, 0], [-12, -610], [-112, -1]], [[21285, 53756], [-148, 12], [0, 393], [147, 100]], [[21476, 67399], [-8, 361], [34, 8], [0, 333], [266, 1], [0, -179], [-46, -53]], [[18660, 62140], [58, 210]], [[18917, 62334], [-1, -607], [-338, 1], [14, 190]], [[18592, 61918], [69, 62], [-1, 160]], [[28393, 60352], [27, 190], [75, -99], [9, -171], [-111, 80]], [[25276, 53810], [12, 710], [137, 2], [-25, -29], [-7, -235], [-20, -35], [14, -82], [-15, -41], [18, -26], [-35, -122], [26, -140]], [[25613, 61747], [-136, -131], [69, 379], [-13, 180], [126, 7], [-43, -109], [-3, -326]], [[22226, 64239], [-224, 34], [0, 402], [222, 0]], [[22184, 61033], [4, -517], [-184, 9], [-3, 510]], [[20937, 73493], [323, 0]], [[21260, 73493], [16, -593], [-104, 14], [-9, -86], [-73, -65], [-28, 150]], [[20938, 72752], [-1, 741]], [[22709, 71164], [-6, 709]], [[22703, 71873], [243, -3], [9, -705], [-246, -1]], [[25301, 60669], [55, 0], [32, -98], [-98, -106], [1, 204], [10, 0]], [[21672, 65485], [0, -404]], [[21672, 65081], [-161, -1], [0, 404], [161, 1]], [[22398, 50265], [-169, -8]], [[22229, 50257], [-2, 524]], [[22227, 50781], [170, -1], [1, -515]], [[24339, 65623], [129, -2]], [[24468, 65621], [0, -304]], [[24468, 65317], [0, -204]], [[24435, 65114], [-9, 101], [-87, 1]], [[23432, 60824], [0, -68]], [[23432, 60756], [0, -338], [-122, 1]], [[23310, 60824], [122, 0]], [[26788, 61948], [42, 64], [12, -193], [49, -97], [-42, -153], [-43, 23], [-55, 129], [37, 227]], [[23438, 61588], [126, -2]], [[23564, 61204], [0, -26]], [[18592, 61007], [-2, 301], [709, 3], [-78, -300]], [[19167, 60996], [-55, -365], [-580, -27]], [[17445, 64622], [119, -1]], [[17608, 63607], [49, -9], [3, -611]], [[17660, 62987], [-26, -151], [0, -351]], [[17634, 62485], [-193, -1]], [[21689, 64270], [158, 3]], [[21847, 63865], [-157, 1]], [[21493, 63970], [-171, -1], [4, 361]], [[21326, 64330], [167, 0]], [[24205, 55904], [-11, -233], [-26, -29], [-90, 254], [51, 360], [70, -9], [6, -343]], [[8513, 92758], [482, 69], [106, 89]], [[9101, 92916], [11, 102]], [[9112, 93018], [87, 24], [62, -64]], [[9261, 92978], [-46, -97], [17, -78], [124, -108], [-40, -87], [35, -54], [186, 120], [150, -92]], [[9687, 92582], [156, 38], [-60, -83]], [[9783, 92537], [32, -61]], [[9815, 92476], [-40, -195], [28, -31], [-25, -60], [13, -78], [-243, -88], [-163, -186]], [[9385, 91838], [-59, 54], [-133, -112], [-35, -106]], [[9158, 91674], [-398, -22], [-93, 121], [-97, 265]], [[8570, 92038], [-58, 1], [1, 719]], [[25426, 61020], [69, 2], [10, -90], [17, 54], [-3, 120], [23, -81], [35, 37], [32, -183], [-42, -128], [-87, -37]], [[24919, 55573], [-61, -390], [-128, 205], [27, 93], [2, 278], [160, -186]], [[25219, 55657], [-116, -1], [0, 321], [116, 3], [0, -68]], [[25219, 55912], [0, -255]], [[31628, 38045], [-30, 180], [95, 119], [-14, -183], [-51, -116]], [[31452, 38206], [-26, 8], [21, 106], [5, -114]], [[19660, 71303], [-310, -65], [-25, 135]], [[19220, 72079], [101, 144], [6, 204], [112, 4], [42, 85], [83, 11], [57, -182], [128, -72]], [[19636, 71909], [-5, -200], [36, 0]], [[27932, 63137], [-65, -389], [-91, -212], [3, 599], [153, 2]], [[23890, 54638], [-1, 530], [-24, 118], [82, 58], [26, -637], [-26, -69], [-37, 0]], [[26419, 65442], [-124, -12], [-6, 438], [129, 1]], [[25669, 60043], [22, 15], [84, -86], [17, -136], [-42, -272], [-83, -7]], [[20935, 67938], [267, 3], [114, -3], [-36, -216], [-52, -72]], [[29901, 67079], [-65, 241], [67, 336], [171, -379], [-43, -321], [-70, 53]], [[28681, 63139], [-212, -5], [9, 250], [-47, 156], [83, 177], [49, -185], [36, -14], [82, -379]], [[27012, 58251], [143, 99], [-14, -492], [-56, 7], [-43, 240], [-41, 8], [11, 138]], [[22424, 68845], [237, -4], [1, -506], [-236, 1], [-2, 509]], [[25835, 56822], [-129, -485], [-47, 21], [-17, 120], [12, 372], [181, -28]], [[26267, 55990], [2, 241]], [[26269, 56231], [77, 27], [11, -86], [-90, -182]], [[23159, 63763], [-110, 1]], [[23049, 63764], [0, 303]], [[23049, 64067], [110, 0]], [[23159, 64067], [0, -304]], [[28634, 58459], [-122, 26], [45, 271], [91, 77]], [[21859, 67768], [-91, 155], [4, 381], [190, 0], [8, -525], [-70, 61]], [[27544, 57432], [16, 458], [25, -70], [17, 53], [25, -120], [28, 29], [21, -249], [-22, -110], [-110, 9]], [[12213, 85948], [95, 0], [93, -117], [105, -332], [-250, 13], [61, -996]], [[12171, 85411], [-22, 19], [11, 68], [-37, 68], [0, 100], [-222, 195], [5, 222], [66, 68], [-32, 87], [177, 152]], [[21164, 71572], [0, -408]], [[21164, 71164], [-105, 0], [-16, 755], [177, 58], [-1, -405], [-55, 0]], [[22667, 65686], [-128, -1]], [[22539, 65685], [-2, 606], [130, 1]], [[22667, 66292], [0, -404]], [[22667, 65888], [0, -202]], [[24467, 61947], [1, -569], [-77, -65], [1, 639], [75, -5]], [[25789, 60183], [-14, -211], [-75, 85], [35, 297], [92, 40], [22, -244], [-60, 33]], [[31854, 38348], [57, -35], [-7, -119], [-29, -1], [-21, 155]], [[20386, 69246], [264, 24], [-1, -1745], [-261, -4], [-2, 1725]], [[26649, 55828], [-41, 107]], [[26608, 55935], [49, 339], [66, -331], [-74, -115]], [[24709, 57815], [0, -1], [-151, 6], [1, 304], [150, 37]], [[24638, 56913], [5, -91], [-30, -97], [-24, 41], [29, -117], [-81, -25], [33, 253], [-14, 359], [107, -4], [35, -103], [-33, -277]], [[24580, 51914], [90, 116], [-4, -322], [-64, 19], [-22, 187]], [[16138, 62337], [-83, -131], [-9, 461], [56, 25]], [[16131, 62901], [41, 0], [41, 139], [-3, -288], [-68, -138]], [[25857, 55842], [6, -175], [-38, -115], [-6, -205], [-107, 34], [-35, 135], [0, 94], [142, 348], [38, -116]], [[19799, 61520], [139, 1], [34, -316], [-59, -188], [-49, 148], [-10, 224]], [[19854, 61389], [-55, 131]], [[21217, 57595], [-1, -758], [-194, 22], [10, 431]], [[22447, 58187], [1, -426], [-206, 23], [-1, 405]], [[27926, 59088], [-19, -437]], [[27907, 58651], [-64, 16], [-3, 426], [86, -5]], [[25833, 64820], [-1, -304]], [[25832, 64516], [-129, 3], [1, 302]], [[25727, 68712], [31, 294], [256, 2]], [[28061, 66792], [0, -385], [-127, -109], [-109, 284], [106, 189], [6, 97], [-30, 157], [49, -57], [105, 81]], [[28500, 62449], [-32, -192]], [[28468, 62257], [-32, -37], [-113, 225], [18, 108], [80, 154], [79, -258]], [[28346, 62006], [0, 39], [6, -25], [-6, -14]], [[28421, 62173], [15, 47], [23, -108], [-14, -16], [-24, 77]], [[27468, 59579], [-5, -121], [-63, 2], [-11, 155], [-46, 132], [114, 146], [50, -268], [-39, -46]], [[24759, 62169], [-60, -236], [-119, -162], [2, 403], [82, 46], [29, -75], [33, 114], [92, -144], [-59, 54]], [[16156, 59927], [20, -145], [152, -405]], [[16328, 59192], [-23, -71], [-22, 48]], [[16283, 59169], [11, -130], [-56, 132], [-30, -59]], [[16208, 59112], [-171, 737], [43, 104]], [[28732, 62542], [83, 41], [3, -120], [-56, -261], [-42, 30], [-31, -137], [-14, 63], [-49, -85], [24, 289], [42, -72], [40, 252]], [[23362, 63459], [0, -403]], [[23362, 63056], [-125, 0]], [[23237, 63459], [125, 0]], [[27085, 54474], [14, 170]], [[27099, 54644], [-31, 143], [63, 123], [75, -189], [28, -276], [-96, -106], [-10, 98], [-43, 37]], [[26813, 60761], [51, 90], [55, -78], [-30, -444], [-71, 202], [14, 68], [-19, 162]], [[18932, 70941], [53, -40], [-20, -151]], [[18965, 70750], [19, -86], [-80, -13], [-20, -222], [-67, -190]], [[18781, 71094], [44, 1], [7, 240], [39, -29], [61, -365]], [[26815, 54307], [78, 206], [33, -394], [-29, -52], [-82, 240]], [[28349, 58031], [67, 103], [64, -136], [18, -55], [-26, -115], [9, -150], [82, -133], [-116, -116], [-9, 299], [-101, 186], [12, 117]], [[23302, 63766], [134, -4], [22, -422], [-36, -29], [-79, 186], [3, 105], [-44, 164]], [[21912, 58876], [0, 514]], [[21912, 59390], [152, 1], [0, -516], [-152, 1]], [[15558, 70176], [0, 426]], [[15558, 70602], [69, 46], [59, -118], [33, -422], [-161, 68]], [[27614, 56586], [131, 236], [30, -396], [49, -141], [0, -33], [-175, 101], [-8, 70], [22, 50], [-49, 113]], [[21400, 72580], [-6, -112], [-61, 63], [-6, 111], [26, 111], [-77, 147], [-16, 492]], [[21260, 73392], [182, 0]], [[21442, 73392], [72, 0], [29, -812]], [[18312, 60587], [61, -54], [98, 20], [1, -580], [-321, 0]], [[19823, 70315], [46, 0], [58, 168], [69, 0]], [[19996, 70382], [104, -50], [49, -95]], [[20149, 70237], [-10, -172], [51, -9], [-11, -577], [136, 0]], [[20315, 69479], [5, 0], [0, -216], [-553, 7]], [[19656, 69809], [161, 64]], [[28125, 64889], [-132, -33], [-73, 202], [-34, -41], [8, 131]], [[27894, 65148], [29, -19], [1, 217]], [[27924, 65346], [132, 9], [17, -34], [1, -229]], [[28074, 65092], [46, 0], [5, -203]], [[20935, 66946], [153, 1], [29, -1159], [-182, -3]], [[25016, 53503], [-15, 0]], [[25001, 53503], [-37, 0]], [[24917, 53899], [98, 26]], [[31241, 38392], [0, -134], [-23, 2], [1, 106], [22, 26]], [[25856, 62692], [83, 5], [1, -342], [-80, -2], [-4, 339]], [[26053, 61484], [-32, -15], [-5, 135], [-52, 8], [1, 90], [55, 135], [102, -21], [-69, -332]], [[26338, 60699], [-68, -108], [-40, 15], [4, 155], [80, 40], [24, -102]], [[26486, 60915], [43, 42], [68, -152], [-51, -202], [-52, 27], [-8, 285]], [[22064, 57683], [0, -330]], [[22064, 57353], [-151, 2]], [[22934, 51410], [85, 382]], [[23019, 51792], [110, -381], [-48, -258], [-81, -191], [22, 102], [-88, 346]], [[25240, 65152], [95, 7]], [[25335, 65159], [4, -405], [-97, -7], [-2, 405]], [[23152, 68841], [4, -505]], [[23156, 68336], [-104, 1]], [[23052, 68740], [0, 102]], [[23052, 68842], [100, -1]], [[27070, 54485], [58, -48], [27, -172], [-73, -9]], [[22644, 55828], [149, -1], [-5, -514], [-145, 12]], [[22643, 55325], [1, 503]], [[1767, 86946], [43, 62], [27, -71], [-46, -72], [-24, 81]], [[1670, 87464], [62, 100], [70, -263], [181, -245], [-52, -75], [-162, 102], [-78, 164], [5, 125], [-26, 92]], [[4975, 85246], [0, -8], [47, 0]], [[4982, 85085], [-114, -130], [-147, 160], [119, 203], [-15, 197], [-74, 314], [83, 322], [-85, 337], [-145, 90], [-70, -144], [-291, -5], [71, -111], [-76, -36], [-112, 288], [-10, 79], [30, 58], [-71, 180], [-257, 458], [110, 215], [-36, 209], [306, 123]], [[4826, 88424], [477, 404], [-70, 35]], [[5206, 88965], [354, 0], [0, 101], [204, 0], [0, 100], [409, 0], [0, -100], [919, 0], [0, 101]], [[7092, 89167], [103, 0], [0, 100], [90, 0]], [[7285, 89267], [0, 101], [19, 0]], [[7304, 88361], [-135, 0]], [[7169, 88361], [13, -604]], [[6144, 87757], [0, 100], [-11, 0]], [[3250, 86964], [172, 63], [220, 270], [48, -159], [67, 37], [43, -88], [5, -315], [46, -106], [-26, -113], [-190, -198], [-341, 379], [-44, 230]], [[26337, 54069], [10, 363], [53, -115], [-7, -250], [-56, 2]], [[26698, 55238], [-46, -99], [-37, 54], [-44, 278], [108, 68]], [[26502, 56681], [68, -47]], [[26570, 56634], [-14, -143]], [[26556, 56491], [20, -87], [-68, -200], [-66, 232], [60, 245]], [[24249, 70113], [-1, -599], [-167, 0], [31, 269], [-66, 156], [-1, 80]], [[24894, 66371], [0, 358]], [[24894, 66729], [0, 51], [130, -1], [1, -414], [-131, 6]], [[31427, 38232], [-5, -150], [-42, -14], [13, 121], [34, 43]], [[29431, 65047], [-122, -52]], [[29309, 64995], [1, 136], [125, 103], [-4, -187]], [[28568, 60120], [22, 109], [57, -293], [-22, -37], [-57, 221]], [[21300, 61445], [-1, -725]], [[21299, 60720], [-92, 0]], [[21207, 60720], [-91, 0]], [[21116, 60720], [1, 723]], [[21117, 61443], [183, 2]], [[22219, 57335], [10, 96], [63, 54], [7, -177], [33, -20], [-51, -229], [7, -177], [-49, 137], [-9, -100], [-81, 6], [-42, 150], [50, 0], [0, 253], [62, 7]], [[17595, 72758], [0, 250]], [[17595, 73008], [25, -78], [61, 133], [60, -412], [68, -22]], [[17884, 72777], [6, -168]], [[17890, 72609], [107, 3]], [[17997, 72612], [6, -318]], [[18109, 72008], [4, -254], [-182, 153], [-114, 246], [-121, 5], [-20, 73]], [[17695, 72286], [-10, 117], [-90, 355]], [[21569, 54262], [143, 0], [-1, -507]], [[21711, 53755], [-142, 1]], [[21569, 53756], [0, 506]], [[23820, 58541], [-4, -457]], [[23816, 58084], [-27, 57]], [[23789, 58141], [-1, -129]], [[23788, 58012], [-71, -132], [-3, 538], [76, 127], [30, -4]], [[22472, 59348], [120, 0]], [[22592, 59002], [-237, -4], [-2, 401], [119, -118], [0, 67]], [[25652, 59557], [-1, -218], [-48, -160], [-82, 28], [-15, 345], [146, 5]], [[17155, 73519], [55, 400], [111, -1], [-3, -1108], [-110, 2]], [[17208, 72812], [0, 101], [-18, 0], [1, 606], [-36, 0]], [[21400, 72580], [143, 0]], [[21543, 72580], [251, 0]], [[21794, 72580], [107, 0]], [[21901, 72580], [0, -202], [-24, 0], [-1, -403]], [[21876, 71975], [-21, 0]], [[21855, 71975], [0, -198], [-6, 0]], [[21849, 71777], [-54, 0]], [[21795, 71777], [-26, 158], [-79, -3], [-24, 316], [-128, -68], [-88, 81], [-16, 242], [-34, -28], [0, 105]], [[16082, 69570], [-60, 0], [0, 134], [-59, 171], [-4, 150], [118, 83], [16, -28]], [[23743, 66432], [0, 101]], [[23743, 66838], [131, 1]], [[23730, 54138], [62, -322], [-12, -136], [-156, 79], [-32, 372], [138, 7]], [[24544, 61372], [-15, -589], [-106, 106], [-2, 491], [123, -8]], [[27618, 61080], [72, 364], [100, -120], [-71, -370], [-101, 126]], [[23411, 71266], [5, -710], [-312, 3], [-4, 606], [30, 0], [-1, 102]], [[23129, 71267], [282, -1]], [[24828, 51572], [19, 143], [145, -323]], [[24992, 51392], [169, 35]], [[25161, 51427], [-73, -253], [65, -255], [-58, -330], [-33, 71], [-64, -144], [-1, 283], [-26, 94], [-94, -38]], [[25176, 56573], [-117, -1]], [[25059, 56673], [0, 253]], [[25059, 56926], [117, -16]], [[24274, 54985], [-1, 348], [177, -7], [-64, -445], [-49, -117], [-21, -15], [1, 181], [-43, 55]], [[26122, 61272], [-53, -310], [-30, -53], [-59, 224], [142, 139]], [[25679, 54932], [28, 1], [31, -360], [-16, -94], [15, -57], [-27, -24], [0, -181], [-75, -1], [-82, 251], [13, 255], [87, 7], [26, 280]], [[22492, 53794], [-57, 19]], [[22363, 54252], [104, 213], [110, -488]], [[17881, 73019], [3, -242]], [[17884, 72777], [-40, 0], [-35, -148]], [[17809, 72629], [-74, 37], [-54, 397], [-75, -121], [-11, 978], [368, 0]], [[17963, 73920], [-2, -223], [34, -66], [-22, -51], [14, -58], [-69, 0], [11, -502], [-48, -1]], [[31553, 38034], [-23, -56], [-12, 44], [22, 134], [13, -122]], [[31467, 38357], [8, -100], [-32, 65], [24, 35]], [[23639, 71368], [5, -599], [-6, -15], [-120, 136], [-2, 477], [35, -1]], [[23551, 71366], [-3, 705]], [[23548, 72071], [160, 79]], [[23708, 72150], [19, -147], [71, -54]], [[23798, 71949], [-1, -584]], [[19980, 59972], [0, 492]], [[19980, 60464], [224, -23]], [[20261, 59965], [-281, 7]], [[24823, 54984], [-126, -235], [-49, 131], [16, 78], [-27, 175], [116, 216], [105, -166], [-35, -199]], [[25201, 68794], [152, -4], [-1, -401], [-152, 2]], [[25200, 68391], [1, 403]], [[23875, 62214], [-172, -13]], [[23703, 62201], [3, 263], [167, 85], [7, 88], [-5, -423]], [[28284, 58432], [-128, -83], [-19, 148], [101, 159], [22, -46], [24, -178]], [[26902, 64283], [-5, -423], [-105, 86], [18, 263], [92, 74]], [[18433, 70742], [0, -50], [-69, -1]], [[18366, 70485], [-84, -124], [-62, 115]], [[18215, 70675], [20, 69], [-36, 273], [14, 183], [45, -3], [70, 202], [43, -8], [23, -109], [39, 5]], [[22482, 72277], [0, -303], [-214, 1], [0, 302]], [[23727, 58238], [-69, -191], [-31, 122], [-12, -64], [-17, 425], [167, 0], [-51, -112], [13, -180]], [[22646, 53040], [23, -152], [-38, -138], [-45, -418], [-63, 70], [-25, 211], [18, 194], [-22, 51], [4, 175]], [[24733, 61184], [45, 99], [92, -195], [-4, -99], [-48, -236], [-25, -2], [-72, 243]], [[21761, 57860], [1, 507]], [[24723, 63780], [-128, 9]], [[24595, 63789], [2, 413], [128, -14], [-2, -408]], [[23349, 64507], [0, 300]], [[23349, 64807], [64, -1]], [[23413, 64806], [64, -1]], [[24500, 58166], [-92, -4]], [[24408, 58264], [59, -4], [43, 413], [51, 3], [-2, -616]], [[20394, 54164], [300, -2], [1, -1554], [-18, -40], [-116, 256], [-167, 625], [0, 715]], [[24227, 53373], [7, -418], [-50, 46], [-37, -126], [-85, -1], [-1, 418], [-43, 110], [74, 198], [16, -150], [138, 97], [26, -149], [-45, -25]], [[22002, 64273], [-286, -3], [-6, 810], [288, -2], [4, -805]], [[23723, 55185], [-170, -2]], [[23553, 55636], [110, -37], [56, 71], [4, -485]], [[25379, 59227], [-32, -276], [-89, 36], [4, 406], [129, -5], [17, -159], [-29, -2]], [[28139, 62449], [-1, 86], [14, -24]], [[28280, 57323], [-145, 25], [10, 520], [110, -51], [32, -238], [-7, -256]], [[26809, 58567], [54, -259], [6, -187], [-49, -134], [-74, 256], [1, 185], [-20, 52], [82, 87]], [[24071, 68739], [-136, -83], [-13, 370], [66, 155], [21, -172], [77, -67], [2, -103], [-17, -100]], [[16556, 67757], [1, 303]], [[16557, 68060], [431, 94], [8, -2374], [-323, -3]], [[16673, 65777], [-2, 877], [-161, -3]], [[16510, 66651], [13, 1106], [33, 0]], [[31535, 37959], [48, -109], [-15, -32], [-20, 63], [-3, 36], [-5, 1], [-3, 13], [1, 6], [-2, 6], [0, 6], [-1, 7], [0, 3]], [[24908, 67717], [-49, 236], [-17, 261], [34, 184], [85, -5], [-1, -700], [-52, 24]], [[24305, 63758], [3, 405], [59, 9], [86, -273], [-21, -151], [-127, 10]], [[26343, 62389], [10, -232], [-17, -119], [-59, 144], [11, 83], [-18, 98], [41, 105], [32, -79]], [[26163, 60961], [70, 47], [0, -302], [-96, 49], [-8, 66], [34, 140]], [[24226, 52823], [5, 563], [53, 12], [10, -137], [23, 83], [65, -127], [-39, -395], [-117, 1]], [[24941, 57130], [-153, 6], [-4, 166], [142, 81], [15, -253]], [[23565, 63909], [-6, 214], [111, 1], [5, -218], [-110, 3]], [[22412, 64675], [-127, 1], [1, 403]], [[22412, 65079], [2, 0]], [[21925, 70367], [217, -3]], [[22143, 69960], [-199, 1], [34, 132]], [[20939, 69517], [-2, 852], [308, -1], [-5, -851]], [[26350, 67487], [67, 0]], [[26417, 67095], [0, -12]], [[26417, 67083], [-130, 1]], [[23604, 64804], [127, -1]], [[23731, 64803], [0, -302]], [[23731, 64501], [-127, 3]], [[25227, 60300], [42, -142], [0, -106], [-122, 183], [7, 127], [73, -62]], [[21865, 65079], [1, 402]], [[21866, 65481], [128, 0], [0, -403], [-129, 1]], [[22703, 65080], [30, 0], [0, -72]], [[22733, 65008], [0, -18], [-80, -236], [-111, -285], [-1, 610], [3, -151], [48, 0], [111, 52]], [[21484, 66945], [21, -1151], [-192, -5], [-27, 1157], [198, -1]], [[25099, 59907], [79, 12], [1, -210], [-101, 41], [21, 157]], [[20371, 67520], [1, -1233], [-408, 1], [2, 1240], [405, -8]], [[26510, 53831], [25, 155], [41, -56], [0, -207], [41, -64], [-1, -276], [-96, 5], [-10, 443]], [[25893, 63033], [0, -339]], [[25893, 62694], [-106, -1], [-7, 303], [113, 37]], [[22875, 54471], [0, 329]], [[22875, 54800], [155, -5], [41, -252], [-155, -321], [-41, 249]], [[27079, 53357], [-90, -95], [-29, 222], [50, 132], [42, -61], [27, -198]], [[2348, 412], [73, 49], [0, -153], [-36, -46]], [[26001, 63899], [-1, 317], [116, 3], [1, -319], [-116, -1]], [[27313, 50984], [-74, -6]], [[27239, 50978], [-30, 420]], [[27209, 51398], [104, 56]], [[27313, 51454], [30, -276], [-31, -34], [1, -160]], [[24860, 53453], [-79, -47]], [[24781, 53406], [-1, 427]], [[24780, 53833], [76, 51]], [[24030, 54333], [175, -2], [-13, -405], [-73, 0], [0, -102], [-99, 1], [29, 273]], [[24887, 65300], [-2, -505], [-158, 2], [1, 355], [21, 57], [48, 92], [90, -1]], [[15354, 69321], [103, 1]], [[15457, 69322], [0, -355], [34, -21], [2, -85], [-1, -250], [-34, -1], [2, -83], [-28, -19], [11, -71], [-115, -7], [26, 891]], [[30356, 67488], [-83, -249], [0, -113], [33, -53], [-50, -16], [2, -208], [-114, 538], [-1, 479], [93, -5]], [[22763, 69042], [-1, 404], [170, -1]], [[22932, 69243], [0, -200]], [[26436, 55323], [-63, -35], [5, 239], [73, 16], [-15, -220]], [[26435, 55323], [1, 5]], [[26436, 55328], [-1, 0], [0, -5]], [[26224, 54315], [38, 114], [77, 3], [-2, -363], [-113, 75], [0, 171]], [[29150, 63551], [-17, 120], [62, 113], [46, 230], [70, 48], [24, -40], [0, -202], [-21, -248]], [[24816, 59111], [-57, -68], [1, 68], [-136, 9], [16, 17], [-10, 253], [176, -1], [25, -133], [-15, -145]], [[24170, 57465], [-10, 121], [-35, 54], [33, 436], [103, -7], [-3, -407], [-83, -94]], [[23453, 58998], [4, 591]], [[23457, 59589], [106, -3]], [[23563, 59586], [15, -588]], [[23578, 58998], [-65, 0]], [[24307, 64811], [-129, -2]], [[24178, 64809], [-1, 404]], [[24177, 65213], [130, 2]], [[24687, 62512], [-6, -79]], [[24681, 62433], [6, 470], [119, -2], [2, -300], [-121, -89]], [[24627, 71878], [-278, -522]], [[24348, 72993], [24, -6], [0, -97], [43, -7], [-3, -75], [149, 168]], [[26280, 55584], [0, -413], [-90, 2], [-15, 301], [105, 110]], [[15444, 65064], [83, -17], [19, -411], [-21, -114], [-40, 16], [23, -226], [-1, -851], [-164, 1], [-80, 273], [-17, 236], [79, 593], [-15, 213], [26, 180], [-23, 63], [28, 45], [1, 96]], [[25541, 59199], [101, -34], [-15, -402], [-97, 66], [11, 370]], [[24008, 69749], [0, -335], [-58, -20], [-16, -83], [-7, 126], [-56, 119]], [[22722, 66773], [-105, -104], [-41, 102], [23, 370], [123, 1]], [[22722, 67142], [0, -369]], [[26916, 58901], [-90, -155], [-75, 267], [65, 186], [85, 98], [-5, -317], [20, -79]], [[28341, 59813], [-44, 17], [129, 272], [52, -86], [4, -108], [-133, -275]], [[25817, 65124], [0, 380]], [[25817, 65504], [128, 1], [1, -327], [-129, -54]], [[22641, 73388], [-6, 531]], [[22635, 73919], [201, 0], [38, -367], [-13, -154], [-220, -10]], [[21476, 67399], [246, -1]], [[21722, 66943], [-238, 2], [-8, 454]], [[24062, 52856], [-208, -1], [10, 465], [41, 102], [142, -54], [15, -512]], [[30962, 70014], [30, -433]], [[30992, 69581], [-101, -53]], [[30851, 68995], [-83, -119], [-122, -20], [-48, 499], [139, 81]], [[30745, 70066], [2, 826], [107, -16], [7, -940], [101, 78]], [[28681, 61905], [-56, -102]], [[28625, 61803], [1, 270], [46, 83], [16, -61], [32, 137], [42, -31], [14, -122], [-35, -278], [-60, 104]], [[26670, 57048], [26, 222], [8, 14], [65, -172], [-82, -91], [-17, 27]], [[17174, 56524], [870, 54]], [[18044, 56578], [-28, -170], [3, -443], [-28, -138], [-728, -2], [-75, 85], [27, 179], [-74, 267], [33, 168]], [[24144, 59389], [106, 1], [-13, -511], [-30, 2], [-1, -101], [-30, 2], [2, 211], [-52, 229]], [[25038, 55244], [-180, -60], [74, 471], [16, 0]], [[24948, 55655], [91, 0], [-1, -411]], [[23819, 66027], [130, -1]], [[23949, 65624], [-130, 1]], [[23564, 61178], [-1, -423]], [[23432, 60756], [3, 422]], [[23435, 61178], [129, 0]], [[28170, 60736], [-78, -413], [-31, 44], [85, 476], [24, -107]], [[27633, 56541], [30, -68], [-178, -401], [-16, 47], [-8, 493], [39, 70], [83, -252]], [[5470, 82730], [87, 0], [0, 101], [106, 100]], [[5663, 83153], [0, 64], [249, 1879], [470, 0]], [[6382, 85409], [-246, -47]], [[6469, 87757], [713, 0]], [[7182, 87757], [12, -504]], [[7194, 87253], [-37, 0], [0, -403], [-35, 0], [0, -403], [-83, -100], [0, -202], [-47, 0], [0, -101], [-81, 0], [0, -201], [-93, 0]], [[6818, 85843], [15, -605], [14, -100]], [[6847, 85138], [92, 0]], [[6939, 84919], [-78, -151], [-212, -168]], [[6378, 83279], [0, -353], [-466, -1291], [-435, -1]], [[27160, 60787], [-17, 65]], [[27143, 60852], [75, 40], [75, -327], [-20, -113], [-146, 109], [0, 119], [33, 107]], [[16440, 58565], [713, 10], [1, -1134], [-449, -9], [-64, 101]], [[22765, 56387], [19, -113], [58, 112], [24, -229], [9, 157], [40, 113], [0, -620], [-151, 20]], [[27466, 55969], [66, -142], [40, 12], [-9, -168], [-48, -48], [-21, 89], [-84, -182], [-159, 363], [92, 252]], [[24592, 69306], [-1, 405], [246, 3]], [[24837, 69410], [-76, -101]], [[24167, 67527], [-29, 0]], [[24138, 67527], [-138, 0]], [[24000, 67527], [0, 405]], [[24000, 67932], [167, -17]], [[24167, 67915], [0, -388]], [[23160, 68336], [168, 0]], [[23328, 68336], [0, -405]], [[23328, 67931], [-168, 1]], [[30051, 65523], [-131, -59], [-3, 329], [117, 12], [17, -282]], [[24286, 61147], [108, 47], [1, 119], [29, -1], [-1, -423], [-77, 3], [-1, -224], [-61, 5]], [[25309, 57363], [5, -339], [-113, 53], [5, 288], [103, -2]], [[26554, 59609], [-15, -116], [-83, 5], [-34, 219], [11, 175], [61, 29], [60, -312]], [[25833, 64820], [-129, 1]], [[25704, 64821], [0, 75]], [[25704, 64896], [80, 228], [33, 0]], [[25817, 65124], [16, 0]], [[25833, 65124], [0, -304]], [[22683, 52336], [-39, 204], [-37, 22], [62, 326], [57, -40], [98, -157], [32, -323], [-50, -63], [-73, 115]], [[31559, 37858], [-23, -74], [-26, 192], [17, 33], [32, -151]], [[24007, 67243], [0, 283]], [[24007, 67526], [131, 1]], [[24138, 67527], [-1, -285], [-130, -49], [0, 50]], [[26896, 54757], [90, 382], [50, -31], [40, -241], [-41, -101], [-36, -263], [-36, 69]], [[26963, 54572], [3, 114], [-70, 71]], [[24290, 54077], [40, 44], [23, -109], [51, 115], [17, -277], [-41, 13], [-8, -128], [-29, -23], [3, -156], [23, -43], [-37, 62], [22, -125], [-24, -33], [11, -95], [-47, -61], [-4, 816]], [[28815, 64314], [-67, 206]], [[28822, 64631], [-10, 98], [28, 48], [48, -170], [-17, -69], [23, -132], [-79, -92]], [[23175, 63460], [-64, 0]], [[23111, 63460], [-62, 0]], [[23049, 63460], [0, 304]], [[23049, 63764], [126, -1]], [[26936, 58784], [-29, -12]], [[26907, 58772], [4, 150], [77, 191], [27, -122], [-79, -207]], [[27014, 57474], [2, 402]], [[27016, 57876], [95, -14], [45, -315], [-41, -387], [-58, 143], [-43, 171]], [[25065, 69408], [0, -104]], [[25065, 68900], [-304, 4]], [[24761, 69309], [33, 0], [0, 101], [271, -2]], [[17325, 65783], [829, -7], [-2, -2181], [-544, 12]], [[17608, 63607], [-44, 626], [0, 388]], [[17564, 64621], [-239, 0]], [[17325, 64621], [0, 1162]], [[27463, 61785], [-75, -61], [-42, 187], [118, 275], [46, -154], [-47, -247]], [[26148, 68300], [-136, -1]], [[21341, 55775], [-128, 17], [2, 490]], [[28018, 63839], [72, 472], [68, 7], [-29, -75], [25, -220], [-44, -283], [-92, 99]], [[23995, 61207], [-2, -186], [-31, 2], [-1, -118], [-108, 13], [20, 301]], [[23843, 59883], [8, -493], [-79, 0]], [[23772, 59390], [-59, 0], [4, 503]], [[23717, 59893], [126, -10]], [[24012, 69143], [-52, 9], [-10, 263], [68, -1], [-6, -271]], [[23600, 56065], [2, 352], [26, 0], [22, -139], [97, -82], [-2, -96], [39, -70], [-45, -85], [-55, 70], [-57, -58], [-27, 108]], [[16757, 63153], [-17, -405]], [[16740, 62748], [101, -320], [-45, -44], [-27, -152], [0, -107]], [[16769, 62125], [31, 0], [-1, -508]], [[16799, 61617], [-70, -2], [-48, 141], [-31, 404]], [[16650, 62160], [11, 118], [25, 8], [0, 109]], [[16686, 62395], [-66, 2], [-4, 126], [-42, 66], [66, 100], [61, 365], [56, 99]], [[27198, 48082], [1, -403], [-28, -2], [1, -120], [-177, 53], [-47, 493]], [[15438, 66060], [-26, 132], [-40, 11], [5, 150], [38, 27], [44, 315], [62, -95], [69, 25], [5, -837], [-165, -10], [-10, 162]], [[31409, 38359], [-25, -61], [0, 214], [27, 7], [-2, -160]], [[24776, 53000], [-80, -1]], [[24696, 53405], [80, 1]], [[25967, 58415], [30, -158], [-10, -272], [-98, 52], [12, 432], [66, -54]], [[18318, 69339], [-8, -190], [39, -129], [58, -14], [36, -374], [53, -87], [0, -170], [-142, 4], [-36, 258], [-102, 45], [-74, 304], [-37, -12], [-1, 156], [-72, -332]], [[18032, 68798], [-73, 69]], [[17959, 68867], [-22, 110], [27, 167], [0, 334], [36, 138], [-56, 245], [36, -44], [54, 110], [39, -123], [110, 275]], [[25792, 60431], [-57, -77], [-23, -135], [-36, 176], [-30, -32], [0, 173], [87, 294], [69, -215], [-26, -4]], [[23087, 64842], [133, -8], [-9, -151], [-94, -68], [-34, 100], [4, 127]], [[26519, 53047], [1, 341], [135, -9], [2, -78], [-19, -263], [-58, -9], [-61, 18]], [[23092, 70457], [-75, 1], [-6, 358], [-53, 343], [142, 6], [-8, -708]], [[24839, 61394], [123, -5], [-23, -483], [-46, 118], [-27, -36], [4, 100], [-78, 148]], [[30520, 68922], [42, 23], [31, -204], [-45, -322], [-32, 14]], [[30514, 68250], [-103, 10], [9, 58]], [[30420, 68318], [-23, 29]], [[30397, 68347], [-16, 192], [26, 253], [121, -13]], [[27223, 59994], [59, -297], [-99, -150], [-61, 343], [101, 104]], [[20994, 56581], [-29, 0]], [[20965, 56581], [-1, 608]], [[20964, 57189], [59, -1], [-1, -350], [194, -1], [-2, -850], [-128, -1]], [[27896, 63790], [111, -48]], [[28007, 63742], [-29, -217], [-1, -304], [-41, -84], [-133, -2], [11, 76], [-18, 78], [100, 501]], [[27122, 59890], [63, -363], [-149, -26], [12, 60], [-8, 37], [-4, -9], [7, -15], [2, -22], [-3, -5], [-47, -45], [-11, 132], [138, 256]], [[27042, 59566], [-1, 0], [1, -6]], [[27764, 59091], [-3, -397]], [[27761, 58694], [-141, 24]], [[27620, 58718], [4, 391]], [[17466, 67884], [64, 0]], [[17530, 67884], [85, -251]], [[17615, 67633], [-1, -556]], [[17614, 67077], [-90, 8], [-29, 189], [-29, 9]], [[22445, 58592], [2, -405]], [[22447, 58187], [-206, 2]], [[22241, 58189], [-3, 403]], [[26681, 64258], [157, 20], [-1, -68], [-27, -1], [-18, -246], [-110, 83], [-1, 212]], [[24593, 63279], [98, -14], [-22, -151], [20, -188], [-11, -170], [-106, 32], [-105, 360], [127, 29], [-1, 102]], [[25147, 64334], [-95, -184], [-17, 179], [-65, 40], [26, 161], [150, 7], [1, -203]], [[26978, 55686], [91, 271], [55, -329], [-73, -37], [-73, 95]], [[25450, 55933], [0, -435], [-56, -137], [-83, -48], [18, 631], [121, -11]], [[22172, 58633], [-2, -6], [-44, 53], [-15, 137]], [[22064, 58672], [-1, 828]], [[22063, 59500], [111, -1], [2, -498], [60, 0], [0, -176]], [[24962, 61389], [124, -7], [9, -138], [-14, -162], [-119, 1], [0, 306]], [[24078, 66028], [-65, -1]], [[24137, 66429], [6, -300], [-65, -1]], [[19995, 64089], [32, 68], [-1, 468]], [[20026, 64625], [128, -1], [2, -90], [46, -46], [17, -1124], [-114, 1], [-1, 356], [-112, -2], [3, 370]], [[29106, 64138], [-4, 157], [48, 45]], [[29159, 64214], [30, -10], [-31, -84], [18, -90], [-73, -135], [-21, 163]], [[15961, 62210], [-127, 17], [-34, 132], [5, 140], [-57, 59], [-29, 184], [249, 1], [-14, -289], [40, -162], [-33, -82]], [[25208, 60364], [-93, -50], [1, 352], [92, 3]], [[25208, 60669], [0, -305]], [[20114, 61305], [0, -222]], [[20114, 61083], [-38, -20], [3, -599], [-99, 0]], [[19980, 60464], [7, 431], [-37, 230], [22, 80], [-16, 101]], [[18147, 66381], [22, 23], [81, -17], [56, 179], [137, -99], [1, -686], [-357, -4]], [[23870, 70124], [104, -5]], [[23974, 70119], [0, -200], [33, -1]], [[24007, 69918], [1, -169]], [[24008, 69749], [-137, 3]], [[23871, 69752], [-1, 372]], [[27489, 65609], [0, 555]], [[27489, 66164], [211, 219]], [[27700, 65782], [42, -11], [0, -162]], [[24785, 54219], [30, -346], [-38, -56], [-133, -6], [5, 406]], [[23156, 55136], [135, -169], [0, -7]], [[23291, 54719], [40, -145], [-174, 3]], [[23157, 54577], [-1, 559]], [[27658, 60164], [-73, -65], [-24, 270], [52, 94], [65, -139], [-20, -160]], [[27667, 60326], [-40, 5], [-27, -25], [48, -86]], [[27648, 60220], [19, 106]], [[27868, 61008], [-93, 237], [15, 79], [-27, -10], [87, 376], [132, -315], [-9, -147], [-62, -231]], [[27884, 61343], [22, -44], [0, 63], [-22, -19]], [[27934, 61171], [16, 75], [-24, -31], [8, -44]], [[6382, 85409], [0, -313]], [[6382, 85096], [-470, 29], [266, 284], [204, 0]], [[18629, 61521], [-51, 207], [209, -10], [-23, -90]], [[18766, 61310], [-30, -6], [-137, 5]], [[26522, 61827], [24, 200], [78, -182], [-5, -100], [-60, -80], [-37, 162]], [[23802, 69920], [-112, 8], [-15, 186], [-39, 112], [165, 0], [1, -306]], [[21761, 57860], [153, 1]], [[21914, 57861], [-1, -506]], [[21913, 57355], [-153, 2], [1, 503]], [[26137, 51264], [-41, 123], [-19, 261], [-115, 309], [3, 332]], [[26105, 52344], [1, 152], [28, 0], [-15, -906]], [[25530, 57447], [-74, -107], [-107, 317], [276, -10], [-13, -280], [-82, 80]], [[25659, 63404], [-97, 7], [0, 241], [97, 233], [0, -481]], [[25120, 63057], [60, -1], [26, -154], [69, -86], [0, -84]], [[25275, 62732], [0, -185]], [[25275, 62547], [-187, 2], [0, 1]], [[25088, 62550], [0, 152]], [[25088, 62702], [32, -3]], [[25089, 62092], [0, -102], [-33, 7], [1, 553], [124, -2], [0, -50]], [[25181, 62498], [0, -304]], [[25181, 62194], [32, 3], [-1, -102]], [[27031, 63354], [-2, -103]], [[27029, 63251], [41, -112], [-4, -203], [-95, 54], [-5, 275], [-21, 7], [3, 106], [83, -24]], [[27767, 59510], [34, 49], [27, -81], [-47, -39], [-14, 71]], [[26692, 56974], [12, -185], [-18, -74], [-74, 196], [36, 146], [44, -83]], [[27040, 53898], [32, 58], [113, -412], [-32, -165], [-85, 46], [-28, 122]], [[22712, 58482], [148, 8]], [[22860, 58490], [0, -303]], [[22860, 58187], [0, -101]], [[22712, 58086], [0, 396]], [[23035, 57073], [0, -100]], [[23035, 56973], [30, -1], [-14, -354], [-133, 74], [15, 382], [102, -1]], [[26697, 58144], [41, 115], [80, -259], [-36, -290], [14, -30], [-46, 38], [-53, 426]], [[18988, 64914], [0, -295]], [[18988, 64619], [291, -1]], [[19279, 64405], [-248, -101], [-24, -156], [-49, -52], [-67, 166], [-46, -90], [-25, 208], [34, -9], [13, 85], [-32, 151], [153, 307]], [[23961, 60905], [1, -448], [-122, 12], [-2, 467], [123, -31]], [[17261, 64206], [64, 0], [0, 415]], [[17325, 64621], [120, 1]], [[17445, 64622], [-4, -2138]], [[17441, 62484], [-334, -57], [24, 155]], [[17131, 62582], [-12, 152]], [[17119, 62734], [76, 197], [6, 396], [-22, 133], [82, 746]], [[24402, 67041], [-133, 1]], [[24269, 67042], [1, 485], [130, 0]], [[26546, 62027], [-25, -214], [-60, -39], [-7, 316], [92, -63]], [[25215, 70415], [47, 41], [115, -115], [-9, -119], [21, -123], [-171, 11], [-3, 305]], [[27282, 62193], [50, -339], [-13, -62], [-40, -51], [-65, 71], [3, 397], [65, -16]], [[23413, 70861], [-2, 507], [105, -1], [15, -506], [-118, 0]], [[28377, 60272], [15, 69], [7, -27], [-22, -42]], [[25015, 66365], [129, -6]], [[25144, 65960], [-127, 58]], [[25017, 66018], [-2, 347]], [[18817, 56935], [23, 40], [6, 59], [8, -1], [2, 33], [5, -1], [-14, -93], [43, 29], [-8, -9], [2, -68], [47, 89], [107, -212], [24, 42], [8, -357]], [[19070, 56486], [209, 0], [0, -492]], [[19279, 55994], [0, -129], [-115, -75], [-12, -126], [15, -112], [-65, -63], [-41, -184], [-103, 806]], [[18958, 56111], [-20, -87], [-45, 171]], [[18893, 56195], [-13, 274], [-18, 26], [6, 166]], [[28931, 61660], [-7, -188], [-162, -87], [35, 309], [33, 92], [3, -117], [98, -9]], [[26734, 61529], [14, 188], [23, -21], [90, -139], [-6, -143], [-42, -84], [-64, 115], [-25, -88], [-21, 149], [31, 23]], [[27428, 58236], [-62, -12], [10, 146], [-51, 180], [22, 313], [93, 7], [-12, -634]], [[27969, 59440], [-96, 0]], [[27873, 59440], [-22, 0], [35, 604], [85, -127], [13, 61], [14, -310], [19, -75], [18, -37], [3, -18], [-35, 73], [-17, -171], [-17, 0]], [[28423, 59445], [70, -3], [-8, -156], [70, -165], [-144, -24], [39, 275], [-27, 73]], [[29277, 66926], [4, -100], [-103, -144], [-86, 105], [1, 214]], [[23291, 72958], [3, -278], [-251, 34], [-5, 68], [0, 177], [253, -1]], [[16241, 73502], [-502, 5], [-27, 145], [-143, 269], [688, -2], [55, -320], [-71, -97]], [[16312, 70127], [70, -44], [113, 131], [-2, -644]], [[16493, 69570], [68, -103]], [[16561, 69467], [0, -102], [-205, -16], [13, 87], [-29, 125], [7, 175], [48, 155]], [[29150, 63551], [41, 108], [123, -87]], [[29314, 63572], [-22, -419], [-52, -304], [-52, 88], [0, 316], [-38, 298]], [[24054, 59389], [-10, -446], [-114, 8], [0, 437], [124, 1]], [[22391, 57176], [0, 304]], [[22391, 57480], [205, -1], [-15, -404], [-144, -118], [0, 118]], [[22172, 55273], [0, -514]], [[22172, 54759], [-149, 10]], [[22024, 55277], [148, -4]], [[23125, 52534], [6, 259], [85, 48], [16, -719], [-83, -16], [-14, 118], [21, 113], [-31, 197]], [[26672, 66802], [-66, -6], [1, -102], [-66, -3], [-2, 511], [131, 3], [2, -403]], [[24549, 51932], [53, -238], [-55, -291], [-3, 203], [-46, 231], [51, 95]], [[25059, 56673], [0, -101]], [[25059, 56572], [29, 0], [-14, -409], [-88, -1]], [[24986, 56162], [-1, 471], [74, 40]], [[25287, 52997], [-114, 0]], [[25173, 52997], [-1, 0], [-1, 506], [110, 2], [6, -508]], [[20676, 71060], [70, 84]], [[20698, 70993], [-10, -808], [-348, 2], [19, 1212], [140, 0]], [[23021, 70357], [-6, -135], [-76, -243], [48, -229], [60, -100]], [[25144, 65960], [0, -302]], [[25144, 65658], [-192, 11]], [[24952, 65669], [-17, 346], [144, 6], [0, -63], [65, 2]], [[23021, 70357], [-185, 0]], [[22836, 70357], [-15, 800], [139, 9], [51, -350], [10, -459]], [[24420, 70011], [-1, -501], [-171, 4], [1, 500], [171, -3]], [[24868, 70781], [1, -370], [-32, 0]], [[24765, 70411], [-1, 201], [-69, 100], [1, 399], [28, 248], [50, 1]], [[24774, 71360], [-42, -270], [64, -125], [19, -141], [53, -43]], [[24331, 68332], [-61, 0]], [[24270, 68332], [-6, -100], [-126, 102], [0, 202], [77, 100], [87, -107], [29, -197]], [[15475, 65065], [-31, -1]], [[15444, 65064], [0, 97], [-102, 0]], [[15342, 65161], [-20, 252], [-64, 174], [43, 33], [-12, 161], [226, 3]], [[23239, 56668], [0, 406]], [[23239, 57074], [74, 102], [0, 101]], [[23474, 57075], [-31, 0], [0, -306], [-29, 0]], [[23414, 56769], [0, -101], [-1, 0]], [[16436, 72464], [-30, -336], [64, -140], [-2, -89], [-82, -1], [-147, 195]], [[16239, 72093], [-55, 196]], [[16184, 72289], [12, 270], [-30, 80], [7, 165]], [[16173, 72804], [69, 142]], [[16242, 72946], [-46, 180], [4, 184], [59, 87], [54, -17]], [[16313, 73380], [18, -251]], [[16331, 73129], [145, -411], [57, -29], [-37, -186]], [[26464, 70144], [199, 23], [269, -507], [8, -148], [-489, -11]], [[22712, 58086], [148, 0]], [[22860, 58086], [0, -522]], [[22860, 57564], [-51, 32], [-23, 212], [-74, 278]], [[29087, 65802], [91, -163], [-34, -152]], [[29144, 65487], [59, -176], [-31, -104], [-117, -76], [-50, 195], [6, 169], [-25, 116], [101, 191]], [[27085, 57865], [-107, 5], [32, 246], [77, -178], [-2, -73]], [[27749, 57595], [35, 104], [30, -116], [6, -198], [-37, -167], [-64, 203], [22, 12], [8, 162]], [[27885, 57871], [-35, 88]], [[27850, 57959], [86, 367], [62, -79], [44, -201], [-157, -175]], [[27920, 58254], [-59, -249], [-47, 242], [70, 126], [36, -119]], [[26001, 63713], [-106, -3]], [[25895, 63710], [0, 217], [106, 5], [0, -33]], [[22796, 62450], [1, 506], [114, -1], [-1, -504], [-114, -1]], [[23228, 58695], [16, 0], [0, 304], [40, 0], [13, -101], [101, -1], [-16, -304], [-90, -56], [-64, 158]], [[20606, 72412], [15, 463], [38, -56]], [[20702, 72932], [211, -111], [25, -69]], [[20938, 72056], [-131, -49]], [[24443, 55775], [-1, -444], [-169, 2], [-21, 105], [4, 128], [42, 108], [-3, 112], [148, -11]], [[24415, 56234], [2, 225]], [[24417, 56459], [60, 46], [-5, -70], [53, -41], [6, 221], [74, -21], [-26, -152], [-34, 44], [28, -253], [-44, -60], [32, -67], [-52, 26], [25, -107], [-32, -101], [-58, 58], [1, 249], [-30, 3]], [[31635, 38033], [46, 115], [70, -100], [-91, -126], [-25, 111]], [[25397, 58145], [19, 480], [69, -2], [7, -388], [-95, -90]], [[24084, 69614], [-16, -640], [-59, 35], [-1, 606], [76, -1]], [[28630, 59817], [23, 86], [13, -165], [-23, -14]], [[28643, 59724], [-13, 93]], [[27804, 63369], [-1, -234], [-146, -1], [-2, 233], [-24, 60], [36, 65], [1, 117], [79, -55], [33, 74], [50, -122], [-26, -137]], [[27918, 62573], [-31, -232], [12, -127], [-24, -134], [-63, 175], [17, 272], [-47, -22], [-6, 31], [60, 141], [39, -17], [43, -87]], [[28097, 62159], [-85, -322], [-64, 184], [91, 341], [58, 53], [0, -256]], [[21872, 53100], [-163, -9], [2, 522], [160, -5]], [[23802, 62906], [-125, 3]], [[23677, 62909], [0, 254], [125, 46], [0, -202]], [[27193, 51651], [38, -535], [-66, -64], [-45, 228], [-59, -58], [0, 287], [68, 138], [64, 4]], [[25834, 61298], [0, 77], [-61, 65], [0, 153], [119, 33], [-10, -257], [-24, -17], [14, -59], [-38, 5]], [[24305, 63709], [127, 39], [17, -353], [-144, 5], [0, 309]], [[21667, 65485], [-179, -1], [17, 411], [162, -4]], [[31534, 38490], [29, -15], [23, -29], [-19, -116], [-33, 160]], [[18540, 66267], [44, 0], [-1, 101]], [[18583, 66368], [56, -57], [-8, -151], [38, 31], [33, -131]], [[18702, 66060], [-10, -279]], [[18692, 65781], [-248, 0], [0, 383], [96, 2], [0, 101]], [[25179, 63157], [95, 60], [1, -401], [-95, 155], [-1, 186]], [[25549, 60119], [-61, 40], [-41, 183], [133, 293], [22, -213], [-26, -151], [23, -76], [-50, -76]], [[17898, 71517], [50, -263], [32, 37], [20, -123], [-288, -185], [-46, -241], [-144, 170], [-39, 91], [-2, 160], [36, -1]], [[26539, 59493], [95, 428], [28, -47], [8, -291], [-131, -90]], [[23639, 71368], [158, -3]], [[23797, 71365], [-9, -751]], [[23631, 70615], [8, 753]], [[2348, 412], [37, -150]], [[2385, 262], [-26, -49], [-37, 117], [26, 82]], [[31186, 38203], [50, 49], [7, -46], [-57, -3]], [[19153, 54658], [3, 1109], [123, 98], [1, 135], [64, -124], [76, 206], [0, -667], [106, -758], [-373, 1]], [[24737, 57820], [-2, -284], [-207, 9], [1, 106], [29, -2], [0, 171], [179, 0]], [[26760, 52563], [3, 207], [40, 80], [112, -210], [-1, -116], [-154, 39]], [[5204, 85178], [35, 129], [89, -108], [-57, -197], [-67, 176]], [[4975, 85246], [0, 93], [93, 16], [0, 185], [46, 0], [15, 101], [0, 202], [94, 100], [16, 303], [47, 0], [0, 201], [64, 0], [0, 202], [48, 0], [18, 302], [48, 0], [0, 201], [49, 0], [19, 302], [97, 101], [21, 202], [296, 0], [0, -101], [50, 0], [0, 101], [49, 0], [0, 100], [88, 0]], [[6133, 87857], [11, -100]], [[6144, 87757], [325, 0]], [[6469, 87757], [0, -1411], [-46, 0], [0, -100], [-95, 0], [0, -101], [-47, 0], [0, -101], [-26, 0], [0, -100], [-94, 0], [0, -101], [-47, 0], [22, -481]], [[6136, 85362], [-224, -237], [-19, -176], [-40, 61], [-156, -219], [-85, -18], [-130, 511], [-110, -71], [-42, 103], [-51, -20], [-19, 106], [-74, -43], [-54, -339], [-82, -72], [-38, 179], [-30, -42]], [[4982, 85085], [40, 153]], [[5022, 85238], [-47, 8]], [[5328, 85076], [26, 77], [39, -93], [-40, -60], [-25, 76]], [[22486, 62147], [-2, 405]], [[22484, 62552], [156, 0]], [[22640, 62552], [1, -405]], [[22324, 62957], [0, 505]], [[22324, 63462], [95, 0]], [[22419, 63462], [61, 0]], [[22480, 63462], [0, -17]], [[22480, 63445], [0, -489]], [[22480, 62956], [-156, 1]], [[26518, 52618], [112, -40], [-103, -572]], [[26520, 51719], [-22, 45], [10, 636], [18, 43]], [[31492, 38158], [4, -114], [-32, 56], [28, 58]], [[24696, 52999], [-143, -1], [-9, 374], [152, 33]], [[24696, 53405], [0, -406]], [[23753, 56893], [1, 367], [17, 54], [132, 36], [-3, -470], [-147, 13]], [[26322, 65865], [-163, 2]], [[26158, 66271], [162, 2]], [[26320, 66273], [2, -408]], [[26078, 56307], [-14, 34], [66, 103], [26, -559], [-162, -16], [69, 208]], [[20679, 63497], [0, -4]], [[20679, 63493], [-2, 0], [2, 4]], [[20908, 63460], [-226, 50], [-26, -51], [0, 304]], [[20687, 64619], [382, 4]], [[21066, 64067], [-157, 1]], [[20909, 64068], [-1, -608]], [[22124, 57784], [0, -101], [-29, 0]], [[22095, 57683], [-31, 0]], [[22064, 57683], [0, 177]], [[22241, 58239], [1, -455], [-118, 0]], [[16091, 65780], [404, -2], [-1, -943], [-402, -1]], [[23922, 65192], [-129, 24]], [[23793, 65216], [-7, 397], [130, 11], [6, -432]], [[27185, 53873], [-59, 299], [30, 97], [34, -141], [52, -32], [40, -220], [59, -57], [-10, -205], [-146, 259]], [[22978, 53946], [-50, 301], [143, 296], [78, -207], [15, -156], [-124, -256]], [[22625, 48095], [-122, 3]], [[22503, 48098], [2, 316]], [[22505, 48414], [-34, 244], [154, -5], [0, -106]], [[25770, 58804], [26, -168], [-27, -168], [-145, 168], [9, 232], [137, -64]], [[20935, 64623], [-341, -4], [0, 765], [341, -107]], [[20935, 65277], [0, -199]], [[20935, 65078], [0, -455]], [[17213, 70826], [53, 144], [53, -43], [34, -500], [-157, 3], [17, 396]], [[23017, 70458], [87, -1], [3, -506], [-168, 23], [76, 249], [2, 235]], [[24850, 63590], [0, -279], [-164, 5], [60, 287], [42, -85], [62, 72]], [[26504, 56170], [39, 18], [-36, -254], [-39, 137], [19, -33], [17, 132]], [[28485, 64210], [-166, -287], [-46, -158], [-13, 134], [75, 280], [54, 86], [96, -55]], [[27935, 65781], [198, 2], [1, -444], [-210, 7]], [[22859, 57074], [-116, 1]], [[22713, 57277], [0, 202], [205, 0], [0, -253], [-74, -17]], [[23023, 65802], [119, -52], [15, -314], [-134, 48]], [[23023, 65484], [0, 318]], [[19545, 59971], [452, 1], [-55, -227], [-2, -935], [-395, 3]], [[28061, 67095], [-1, 587], [132, -3]], [[23800, 54563], [40, -73], [75, -406], [-25, -103], [-99, 0], [-68, 172], [0, 236]], [[16643, 59479], [-137, -203]], [[16506, 59276], [0, -255]], [[16506, 59021], [-100, -319], [-92, 234], [-10, 216], [24, 40]], [[16328, 59192], [0, 185]], [[16328, 59377], [-89, 294]], [[16344, 60024], [24, -214], [45, -113], [132, 99]], [[16767, 60653], [72, -150], [-7, -132], [34, -94], [0, -125], [62, -106], [23, -204], [0, -166], [-173, -4]], [[26769, 56684], [92, 137], [58, -387], [-101, 60], [-49, 190]], [[26125, 53719], [-92, -1], [43, 436], [46, 25], [5, 153], [99, -98], [-20, -348], [-81, -95]], [[27939, 57456], [114, 25], [88, -455], [-44, -113], [-145, 124], [14, 250], [-27, 169]], [[21217, 58874], [0, 514], [245, 4]], [[24979, 62906], [-110, -2], [-19, 441], [82, 17], [1, 68], [134, -68], [0, -120], [-58, -60], [-30, -276]], [[23343, 59971], [111, 1], [1, -569]], [[23455, 59403], [-90, 0]], [[23365, 59403], [0, 102], [-29, 0]], [[26258, 58539], [-88, -1], [3, 389], [60, 81], [62, -93], [35, -211], [-72, -165]], [[26418, 69501], [-2, -399]], [[26284, 69105], [-3, 301]], [[26281, 69406], [34, -2], [0, 101], [103, -4]], [[23348, 66436], [132, -1]], [[23480, 66435], [16, -408], [-65, 1]], [[23431, 66028], [-65, 1]], [[19229, 62190], [52, -445], [-365, -29], [16, 1399], [46, -275]], [[16814, 72708], [4, 1211]], [[16818, 73919], [178, 0], [1, -4], [25, -402], [-30, -227]], [[16992, 73286], [20, -219], [-26, -241]], [[16986, 72826], [-47, -38], [10, -225], [-135, 145]], [[20938, 72056], [-1, -878]], [[20781, 71228], [1, 205], [47, 33], [36, 177]], [[20855, 71880], [-31, 85], [114, 91]], [[20584, 56788], [0, 101]], [[20702, 56889], [-4, -1404]], [[20583, 55477], [0, 202]], [[20583, 55679], [-114, -1], [0, 99], [-172, 0]], [[20297, 55777], [-7, 0], [-1, 314]], [[20289, 56091], [89, -12], [0, 204], [36, 0], [0, 505]], [[23423, 58998], [30, 0]], [[23453, 58998], [60, 0]], [[23513, 58998], [-3, -608]], [[23510, 58390], [-89, 0]], [[23421, 58390], [0, 202], [-39, 1], [-4, 112], [45, 293]], [[23220, 69144], [47, 20], [89, -244]], [[23356, 68737], [-68, 1], [0, 102], [-236, 2]], [[23052, 68842], [0, 202]], [[23052, 69044], [168, 0], [0, 100]], [[23193, 55300], [-12, -121], [15, -45], [-101, 5], [1, 593], [121, 67], [-1, -499]], [[21880, 54772], [-1, -512]], [[21879, 54260], [-145, 3], [3, 511]], [[23414, 55339], [-4, -545], [-86, 72], [-44, 128], [-9, 283], [143, 62]], [[23178, 59971], [0, -41]], [[23178, 59930], [0, -628]], [[23178, 58998], [-51, -1], [-77, 200]], [[22968, 59464], [-64, -112], [-6, 65], [33, 61], [-47, 21], [-3, 103], [87, 117]], [[22968, 59719], [1, 252]], [[22969, 59971], [63, 0]], [[26430, 57634], [26, 325], [56, 28], [17, -86], [77, 23], [-88, -291], [-88, 1]], [[26217, 67487], [-132, 3], [0, 403]], [[26905, 60752], [76, 86], [58, -223], [47, -13], [-107, -320], [-95, -40], [-11, 46], [41, 227], [-9, 237]], [[26700, 51630], [-4, 509], [33, 1], [6, -172], [73, -138], [20, -194], [-128, -6]], [[27206, 58308], [53, 263], [54, 40], [63, -243], [-10, -84], [-160, 24]], [[26738, 60488], [-92, -127], [-9, 188], [45, 226], [91, -68], [39, -139], [-39, 12], [-10, -137]], [[26763, 60443], [-25, 45]], [[21948, 57354], [116, -1]], [[22064, 57353], [1, -505], [-117, 2]], [[24688, 59389], [-153, -1], [3, 379], [136, -14], [14, -364]], [[24928, 63830], [0, 135], [-58, 1]], [[24870, 63966], [71, 143], [32, 219], [62, 1], [19, -492], [-126, -7]], [[20922, 53121], [184, -510]], [[21006, 52316], [-329, 252], [245, 553]], [[27785, 60862], [5, 34], [6, -7], [-11, -27]], [[24471, 58683], [-99, 59]], [[24372, 58742], [6, 362]], [[24378, 59104], [66, 96], [13, 188], [41, -193], [0, -102], [-25, -15]], [[20656, 63763], [-173, 8], [-143, 846], [347, 2]], [[20687, 64619], [0, -754], [-31, 0], [0, -102]], [[28634, 58459], [14, 374]], [[28648, 58833], [126, 77], [18, -66], [-37, -61], [-17, -366], [-38, 43], [-12, -117], [-20, 7], [4, 101], [-38, 8]], [[24002, 68336], [-1, 0]], [[23900, 68336], [-33, 0]], [[23867, 68740], [135, -84]], [[24002, 68656], [0, -320]], [[24454, 61959], [0, 158]], [[24454, 62117], [42, 34], [1, 137], [21, 0], [21, -139], [43, -2], [-2, -376], [-126, 188]], [[25789, 60177], [63, -7], [79, -127], [-15, -147], [-66, -184], [-50, 63], [-25, 197], [14, 205]], [[23800, 54563], [-77, -174]], [[23723, 54389], [0, 228]], [[23723, 54617], [0, 350]], [[23723, 55185], [0, 161]], [[23723, 55346], [63, 0]], [[23786, 55346], [-3, -352], [39, -373], [61, -184], [-83, 126]], [[21722, 66943], [0, 455]], [[22004, 67399], [5, -455], [-287, -1]], [[23949, 66026], [129, 2]], [[24078, 65623], [-129, 1]], [[23949, 65624], [0, 402]], [[22314, 57227], [77, -51]], [[22391, 57176], [0, -101], [46, 0]], [[22437, 57075], [14, -407], [-161, 67], [-14, 245], [38, 247]], [[26768, 57649], [-115, -5], [-37, 187], [-21, -11], [13, 149], [96, 64], [32, -108], [32, -276]], [[27491, 60532], [-72, -127]], [[27419, 60405], [-25, 65], [55, 353], [123, -121], [-68, -234], [-13, 64]], [[26185, 61938], [0, 259]], [[26185, 62197], [0, 17], [116, -56], [-8, -112], [-108, -108]], [[25071, 59654], [27, 83], [81, -28], [-1, -315], [-99, 172], [-8, 88]], [[26105, 52996], [-194, -4], [-2, 230], [197, 9]], [[25114, 64743], [-32, -1], [-1, 610], [157, 3], [4, -608], [-96, -3], [0, -207], [-32, -2]], [[24401, 66532], [132, 2]], [[24533, 66534], [1, -407]], [[24534, 66127], [-130, 1]], [[22919, 61742], [11, 404], [139, -52], [10, -353], [-160, 1]], [[24242, 64157], [-128, -11]], [[24114, 64146], [0, 358]], [[24242, 64505], [0, -348]], [[17823, 68223], [-16, -190], [-62, -59], [-52, -255]], [[17693, 67719], [-79, -92], [-84, 257]], [[17530, 67884], [2, 400], [43, 21], [5, 78], [169, -5], [48, 138], [82, -224], [-6, -140], [22, -75], [-27, -38], [-29, 168], [-16, 16]], [[24762, 67796], [-167, -7]], [[24595, 67789], [0, 402]], [[24595, 68191], [-18, 67], [185, 30]], [[28588, 58935], [4, 288], [29, 26], [82, -370], [-66, -38], [-49, 94]], [[26712, 52574], [173, -43], [-11, -83], [22, -152], [-27, -90], [-72, 133], [-47, -55], [-38, 290]], [[7304, 89871], [309, 0]], [[7613, 89871], [0, 84], [668, 622], [409, 0], [0, 168], [285, 0]], [[8975, 90745], [141, 0]], [[9116, 90745], [20, -1426]], [[8991, 88413], [-623, -52], [-50, 67]], [[8318, 88428], [-108, -101], [-67, -201]], [[8143, 88126], [-220, -168]], [[7923, 87958], [-54, 101], [0, 101], [-100, 0], [0, 201], [-465, 0]], [[7304, 88361], [0, 1007]], [[7304, 89368], [0, 503]], [[26181, 63548], [-100, 1]], [[26081, 63549], [-1, 342], [100, 9], [1, -352]], [[26816, 51362], [147, -124]], [[26928, 50924], [-1, -197], [-20, -40], [-161, -28], [-44, 297]], [[26702, 50956], [79, 123], [35, 283]], [[31555, 38204], [-26, -57], [-5, 95], [31, -38]], [[31299, 38457], [20, 59], [-1, -253], [-16, 3], [-3, 191]], [[25042, 52044], [-53, -20]], [[24956, 52096], [-21, 273], [41, 68]], [[24976, 52437], [0, 129]], [[24976, 52566], [0, 24], [56, 0]], [[26628, 53992], [1, 307], [69, 6], [51, -320], [-121, 7]], [[23947, 54130], [-31, -87], [-74, 394], [112, -2], [26, -306]], [[26524, 58667], [-48, -96], [-33, 168], [55, 94], [37, 194], [59, -26], [14, -264], [-47, -111], [-37, 41]], [[30340, 68770], [12, -126], [-67, -499], [-29, -15], [-12, 177], [-67, -106], [42, -138], [-19, -171], [-57, -26], [-27, 1759], [21, 49], [35, -131], [14, 49], [18, -633]], [[23702, 62103], [-136, 16]], [[23566, 62119], [0, 310], [108, 110], [32, -75], [-4, -361]], [[26645, 57639], [-32, -215], [-32, -17], [-9, 135], [-37, 74], [110, 23]], [[24924, 54419], [113, 2]], [[25037, 54421], [-9, -493], [-83, -22], [-21, 513]], [[17410, 67884], [-68, 34], [-6, 290], [22, 77], [124, -1], [-33, -199], [-39, 1], [0, -24]], [[17410, 68062], [0, -178]], [[17898, 71517], [-381, 2]], [[17517, 71620], [0, 456]], [[17517, 72076], [0, 553]], [[17517, 72629], [0, 148]], [[17517, 72777], [58, 19], [109, -386], [11, -124]], [[17695, 72286], [-19, -55]], [[17676, 72231], [35, -79], [-36, -65], [123, -194], [100, -376]], [[28579, 58243], [38, 52], [-47, 172]], [[28570, 58467], [102, -16], [-8, -95], [23, -13], [25, 108], [63, -26], [46, -614], [-74, -156], [-18, 138], [-126, 259], [-24, 191]], [[24137, 67142], [0, -304]], [[24137, 66838], [-131, 0]], [[24006, 66838], [1, 355], [130, -51]], [[25271, 59905], [-92, 6]], [[25179, 59911], [-36, 327], [39, -47], [20, -51], [36, -42], [33, -193]], [[25426, 61020], [46, -162], [8, -144]], [[25480, 60714], [-56, -184], [-19, 77], [-16, -47], [-28, 176], [71, 175], [-6, 109]], [[22788, 67526], [132, 1]], [[22921, 67043], [-133, 100]], [[22788, 67143], [0, 383]], [[26809, 58567], [-88, -90], [-11, 206], [41, 339], [75, -276], [-17, -179]], [[26845, 59500], [-155, -216], [-23, 220], [178, -4]], [[25410, 57655], [-110, -12], [5, 492], [83, -2], [23, -142], [-1, -336]], [[27876, 56743], [-58, -293], [29, -320], [-72, 294], [-18, 349], [107, 47], [12, -77]], [[31505, 38014], [-8, -265], [-27, 53], [35, 212]], [[24752, 53000], [172, 1], [-31, -390], [-115, 54], [-26, 224], [0, 111]], [[24850, 60019], [10, 101]], [[24860, 60120], [54, -1], [23, -236], [-5, -344], [-125, 5], [-30, 338], [30, 139], [43, -2]], [[26628, 54194], [-98, 3]], [[26530, 54197], [-20, 142], [39, 162], [80, -5], [-1, -302]], [[23417, 70169], [258, -55], [20, -271], [26, -70], [-12, -104], [-81, -70], [-106, 50], [0, 101], [-102, -1], [-3, 420]], [[23043, 65078], [37, -149], [1, -290], [-156, 36], [1, 473], [117, -70]], [[23871, 69752], [0, -196]], [[23871, 69556], [-139, 169], [-39, 195], [178, -1], [0, -167]], [[22631, 67526], [-99, -1], [-2, 410], [100, -1]], [[22630, 67934], [1, -408]], [[26695, 59314], [-80, -118], [-74, 111], [-18, 188], [144, 9], [28, -190]], [[22712, 56476], [53, -89]], [[22765, 56387], [-1, -560]], [[22764, 55827], [-137, 0], [0, 531], [40, -38]], [[22363, 54252], [72, -439]], [[22435, 53813], [-96, -266], [-48, -21], [-3, 727], [75, -1]], [[25672, 66555], [-319, 7], [0, -68], [-32, -1]], [[25321, 66493], [-1, 269], [345, 0], [7, -207]], [[25237, 68794], [0, 102], [-172, 4]], [[25065, 68900], [0, 404]], [[25065, 69304], [136, -100], [0, -101], [136, -4], [0, -312], [-100, 7]], [[23540, 65207], [-95, 1]], [[23445, 65208], [-15, 417]], [[23430, 65625], [97, -2]], [[22211, 55273], [-144, 4], [-1, 469], [145, 41]], [[22801, 58793], [59, -31], [0, -19]], [[22860, 58743], [0, -253]], [[22860, 58490], [-148, 2], [-1, 492], [90, 17], [0, -6]], [[29005, 67330], [-24, -82], [26, -38], [-42, -203]], [[28965, 67007], [5, -200], [-66, -20]], [[28904, 66787], [-79, 346]], [[28825, 67133], [-45, -7], [19, 382], [78, -74], [118, 227], [10, -331]], [[20232, 62364], [50, 375], [73, -1], [-9, -340], [-114, -34]], [[23359, 57716], [0, -34], [-44, 0], [-2, -506], [-102, -1], [0, 102], [-59, 0], [1, 429], [22, 113], [156, 173]], [[27379, 62614], [99, 193], [-13, -178], [21, -104], [-48, -123], [-31, 22], [-28, 190]], [[27193, 62327], [79, 185], [7, -147], [31, -33], [-32, -134], [-66, 4], [-19, 125]], [[29983, 67984], [56, 26]], [[30039, 68010], [-18, 343], [25, -145], [24, 184], [67, 47], [17, -853], [-21, -79], [-141, 323], [-9, 154]], [[27321, 62829], [77, 166], [63, -175], [-75, -181], [-4, 97], [-29, -39], [-6, 143], [-26, -11]], [[90448, 38795], [32, 118], [26, -151], [-31, -106], [-27, 139]], [[90377, 39864], [25, 77], [27, -99], [-26, -106], [-26, 128]], [[90328, 40260], [28, 74], [23, -81], [-29, -100], [-22, 107]], [[90240, 40869], [30, 60], [16, -103], [-33, -69], [-13, 112]], [[90471, 37957], [32, 213], [33, -63], [-28, -213], [-37, 63]], [[90499, 37424], [15, 99], [33, -34], [-14, -159], [-34, 94]], [[90504, 37128], [24, 66], [24, -71], [-25, -133], [-23, 138]], [[90487, 36407], [25, 79], [21, -118], [-29, -68], [-17, 107]], [[90447, 36000], [32, 91], [30, -107], [-37, -100], [-25, 116]], [[90570, 35599], [26, 80], [17, -87], [-31, -87], [-12, 94]], [[23867, 68336], [-138, 52], [31, 351], [107, 1]], [[23867, 68740], [0, -404]], [[16529, 72103], [-36, -252], [-20, 6], [-3, 131], [-55, 63], [-9, 90], [30, 323]], [[16436, 72464], [60, 39]], [[16496, 72503], [37, 185], [-8, 134], [57, 43], [18, -112]], [[16600, 72753], [136, 179], [50, -152]], [[16786, 72780], [-72, -154]], [[28105, 65782], [-210, 1], [0, 626], [49, -117], [160, 97]], [[28104, 66389], [1, -607]], [[25125, 67681], [169, -2], [-5, -507]], [[25289, 67172], [-164, 3], [0, 102]], [[24468, 65722], [1, 406], [130, -1]], [[24599, 66127], [0, -305]], [[24599, 65822], [0, -101]], [[24599, 65721], [-131, 1]], [[22339, 60519], [153, 1]], [[22492, 60520], [-1, -101], [33, -1]], [[22524, 59970], [-182, 2], [-3, 547]], [[24286, 61147], [-2, -474]], [[24284, 60673], [-62, 2]], [[24222, 60675], [-45, 127], [2, 357], [107, -12]], [[26021, 53717], [104, 2]], [[26125, 53365], [0, -33], [-104, -105]], [[21838, 62452], [-2, -504]], [[21836, 61948], [-185, 0]], [[21651, 61948], [1, 505]], [[21652, 62453], [186, -1]], [[16545, 59796], [-154, -73], [-47, 301]], [[16344, 60024], [134, 158], [83, 275]], [[16561, 60457], [31, 1]], [[16592, 60458], [95, 418], [68, -108], [12, -115]], [[16767, 60653], [-81, -271], [-14, -215], [-55, -29], [0, -90], [-72, -252]], [[23566, 63505], [2, 403], [107, -2], [-1, -407], [-108, 6]], [[22151, 65482], [-161, -1], [-1, 386], [162, 16]], [[19279, 64618], [265, 4], [0, -393]], [[19410, 64421], [-95, -74], [-36, 58]], [[19279, 64405], [0, 213]], [[20592, 66487], [175, 5], [1, -1112], [-174, 4], [-2, 1103]], [[27368, 58113], [-16, -287], [-88, 12], [-36, 298]], [[27228, 58136], [140, -23]], [[20702, 56889], [-118, 0]], [[20584, 56889], [6, 1010]], [[20590, 57899], [325, 0]], [[20915, 57899], [-1, -508], [-59, 0], [-29, -202], [-124, -26], [0, -274]], [[19442, 70586], [-1, -102]], [[19441, 70484], [-52, 1], [-13, 202]], [[19376, 70687], [69, 1], [4, 618], [106, -1], [6, -201], [23, -1], [35, -348], [0, -169], [-40, 0]], [[28142, 58051], [-88, -97], [-61, 298], [126, 347], [53, -271], [-30, -277]], [[16105, 60147], [45, 7], [6, -227]], [[16156, 59927], [-76, 26]], [[16080, 59953], [-24, -105], [-126, 318], [-49, 228], [34, 134], [169, 5], [18, -118]], [[27507, 55021], [15, 138]], [[27522, 55159], [70, -47], [-10, 50], [30, 77]], [[27612, 55239], [-23, 109], [68, -235], [122, 453], [58, -83], [-12, -202], [-51, -37], [-132, -428], [-71, -94]], [[16699, 70751], [70, -113], [20, -174], [-51, -110], [-124, -8], [-83, -104], [-2, 921], [108, 102], [61, -229]], [[24194, 63862], [2, -360]], [[24056, 63502], [-3, 0], [1, 355], [140, 5]], [[26905, 65241], [-48, 63], [17, 129]], [[26874, 65433], [106, 2], [1, -483], [-139, 6], [-1, 164], [-30, -1], [94, 120]], [[25538, 64030], [-2, -707]], [[25423, 63319], [1, 705], [114, 6]], [[24776, 61958], [-22, -372], [-18, 130], [-92, -39], [1, 201], [54, 55], [59, 236], [58, -98], [-40, -113]], [[25209, 65962], [-65, -2]], [[25144, 65960], [0, 399]], [[25144, 66359], [65, -2]], [[16084, 63868], [37, -52], [-28, -206], [-40, -34], [-47, -228], [-81, -24], [-1, -100], [-249, 4], [-9, 501], [-25, 63], [150, 125], [286, 60]], [[25125, 67277], [-2, -508], [-229, 11], [8, 441], [223, 56]], [[22024, 55277], [-1, -508]], [[22023, 54769], [-143, 3]], [[21881, 55281], [143, -4]], [[23919, 53829], [0, -204], [28, -1], [0, -201], [-42, -1], [-56, -230], [-27, 164], [13, 76], [-30, 112]], [[23805, 53544], [10, 50]], [[23815, 53594], [-34, 86], [11, 136], [-24, 164], [122, 1], [0, -152]], [[24850, 63311], [19, -407], [-104, -3], [-20, 271], [-63, 43], [4, 95], [164, 1]], [[26627, 54449], [32, 179], [58, -259], [-16, -88], [-72, 18], [-2, 150]], [[28457, 58744], [-43, -7], [-36, 152], [27, 43], [-19, 119], [165, 42], [-1, -203], [29, -105], [-81, -192], [-8, 99], [-31, -48]], [[27613, 57814], [-50, 79], [-70, -32], [58, 371], [52, -48], [16, -104]], [[26264, 58158], [-27, -35], [-37, 96], [68, 328], [29, 60], [5, 0], [19, -114], [-23, -203], [-22, -3], [-12, -129]], [[28322, 58129], [-78, -53], [-4, 252], [37, 75], [52, -153], [-7, -121]], [[26644, 60064], [7, 177], [36, 104], [65, -287], [-81, -222], [-27, 228]], [[28726, 61205], [124, 265], [25, -232], [-33, -48], [4, -117], [-164, -70], [8, 199]], [[28690, 61202], [36, 3]], [[25114, 64743], [0, -208]], [[25114, 64535], [-118, -5], [7, 60], [-54, 1]], [[24949, 64591], [0, 203]], [[24949, 64794], [165, -51]], [[25440, 59926], [-78, -108], [-23, 133], [8, 21], [-6, 100], [11, 71], [42, 32], [46, -249]], [[22033, 53673], [113, -3], [29, -99], [-1, -471]], [[22174, 53100], [-142, 1]], [[21834, 53810], [1, 452], [163, -5], [0, -453], [-164, 6]], [[26200, 59332], [8, -354], [-105, 183], [14, 228], [49, 49], [34, -106]], [[26668, 67722], [0, 71]], [[26668, 67793], [-69, 118], [148, 393], [260, -12], [29, -538], [-368, -32]], [[26551, 68699], [434, 5]], [[26985, 68704], [22, -412], [-455, 4]], [[26552, 68296], [-1, 403]], [[26759, 53488], [42, 426], [42, 34], [1, -169], [58, 2], [-1, -359], [-142, 66]], [[26940, 52956], [-59, 302], [20, 60], [1, 226], [37, 0], [79, -346], [22, -187], [-79, 4], [-2, -254], [76, -13], [-18, -250], [-57, 15]], [[21772, 70864], [7, -108], [-148, -316], [-122, 47], [-29, 779]], [[21480, 71266], [105, 1], [0, -101], [117, -1]], [[24828, 51572], [49, -717]], [[24877, 50855], [-53, -71], [25, 241], [-6, 151], [-48, 140], [7, 310], [-29, 120], [3, 281], [43, 1], [-9, -286], [37, -25], [-19, -145]], [[24956, 52096], [33, -72]], [[24989, 52024], [-184, 33], [-24, 200], [-4, 406], [122, -75], [57, -492]], [[24006, 66431], [7, -404]], [[24013, 66027], [-129, 0], [-10, 389], [132, 15]], [[24120, 51881], [0, -594]], [[24120, 51287], [-169, 232], [-136, -42], [-28, -109], [-32, 224], [57, 306], [308, -17]], [[26634, 62737], [-62, -180], [-54, 36]], [[26526, 62958], [104, -26], [4, -195]], [[24348, 72993], [1, -1637]], [[24349, 71356], [-63, -105], [-27, 51], [-26, -114], [-25, 19], [0, 113]], [[23996, 71323], [-7, 2163], [126, -99], [-15, -115], [65, -35], [24, -224], [28, 32], [-6, 110], [40, 27], [97, -189]], [[27111, 64941], [-55, -88], [-27, -158], [-46, 3], [-3, 737], [105, 206]], [[31446, 38506], [-19, -216], [8, 229], [11, -13]], [[23819, 65625], [-130, -1]], [[23689, 66027], [65, 0]], [[23819, 66027], [0, -402]], [[23500, 53169], [78, -96], [-26, -60], [33, -606], [-91, 5], [10, 54], [-56, 44], [5, 90], [-29, 5], [-23, 190]], [[22895, 66668], [90, -122], [17, -135], [-25, -18], [-1, -303], [-82, 1], [1, 577]], [[28599, 62929], [-10, 206]], [[28589, 63135], [93, 0], [55, -276], [-70, -267], [-27, 239], [-41, 98]], [[27174, 56270], [-101, -328], [-29, 75]], [[27033, 56403], [73, 54]], [[27106, 56457], [16, -127], [52, -60]], [[28708, 60602], [-26, 401], [298, 164], [-98, -434], [-22, -237]], [[25394, 67982], [-101, 54]], [[25293, 68392], [101, -4]], [[26556, 60036], [82, -165], [-84, -262], [-61, 309], [63, 118]], [[26287, 66679], [-132, -1], [-1, 406]], [[26287, 67084], [0, -405]], [[28281, 56780], [-62, -542], [-25, 680], [46, 20]], [[25141, 59286], [-3, -242], [-145, 14], [38, 337], [148, -38], [-1, -70]], [[25375, 59678], [16, -290], [-121, 5], [0, 289]], [[28006, 61458], [126, -171], [-80, -428], [-48, -44], [-47, 375], [26, 194], [23, 74]], [[28064, 61160], [-13, 45], [-5, -58], [18, 13]], [[25798, 59568], [-55, -340], [-54, 6], [-47, 235], [10, 88], [146, 11]], [[28181, 62604], [57, -153]], [[28238, 62451], [-37, -138], [-53, 26], [33, 265]], [[17162, 70431], [-3, 395], [-35, 154]], [[17124, 70980], [-35, 4], [4, 174], [28, 77], [79, 11], [59, -181], [7, -155], [-53, -32], [0, -304], [-17, 0], [0, -144], [-34, 1]], [[26529, 60648], [51, -287], [-62, -94], [-39, 85], [-16, 214], [66, 82]], [[24861, 71933], [-195, 22]], [[24666, 71955], [-39, -77]], [[24627, 71878], [-63, 257], [-3, 841]], [[24561, 72976], [53, 64], [25, -178], [171, 26], [68, -146], [115, 31], [-132, -840]], [[26730, 57506], [97, 207], [-1, -366], [21, -101], [-48, -212], [-99, 264], [30, 208]], [[24600, 52238], [-95, -1], [10, 196], [-33, 84], [15, 132], [115, 24], [-38, -171], [4, -204], [22, -60]], [[24645, 54423], [-1, -510], [-143, 97], [48, 171], [-21, 72], [65, 2], [52, 168]], [[28620, 61491], [38, 24]], [[28658, 61515], [33, -291], [-9, -219], [-103, 303], [-74, 26]], [[28504, 61580], [28, 146], [88, -235]], [[26155, 66678], [-132, -2], [-2, 610], [133, 2], [1, -610]], [[28274, 58406], [86, 210], [59, -109], [26, -217], [-74, -262], [-97, 378]], [[19767, 69270], [-432, 3]], [[19335, 69465], [31, 0]], [[19522, 69953], [96, 59]], [[19613, 69912], [43, -103]], [[19656, 69809], [-15, -286], [168, 3], [-42, -256]], [[22894, 65889], [0, -404]], [[22894, 65485], [-65, 0]], [[22829, 65485], [-32, 0]], [[22797, 65485], [0, 404]], [[22797, 65889], [97, 0]], [[26956, 54122], [107, -161], [-23, -63]], [[27040, 53898], [0, -351]], [[27040, 53547], [-117, 308], [9, 118], [24, 7]], [[24081, 65213], [-159, -2], [-6, 413], [162, -1]], [[24078, 65623], [3, -410]], [[25143, 53957], [131, 81], [7, -533], [-138, -2]], [[21920, 56295], [0, 556]], [[21920, 56851], [145, -3], [-15, -553]], [[28286, 59850], [55, -37]], [[28341, 59813], [-8, -165], [16, -15]], [[28349, 59633], [-20, -44], [57, -146], [-131, 1], [31, 195]], [[28314, 59639], [9, -47], [4, 52], [-13, -5]], [[27061, 49101], [-14, 702], [14, 74], [111, 39]], [[27250, 49526], [-22, 50], [69, -272], [21, -202], [-257, -1]], [[22355, 55753], [149, 31], [-2, -516], [-146, 5], [-1, 480]], [[26047, 54938], [0, -84]], [[26047, 54854], [-53, -119], [2, 303], [-35, 1], [-1, 389], [116, 20]], [[26076, 55448], [0, -440]], [[26076, 55008], [-29, -36], [0, -34]], [[30035, 66875], [-7, 118], [43, 272]], [[30120, 67041], [70, 47], [68, -239], [-33, 46], [-11, -95], [-121, -77], [-4, -83], [-68, 102]], [[20382, 60438], [-187, 4], [5, 501], [30, -1]], [[20230, 60942], [0, -101]], [[20230, 60841], [152, 1]], [[20382, 60842], [0, -404]], [[23039, 66435], [-37, 169], [26, 236]], [[28367, 66453], [15, 215]], [[28382, 66668], [102, 4], [16, -350], [-71, 36], [0, 96], [-62, -1]], [[15815, 72499], [375, -23], [-5, -186], [-99, -268], [35, -101], [10, -165], [-38, -63], [-94, 103], [-44, -41], [-167, 227], [27, 517]], [[16219, 68264], [1, -202], [66, -4], [0, -100], [103, 1], [34, -201]], [[16423, 67758], [100, -1], [0, -101], [-586, 5], [7, 281], [58, 284], [-21, 338], [205, -2], [1, -255], [32, -43]], [[23413, 64806], [-213, 35], [-2, 127], [16, -2], [-24, 57], [10, 124], [-28, 46], [241, 15], [0, -6]], [[24222, 60042], [-121, 8]], [[24101, 60050], [0, 482]], [[24101, 60532], [121, -10]], [[18926, 73916], [-2, -904], [-37, 0]], [[18887, 73012], [-72, 0], [0, 151]], [[18815, 73163], [-142, 138], [-5, 616], [258, -1]], [[28718, 65782], [-126, 1]], [[28598, 66111], [80, 17], [-12, 128], [45, 4]], [[22807, 52305], [103, 179], [89, -303], [-105, -307], [-17, 264], [-70, 167]], [[26423, 56449], [-1, -373]], [[26422, 56076], [-29, -7], [-1, -105], [-42, -57], [-67, 11], [110, 365], [22, 177], [-12, 152], [44, 90], [2, -95], [43, -63], [-69, -95]], [[23328, 54311], [132, 11], [6, -517], [28, -194], [-39, -117], [-46, 183], [-25, -7], [-52, 309], [-4, 332]], [[24261, 62371], [2, 204]], [[24263, 62575], [-59, 8], [1, 118], [243, -34], [8, -205], [-61, 7], [-1, -104], [-133, 6]], [[27507, 55021], [11, -225], [53, -74]], [[27571, 54722], [-23, -99]], [[27548, 54623], [-101, 319]], [[27447, 54942], [-43, 29], [-72, 383]], [[27332, 55354], [52, 41]], [[27384, 55395], [29, 139], [112, -161], [-18, -352]], [[25255, 66763], [-132, 6], [2, 406], [131, -2]], [[24624, 59120], [172, -76], [-55, -275], [-130, 4], [30, 210], [-18, 1], [1, 136]], [[21801, 57355], [147, -1]], [[21948, 57354], [0, -504]], [[21948, 56850], [-148, -1]], [[21800, 56849], [1, 506]], [[24278, 70615], [5, -601]], [[24283, 70014], [-34, 0], [0, 99]], [[24249, 70113], [-104, 4], [-1, -101], [-99, 3]], [[24045, 70019], [48, 287], [101, 145], [16, 164]], [[20277, 56788], [-13, 709]], [[20351, 57497], [-26, 197], [266, 3], [-7, -909]], [[20584, 56788], [-170, 0]], [[20414, 56788], [-137, 0]], [[15556, 71353], [3, -474]], [[15559, 70879], [-102, 1]], [[15457, 70880], [-1, -140]], [[15456, 70740], [-40, -35], [-42, 75], [-38, -44], [-4, 619], [224, -2]], [[28281, 56780], [-41, 158]], [[28240, 56938], [-62, -68], [-59, 80], [22, 76], [-26, 85], [47, 218], [118, -6], [54, -373], [-53, -170]], [[22728, 54532], [-92, -99], [-34, 378], [126, -4], [0, -275]], [[21739, 68303], [8, 673]], [[21747, 68976], [140, -8], [-1, -182], [34, -58], [-16, -91], [46, 2], [14, -125], [130, -125], [-355, -86]], [[16579, 62901], [-5, -320], [-81, -92], [2, 3289], [188, -2], [-5, -2319], [32, 1], [15, -370], [-146, -187]], [[25076, 60018], [70, 216], [32, -315], [-73, -45], [-29, 144]], [[22355, 56293], [148, 2]], [[22503, 56295], [1, -511], [-149, 10]], [[22355, 56293], [0, -499]], [[22355, 55794], [0, -9]], [[22211, 55787], [-1, 506]], [[23650, 53663], [-26, 96], [86, -39], [29, -59], [-17, -526], [-82, 144], [10, 384]], [[16574, 62588], [5, 313], [116, 125], [-55, -337], [-66, -101]], [[26468, 54345], [-68, 9]], [[26400, 54354], [13, 305], [36, -65], [19, -249]], [[26419, 54614], [-3, 9], [0, -9]], [[23204, 53107], [68, -11], [13, -198], [-156, -100], [-18, 170], [93, 139]], [[16238, 60830], [-72, -38], [-82, -260], [-23, 71], [-8, 669], [30, 162], [125, 49], [28, -259]], [[25179, 55237], [-141, 7]], [[25038, 55244], [1, 206], [52, 103], [6, 103], [82, 0]], [[26162, 61551], [-17, 118], [75, 159], [58, -277], [-116, 0]], [[26328, 60817], [-94, -56], [-1, 247], [65, 91], [7, -136], [23, 2], [0, -148]], [[22539, 65685], [0, -202], [-129, -1]], [[22410, 65482], [-1, 384], [130, 21], [0, -202]], [[26789, 61978], [-55, -449], [-29, -25], [-69, 130], [-15, 278], [34, 38], [61, -122], [73, 150]], [[23107, 70153], [-3, 406], [138, -2]], [[24747, 55335], [-81, -102], [-21, 397], [78, 76], [22, -106], [10, 81], [2, -200], [-29, -46], [19, -100]], [[25545, 53963], [-34, -363], [13, -95]], [[25524, 53505], [-103, -282], [11, 349], [-48, 126], [-24, 200], [30, 176], [-18, 28], [126, 49], [0, -134], [47, -54]], [[22944, 61234], [6, 508]], [[22950, 61742], [129, -1], [-1, -507], [-134, 0]], [[25491, 59551], [-105, 47], [-24, 220], [138, 115], [-9, -382]], [[26105, 52996], [1, 235]], [[26106, 53231], [-63, -3], [82, 137]], [[26217, 53358], [-6, -142], [29, -216], [-135, -4]], [[22400, 67526], [-4, 507]], [[22396, 68033], [133, 2], [3, -510], [-132, 1]], [[3622, 79779], [23, 6], [-17, 84], [18, 110], [103, 29], [31, 125], [63, -7], [55, -144], [-25, -84], [144, 160], [35, -58], [-61, -229], [-103, -63], [-82, -16], [-29, 82], [-82, -141], [-73, 51], [0, 95]], [[4444, 81394], [27, 117], [41, -130], [-35, -90], [-33, 103]], [[4570, 80673], [26, 54], [25, -62], [-29, -60], [-22, 68]], [[5663, 83153], [0, -222]], [[5663, 82931], [-44, 0], [0, -100], [-149, -101]], [[5470, 82730], [0, -101], [-87, 0], [0, -202], [26, 0], [-17, -504], [85, 0], [0, -289]], [[5477, 81634], [32, 0], [-25, -123], [-115, -29], [-29, -125], [70, -88], [18, -118], [90, 108], [1, -223], [50, -29], [-5, -117], [38, -79], [-31, -127], [-139, 229], [-26, -126], [-38, 23], [-85, -142], [-23, 144], [27, 107], [-11, 118], [43, 133], [-20, 113], [-88, -362], [-25, 86], [-81, -4], [-3, 378], [-92, -142], [63, -41], [-65, -81], [-7, -108], [-41, -39], [10, -108], [-80, -17], [-13, -74], [39, -95], [-4, -74], [-129, -53], [2, -85], [-54, 11], [-34, -155], [-32, 39], [5, 146], [-26, 96], [20, 50], [-33, 40], [6, 95], [-18, 29], [-137, -120], [47, -141], [-16, -114], [-306, -64], [-81, -217], [-127, -6], [-46, 247], [70, 134], [73, 322], [62, -19], [322, 325], [358, 814], [180, 157], [175, 14], [40, 255], [59, 156], [371, 595]], [[5023, 81077], [23, 57], [29, -52], [-25, -69], [-27, 64]], [[5380, 80676], [51, 93], [87, -130], [-37, -96], [-101, 133]], [[4516, 80178], [43, 196], [141, -113], [32, -101], [-129, -153], [-87, 171]], [[22419, 63866], [0, -404]], [[22419, 63462], [-126, -1]], [[22292, 63867], [127, -1]], [[28745, 62576], [-59, -286], [-37, 156], [59, 293], [104, -3], [3, -153], [-70, -7]], [[23563, 60755], [0, -23]], [[23563, 60732], [0, -336]], [[23563, 60396], [0, -30]], [[23563, 60366], [-128, 1]], [[23435, 60367], [-3, 389]], [[23432, 60756], [131, -1]], [[23388, 69447], [-1, -303], [-65, -1], [-1, -163], [-153, 466], [220, 1]], [[20935, 68272], [464, -1]], [[21422, 68612], [85, 90]], [[21507, 68702], [-5, -934], [-222, -21], [36, 193], [-381, -2]], [[27332, 55354], [71, -374], [-21, -96], [-23, 121], [-84, -203], [-37, 91], [1, 120], [93, 341]], [[18679, 68074], [0, 101]], [[18679, 68175], [83, 151]], [[18762, 68326], [18, 249], [49, -1], [0, 174]], [[18829, 68748], [43, -11], [-15, 119], [37, 129], [93, -326], [1, -570], [-142, -93], [-167, 78]], [[27137, 54338], [97, 103], [47, -384], [35, -63], [-4, -167], [-175, 511]], [[28218, 60140], [75, 146], [51, -54], [14, -268], [-53, -115], [-84, 110]], [[27595, 48656], [-150, -67]], [[27445, 48589], [-1, 410], [116, -2], [35, -341]], [[28335, 66880], [-131, 112], [13, 109]], [[28191, 67100], [1, 579]], [[28192, 67679], [169, 1]], [[28366, 66986], [-32, 0]], [[28334, 66986], [1, -106]], [[22920, 67527], [95, -12], [18, -133], [-18, -123], [30, -57], [6, -159]], [[22954, 67043], [-33, 0]], [[22921, 67043], [-1, 484]], [[24592, 69104], [-203, -1]], [[24389, 69103], [-4, 409], [34, -2], [1, 100]], [[24591, 69610], [1, -506]], [[23312, 61179], [-2, -355]], [[23189, 60826], [0, 355]], [[25375, 59678], [-105, 4]], [[25270, 59682], [1, 292], [49, 55], [55, -351]], [[26806, 53213], [84, -1], [50, -256]], [[26940, 52956], [20, -443]], [[26960, 52513], [-46, 11], [-2, 133], [-106, 190]], [[26793, 52824], [-33, -262], [-88, 89], [1, 136], [29, 42], [-37, 207], [83, -7], [0, -88], [38, -3], [7, -114]], [[6186, 41680], [41, -34], [-9, -116], [-31, 59], [-1, 91]], [[5188, 42142], [19, 62], [14, -83], [-18, -47], [-15, 68]], [[5270, 42369], [50, 264], [36, -103], [-50, -298], [-25, 12], [-11, 125]], [[5564, 42743], [-16, -310], [-39, -106], [-51, 34], [-61, 209], [28, 201], [96, 106], [43, -134]], [[26875, 66339], [-100, -36]], [[26769, 66816], [102, 11]], [[26871, 66827], [4, -488]], [[26664, 53984], [-5, -295], [-46, -33], [-37, 67], [-1, 210], [89, 51]], [[25421, 62123], [-116, 2]], [[25305, 62125], [0, 68]], [[25305, 62193], [0, 303]], [[25305, 62496], [115, 4]], [[25420, 62500], [1, -377]], [[22812, 52711], [15, 160]], [[22827, 52871], [120, 256], [60, -415], [-151, -344], [-44, 343]], [[25609, 60993], [70, 279], [0, 99]], [[25679, 61371], [63, 2], [6, -240], [-74, -108], [-19, -143], [-46, 111]], [[25918, 60379], [31, 116], [109, -32], [-8, -279], [-103, -17], [-29, 212]], [[26284, 60610], [54, 107], [56, -172], [-14, -191], [-61, -105]], [[19715, 72729], [-125, -62], [-2, -219], [-29, 80], [-151, -75], [13, 1466], [349, 0]], [[28710, 60020], [-17, -247], [-26, -8], [-12, 168], [55, 87]], [[20943, 54161], [54, -130], [10, -137], [80, -168], [13, -228], [126, -61], [-160, -709], [-144, 393]], [[27374, 60106], [116, 97], [-22, -89], [13, -170], [-54, -112], [-53, 274]], [[27480, 57890], [76, -15], [-12, -443], [-133, 6], [-11, 212]], [[21201, 72378], [0, -401], [-263, 1], [0, 78]], [[20938, 72056], [0, 696]], [[20938, 72752], [61, -20], [63, 181]], [[21062, 72913], [31, -149], [106, 163], [97, -20], [57, -152], [-27, -115], [2, -262]], [[25744, 52995], [110, -3]], [[25854, 52992], [-3, -892]], [[25851, 52100], [-112, 10]], [[15834, 61000], [30, 23], [85, -216], [112, 114], [0, -318], [24, -70], [-162, -27], [-89, 494]], [[24588, 62761], [90, -5], [11, -458], [34, -39], [-16, -75], [-43, 27], [-18, 379], [-58, 171]], [[25946, 65128], [113, 1]], [[26059, 65129], [-8, -454], [-109, 45], [4, 408]], [[25179, 55237], [0, 419]], [[25179, 55656], [142, 2], [-12, -417], [-130, -4]], [[24559, 58060], [-1, -411], [-54, 4], [-36, -107], [1, 162], [-32, 9], [28, 158], [-17, 202], [52, 89]], [[24500, 58166], [0, -103], [59, -3]], [[28994, 63298], [66, -294], [-30, -109], [-124, 313], [88, 90]], [[29901, 67079], [53, 44], [7, -114]], [[29961, 67009], [52, -12], [22, -122]], [[30035, 66875], [-21, -10], [7, -123]], [[30021, 66742], [50, -96], [-190, -35], [-37, 270], [7, 277], [35, 28], [15, -107]], [[19220, 72079], [24, -168], [103, -101], [0, -336], [-22, -101]], [[19325, 71373], [25, -134], [-227, 44], [-25, 81], [1, 342]], [[19099, 71706], [-35, 0]], [[19064, 71706], [-4, 246], [41, 127], [119, 0]], [[26961, 58895], [17, 49], [37, 49], [20, -9], [47, -308], [-12, 1], [-7, -38], [-28, -35], [-13, 224], [-61, 67]], [[18314, 72292], [93, -14], [20, -116]], [[18427, 72162], [0, -359], [74, -3], [0, -401], [72, 3], [0, -157], [60, -50]], [[18633, 71195], [2, -277], [-68, -177], [-134, 1]], [[18433, 70742], [0, 545]], [[18433, 71287], [-70, 83], [-4, 433]], [[15622, 68966], [-159, -20], [-6, 413], [183, -2], [7, -147], [-38, -105], [24, -53], [-11, -86]], [[16082, 69570], [11, 510]], [[16093, 70080], [63, -30]], [[16165, 69975], [74, 40]], [[16291, 69367], [63, 0], [12, -242], [25, -62], [-385, 9], [11, 89], [-25, 122], [42, 90], [-26, 135], [74, 62]], [[21507, 69819], [0, -504]], [[21240, 69316], [5, 1052], [262, 0]], [[23604, 64504], [0, -382]], [[23604, 64122], [-124, 5]], [[25276, 53810], [105, 2]], [[25381, 53812], [3, -114], [48, -125], [-11, -136], [16, -19], [-28, -119], [13, -111], [-137, -56], [-9, 678]], [[26456, 65118], [0, -304]], [[26456, 64814], [-32, 0], [-32, 102], [-96, -1]], [[26296, 64915], [0, 21]], [[26296, 65116], [160, 2]], [[27512, 61445], [48, -256], [85, 20], [-91, -427], [-46, -15], [-59, 56], [-40, 159], [16, -4]], [[27425, 60978], [-14, 230]], [[27411, 61208], [-26, 21], [50, -3]], [[25212, 62095], [-1, -409]], [[25087, 61685], [2, 407]], [[25089, 62092], [123, 3]], [[26922, 60208], [83, 87], [33, -264], [-95, -32]], [[28126, 60317], [13, 172], [80, 36], [6, -131], [63, -125], [-41, -73]], [[26370, 53748], [-113, -30], [10, 355], [86, -5], [17, -320]], [[19772, 54762], [85, 1], [0, 101]], [[19857, 54864], [174, 1], [1, -955], [-254, 0], [-6, 852]], [[22853, 49011], [-188, -12]], [[22665, 48999], [-28, 90]], [[22639, 49379], [38, 128], [-2, -71], [47, -80], [103, 18], [18, -70], [30, 159], [31, -179], [-51, -273]], [[20649, 68313], [286, 4]], [[20935, 68317], [0, -45]], [[20935, 68272], [0, -334]], [[20935, 67938], [0, -407]], [[20935, 67531], [-286, -6], [0, 788]], [[31460, 38419], [36, 81], [-35, -150], [-1, 69]], [[24630, 64701], [96, -5], [-1, -508], [-96, 10]], [[25865, 57501], [11, -388], [-32, -70], [-43, 119], [-58, -36]], [[25743, 57126], [1, 512]], [[25744, 57638], [132, -1]], [[25876, 57637], [15, -71], [-26, -65]], [[25926, 59140], [33, -375], [-87, 28], [-59, 143], [-16, 152], [12, 93], [52, 45], [65, -86]], [[23534, 55212], [-120, -2], [0, 129], [48, 74], [72, -201]], [[22596, 56492], [-14, 330]], [[22743, 56822], [0, -203]], [[22743, 56619], [0, -51]], [[22743, 56568], [0, -199]], [[22743, 56369], [-31, 107]], [[22712, 56476], [-45, -156]], [[22667, 56320], [-37, 29], [6, 125]], [[22636, 56474], [-40, 18]], [[27293, 62655], [91, 76], [24, -319], [-55, -105], [-68, 30], [-22, 137], [30, 181]], [[23349, 64507], [127, -1]], [[23476, 64506], [4, -379]], [[23480, 64127], [-128, 7]], [[23406, 62784], [-2, -436], [-114, 24], [2, 412], [6, 0]], [[23298, 62784], [108, 0]], [[24405, 51092], [-78, 3], [-47, 150], [25, 676]], [[24305, 51921], [37, -33]], [[24342, 51888], [33, 90], [28, -103], [105, 7], [-9, -78], [-103, -31], [-86, -319], [59, -11]], [[5116, 90204], [-38, -131], [0, -403], [-15, 0], [0, -403]], [[5063, 89267], [37, 0], [0, -302], [106, 0]], [[5206, 88965], [27, -102]], [[5233, 88863], [70, -31], [-477, -408]], [[4826, 88424], [-169, 88], [-185, -124], [-70, 42], [-45, -170], [-114, 38], [3, -150], [19, -24], [-80, -82], [13, -150]], [[4198, 87892], [-104, -95], [-75, 48], [-127, -76], [-14, 72], [16, 87], [-116, 5], [-173, 634], [15, 226], [33, 87], [5, 233], [180, 369], [31, 215], [34, 45], [-9, 111], [73, 59], [-14, 79], [33, 86], [5, 174], [112, 231], [102, 75], [132, -77], [112, -182], [162, 256]], [[28436, 57165], [-102, -215], [-25, 89], [-29, 284], [0, 291], [110, -46], [28, -111], [18, -292]], [[23800, 67931], [33, 0]], [[23833, 67931], [0, -405]], [[23833, 67526], [-167, 1]], [[26724, 59130], [-111, -226], [-19, 97], [18, 209], [108, 59], [4, -139]], [[23040, 53924], [123, 252], [19, -261], [57, -120], [-2, -77], [-125, -239]], [[28283, 64314], [85, 129], [2, -169], [19, -9], [-132, -378], [-43, 35], [69, 392]], [[25879, 54121], [32, -4], [-2, -607]], [[25851, 53612], [-27, -3], [26, 611]], [[27009, 59502], [36, 50], [-5, 46], [8, -31], [-12, -66], [-27, 1]], [[27042, 59560], [0, 6]], [[27042, 59566], [1, -4], [-1, -2]], [[22022, 54257], [122, 0], [-3, -588], [-142, 10], [-1, 578], [24, 0]], [[21349, 51898], [0, 268], [62, 1], [0, 366]], [[21411, 52533], [57, -2], [1, 68], [135, -41]], [[21602, 52235], [-28, -62], [0, -2]], [[21574, 51583], [-99, 12], [-126, 303]], [[21858, 63461], [0, -504]], [[21677, 62957], [-7, 0]], [[21670, 62957], [1, 505]], [[21671, 63462], [187, -1]], [[21863, 62452], [-187, 2]], [[21676, 62454], [1, 503]], [[21677, 62957], [181, 0]], [[21858, 62957], [5, 0]], [[26956, 54122], [0, -142]], [[26956, 53980], [0, -7], [-24, 0], [-11, -192], [-77, -2], [0, 168], [112, 175]], [[23348, 66436], [-131, -1]], [[23217, 66435], [0, 405]], [[23348, 66841], [0, -405]], [[24408, 58264], [0, -102]], [[24408, 58162], [66, -4], [-26, -82], [19, -123], [-15, -185], [-44, -14], [-7, -82], [-143, 53], [3, 344], [72, -5], [16, 205], [59, -5]], [[24723, 56266], [75, -2], [-36, -109], [58, -63], [-20, -381], [-41, 48], [10, -72], [-22, -86], [-25, 33], [1, 632]], [[24120, 61925], [-123, 15], [3, 325], [32, 107], [24, -97], [97, -69]], [[25490, 70110], [-121, 101], [17, 74], [-13, 434]], [[25373, 70719], [140, 0]], [[25513, 70719], [-1, -404]], [[25512, 70315], [-22, 0], [0, -205]], [[25538, 65168], [-1, -200]], [[25537, 64968], [-135, -7], [0, -101], [-64, -5]], [[25338, 64855], [-5, 608]], [[25333, 65463], [64, 5], [1, -101]], [[25398, 65367], [65, -97], [1, -103], [74, 1]], [[21217, 57861], [243, 0]], [[21460, 57861], [0, -507]], [[21460, 57354], [0, -1], [-243, 3], [0, 239]], [[23052, 68740], [0, -403]], [[23052, 68337], [-189, -1]], [[22863, 68336], [1, 403]], [[22864, 68739], [188, 1]], [[23676, 62825], [0, -288], [-110, -108], [2, 398]], [[24723, 56469], [-58, 2]], [[24665, 56471], [0, 153]], [[24665, 56624], [-84, 7], [41, 29], [-34, 102], [51, 43], [-1, 108]], [[24638, 56913], [27, -61]], [[24665, 56852], [18, 198], [55, -73], [-15, -508]], [[25769, 63369], [0, 298]], [[25769, 63667], [126, 2]], [[25895, 63669], [1, -296], [-127, -4]], [[24584, 64706], [-3, -172], [-47, -264], [-77, 130], [10, 307]], [[24630, 65314], [-32, 1], [1, 203]], [[24599, 65518], [162, -50]], [[24761, 65468], [-8, -164], [-123, -156]], [[22796, 62652], [0, -202]], [[22641, 62248], [0, 405]], [[22641, 62653], [155, -1]], [[26897, 52309], [-14, 221], [66, -14], [1, -557], [-55, -325], [-41, 124], [1, 470], [42, 81]], [[26012, 52756], [-6, -102]], [[26006, 52654], [-54, 2], [1, 335]], [[25953, 52991], [149, 4], [-33, -294]], [[25042, 52044], [-10, 546]], [[25032, 52590], [127, 34]], [[25159, 52624], [25, -555], [-26, -70], [-116, 45]], [[31362, 38265], [-11, -190], [-49, 99], [0, 92], [60, -1]], [[26325, 57941], [-21, -307], [-56, -1], [-7, 68], [-7, 120], [41, 243], [50, -123]], [[23998, 70920], [-2, 403]], [[23996, 71323], [212, -3]], [[24208, 71320], [2, -403]], [[23723, 55185], [0, -218]], [[23723, 54967], [-59, 68], [-70, -68], [-55, 116], [-1, 100], [185, 2]], [[29129, 66512], [-5, 236]], [[29124, 66748], [109, -40], [-14, -53], [40, -38], [-32, -411], [-46, -10], [-75, 189], [23, 127]], [[22920, 59197], [-30, 0], [0, 202]], [[22890, 59399], [27, -59], [51, 124]], [[22968, 59464], [12, -145], [51, -52], [-10, -101], [29, 31]], [[23050, 59197], [60, -149], [-160, -53], [-30, 202]], [[28718, 65782], [-7, 478]], [[28711, 66260], [74, 7], [8, -200]], [[28909, 66010], [17, -227], [-208, -1]], [[23569, 51967], [42, 1], [1, -260], [-150, -6], [-52, 536], [121, 168]], [[27117, 62667], [37, -57], [-4, -89], [-148, 13], [-4, 312], [65, 91], [-2, -106], [59, -11]], [[27388, 63644], [5, 306]], [[27393, 63950], [-21, 53], [21, 153], [66, -75], [7, -253], [-28, -186], [-50, 2]], [[27582, 61745], [-26, 197]], [[27556, 61942], [42, 59], [12, 234]], [[27610, 62235], [52, 31]], [[27662, 62266], [21, 168], [10, -94], [122, -92], [-48, -77], [-21, -266], [-55, 62], [-19, -192], [-107, -189], [17, 159]], [[27514, 63041], [137, -218], [-42, -77], [-113, 97], [18, 198]], [[29009, 62958], [58, -224], [-17, -230]], [[29050, 62504], [-71, -142]], [[28979, 62362], [-77, 347]], [[16138, 62337], [4, 277]], [[16142, 62614], [153, 251], [198, -51], [0, -149], [-186, -8], [-103, -344], [-66, 24]], [[24417, 71470], [0, -855]], [[24417, 70615], [-139, 0]], [[24278, 70615], [-68, 0]], [[24210, 70615], [1, 594], [206, 261]], [[26269, 60107], [111, 245], [58, -193], [-6, -185], [-73, -156], [-29, 132], [-51, 32], [-10, 125]], [[28371, 58600], [-87, -168], [-46, 224], [37, 332], [99, -288], [-3, -100]], [[23762, 52119], [-60, 0], [18, 472], [-51, 424], [-62, 20], [153, 148]], [[18151, 61800], [428, 0], [-1, -109], [51, -170]], [[18629, 61521], [-30, -212]], [[18599, 61309], [-448, -2]], [[26280, 57317], [14, 316], [53, 1], [10, -190], [-20, -281], [-80, 108], [23, 46]], [[26296, 63869], [0, -50]], [[26296, 63819], [-116, -4]], [[26180, 63815], [5, 303], [111, 6]], [[26284, 67487], [3, -403]], [[26287, 67084], [-133, 0]], [[26154, 67084], [0, 204], [-70, 0], [1, 202], [199, -3]], [[29365, 66323], [29, 521], [113, 36], [-22, -504]], [[27390, 46962], [-271, -6]], [[27119, 46956], [-44, 562], [-67, 53], [164, -14], [26, 227]], [[27198, 47784], [81, 5], [1, -307], [109, 7]], [[27389, 47489], [1, -527]], [[19545, 58813], [484, -5]], [[20029, 58808], [-1, -805]], [[20028, 58003], [-322, 1]], [[19706, 58004], [-1, -404], [-160, 1]], [[26724, 53759], [-61, 212], [84, 18], [52, -82], [0, -126]], [[24689, 57314], [31, -34]], [[24720, 57280], [-19, -65], [-8, 77], [-137, -56], [-13, 309], [192, -9], [0, -90], [-21, 57], [10, -158], [-21, -7], [1, 80], [-15, -104]], [[27063, 52003], [-114, -8], [0, 521], [68, -18], [6, -221], [40, -19], [0, -103]], [[27063, 52155], [0, -101]], [[26806, 53213], [0, -366]], [[26806, 52847], [-58, 94], [4, 229], [54, 43]], [[22642, 61742], [1, -406], [-154, -1], [-2, 406]], [[26078, 56307], [-15, -230]], [[26063, 56077], [-29, -107], [-112, 143], [28, 98], [-6, 91], [52, 126], [98, 6], [-30, -127], [14, 0]], [[25159, 52667], [132, 25], [8, -671], [-115, 48], [-25, 598]], [[26379, 62408], [51, -83], [25, -174], [-61, -65], [7, 187], [-22, 135]], [[26074, 59824], [103, 61], [-18, -348], [-39, -8], [-46, 295]], [[24926, 57130], [0, -421]], [[24926, 56709], [0, -33], [-115, -4], [-18, 458], [133, 0]], [[21612, 59391], [150, -1]], [[21762, 59390], [0, -513]], [[21762, 58874], [-150, 0]], [[23635, 51706], [1, -443]], [[23636, 51263], [-15, 105], [-161, -95], [-8, 143], [27, 56], [3, 150], [-20, 80], [173, 4]], [[26202, 53906], [20, 246], [32, -20], [12, -230], [-64, 4]], [[23569, 51967], [-38, 439]], [[23531, 52406], [184, 42], [-6, -381], [-140, -100]], [[26843, 64920], [-162, -4], [2, 287], [158, -81], [2, -202]], [[30737, 69436], [-213, -153]], [[30465, 70128], [30, 28]], [[30496, 71099], [251, -1], [-2, -1032]], [[30745, 70066], [-37, -26], [-1, -174], [30, 17], [22, -334], [-29, -17], [7, -96]], [[25058, 60362], [89, -37], [0, -90], [-70, -182], [-26, 65], [20, 191], [-13, 53]], [[23005, 58390], [119, 1]], [[23124, 58391], [59, -406]], [[23183, 57985], [-128, 0]], [[23055, 57985], [0, 206], [-51, -77], [1, 276]], [[26539, 67100], [-122, -5]], [[26417, 67095], [0, 392]], [[26417, 67487], [0, 18], [55, 1], [1, 101], [130, -105], [1, -299], [-65, -1], [0, -102]], [[20325, 58730], [-1, 82]], [[20324, 58812], [-177, -3], [0, 253], [-206, 4]], [[19941, 59066], [1, 679], [55, 228], [394, -6]], [[20391, 59967], [19, -616], [-33, -196]], [[20377, 59155], [147, -343], [-143, 0], [-3, -82]], [[29907, 68512], [-65, -87], [7, -135], [-90, 55], [42, 241], [-61, 109], [17, 92], [31, -49]], [[29878, 69002], [29, -62]], [[29907, 68940], [-21, -80], [19, -42]], [[29905, 68818], [-18, -73], [14, -60], [-21, -64]], [[29880, 68621], [27, -109]], [[29850, 68289], [0, 2], [1, -1], [-1, -1]], [[27773, 60592], [-88, -150], [-9, -110], [-63, 131], [29, 142], [-17, 109], [60, 189], [39, -44], [-2, -118]], [[24772, 62296], [36, 0]], [[24933, 62296], [16, 0], [13, -399], [-164, 5], [-8, 76], [28, 137], [-46, 93], [0, 88]], [[22943, 55309], [3, 486], [125, -9], [0, -66], [25, 12], [-1, -430], [-152, 7]], [[26870, 56732], [119, 317]], [[26989, 57049], [19, -87], [-24, -78], [23, -242], [-96, -140], [-41, 230]], [[22926, 65484], [128, -1], [5, -304], [27, -101], [-160, 70], [0, 4]], [[26840, 48805], [166, -6], [0, -206], [55, -1]], [[27061, 48592], [0, -205]], [[27061, 48387], [-55, 1], [-1, -102]], [[26919, 48289], [-79, 516]], [[25059, 67829], [0, -136], [-99, 0], [1, 394], [119, 1], [1, -253], [-22, -6]], [[18296, 56846], [-41, -117], [-100, 59], [-94, 218], [-27, 306], [-46, 203], [-3, 251], [22, 95]], [[18007, 57861], [-52, 1049], [97, 71], [45, -153]], [[18097, 58828], [30, 27], [26, 180], [-2, 937], [424, -44], [-25, -208], [-11, -494], [-193, -361], [5, -2010]], [[18676, 56542], [-31, -193], [-130, 136], [-164, 1]], [[18351, 56486], [0, 369]], [[18351, 56855], [0, 1407]], [[18351, 58262], [106, -204], [142, -109], [0, -128], [30, -1], [0, -204], [155, 10], [0, -207], [63, -1]], [[18847, 57418], [-1, -422], [-29, -61]], [[18817, 56935], [-17, -261], [68, -13]], [[18868, 56661], [-5, -175], [-187, 56]], [[28051, 56268], [-118, -279], [-45, -2], [-45, 248], [-24, 245], [69, 349], [163, -561]], [[28995, 63512], [-31, 55]], [[28964, 63567], [-15, -135], [-117, 308], [46, 238], [144, -359], [-27, -107]], [[17413, 70428], [-3, 383]], [[17410, 70811], [96, 20], [-14, 145], [62, -64], [51, -217], [-52, -86], [-70, 51], [-22, -227], [-48, -5]], [[31368, 38284], [-50, -16], [1, 248], [52, 3], [-3, -235]], [[26905, 59862], [-5, 55], [13, -2], [-8, -53]], [[29159, 64214], [-9, 126]], [[29150, 64340], [-50, -44], [-43, 78], [107, 347], [57, -96], [9, -110], [-19, -4], [-33, -269], [-19, -28]], [[23911, 63768], [0, 136], [143, 3], [-1, -405], [-142, -5], [0, 271]], [[22180, 61944], [0, -403]], [[22180, 61541], [0, -102]], [[22001, 61439], [-5, 0]], [[21996, 61439], [-1, 507]], [[21995, 61946], [185, -2]], [[23391, 51216], [50, -310]], [[23441, 50906], [-14, -214], [-109, -291]], [[23213, 50941], [34, 111], [35, -37], [58, 337], [57, -30], [-6, -106]], [[27898, 61275], [-11, 77], [22, -6], [-11, -71]], [[21690, 63866], [-197, -1]], [[21493, 63970], [0, 300]], [[21689, 64270], [1, -404]], [[26384, 63364], [121, -45], [-17, -350], [-102, 15], [-2, 380]], [[22211, 55787], [144, -2]], [[22355, 55785], [1, -512], [-40, 0]], [[22316, 55273], [-105, 0]], [[22211, 55273], [0, 514]], [[26860, 56452], [-64, -327], [-83, 141], [10, 220], [41, 55], [96, -89]], [[24055, 58186], [103, -9]], [[24158, 58177], [-7, -369], [-49, -71], [-100, 37], [52, 76], [1, 336]], [[23400, 64131], [159, -8], [7, -517], [-122, 4], [-8, 152], [-30, 1]], [[23406, 63763], [-6, 368]], [[22611, 71165], [210, -1], [0, -404], [-210, 1]], [[22611, 70761], [0, 404]], [[26601, 67915], [2, -413], [-98, 53], [-32, 105], [0, 246]], [[24948, 58099], [0, -457], [-186, 7], [68, 159], [-28, 165], [24, 123], [122, 3]], [[16131, 62901], [-29, -209]], [[16102, 62692], [-139, -42], [14, 271], [-38, -4], [13, 229], [-34, 128], [82, 56], [53, 246], [50, 59], [-7, -292], [98, -366], [-63, -76]], [[24058, 70119], [-84, 0]], [[23974, 70119], [0, 291], [24, 1], [0, 205]], [[23998, 70616], [0, 304]], [[23998, 70920], [212, -3]], [[24210, 70917], [0, -302]], [[24210, 70615], [0, -96], [-152, -400]], [[22719, 51916], [77, 408], [81, -186], [16, -242], [-82, -307], [-92, 327]], [[16165, 69975], [-9, 75]], [[16156, 70050], [-86, 63]], [[16046, 70180], [-1, 304], [487, -4], [-1, -238], [-95, -128], [-118, 23], [-153, -162]], [[15729, 73200], [-139, -113], [37, 161], [-43, 315], [73, 85], [0, 75], [85, -195], [-17, -73], [4, -255]], [[25473, 68895], [-2, -407]], [[25471, 68488], [-34, 1]], [[25437, 68387], [-85, 2], [-17, 509], [138, -3]], [[23310, 60824], [0, -405]], [[23310, 60419], [-121, 3], [0, 252]], [[23189, 60674], [0, 152]], [[23189, 60826], [121, -2]], [[23919, 53829], [-29, 0]], [[23890, 53829], [1, 232], [44, -31], [12, 100]], [[23947, 54130], [33, -1]], [[23980, 54129], [-19, 205], [69, -1]], [[24030, 54333], [19, -235]], [[24049, 54098], [-28, -275], [71, -223], [-64, -198], [-81, 20], [-28, 407]], [[24735, 50669], [-146, -1], [-25, 60], [15, 84], [-107, 141]], [[24472, 51060], [37, 77], [-15, 154], [20, 79], [106, 209], [122, -479]], [[26724, 53759], [75, 22]], [[26799, 53781], [-34, -232], [-72, 10], [-34, 103], [13, 218], [32, 13], [20, -134]], [[10646, 96580], [-1392, 2], [0, -581], [-2595, 0]], [[6659, 96001], [-256, 41]], [[6403, 96042], [0, 100], [-255, 0], [0, 101], [-707, 0], [0, 101], [-130, 0], [-5, -101], [-255, 0], [0, 101]], [[5051, 96344], [-129, -1]], [[4922, 96343], [0, -100], [-130, 0], [0, 100], [-195, 0], [0, -100], [-495, 0], [0, -201], [-304, 0]], [[3798, 96042], [-26, 0], [-358, 360], [143, 141], [35, 267], [-10, 201], [25, 68], [556, 61], [136, 149], [128, 292], [13, 317], [43, 240], [186, 440], [144, 183], [176, -32], [113, 80], [321, 482], [144, 104], [364, -21], [402, 625], [721, -585], [251, 39], [236, -110], [177, -353], [-9, -94], [65, -32], [444, 184], [343, -195], [19, 92], [145, 11], [203, -223], [331, -126], [362, -263], [206, 179], [199, 37], [620, -579], [0, -1401]], [[26473, 68296], [274, 8], [-146, -389]], [[26601, 67915], [-128, 189]], [[24466, 63923], [-95, 232], [-1, 249], [86, 0], [83, -136], [-69, -110], [-4, -235]], [[22330, 62957], [155, -1]], [[22485, 62956], [-1, -505]], [[22484, 62451], [-152, 0]], [[22332, 62451], [-3, 0]], [[26316, 69606], [-102, 54], [-57, 285], [17, 337], [142, -70], [0, -606]], [[23349, 64507], [3, -373]], [[23352, 64134], [-109, 5], [-33, 154], [20, 214], [119, 0]], [[30490, 67984], [12, 132], [-32, 22]], [[30470, 68138], [16, 132], [28, -20]], [[30514, 68250], [2, 183]], [[30516, 68433], [30, -20], [10, 93], [27, -17], [-7, -118], [27, -20], [15, -168], [-32, -228], [43, -148], [-31, -35], [-15, 116], [-69, -120], [-24, 216]], [[28479, 66961], [70, 13], [-5, -353], [40, -198], [-86, -10], [-19, 548]], [[26531, 59946], [-114, -34], [28, 320], [41, 131], [49, -100], [-7, -96], [30, -88], [-27, -133]], [[26298, 58288], [20, 235], [29, -52], [-91, -489], [-22, 136], [64, 170]], [[24079, 59747], [-2, -358]], [[24077, 59389], [-152, 0], [3, 321], [151, 37]], [[26416, 54614], [2, 9], [1, -9]], [[26419, 54614], [-3, 0]], [[26489, 54759], [-60, -165], [-36, 198], [33, 207], [28, 21], [65, -240], [-30, -21]], [[26515, 54739], [-10, 29], [12, 0], [-2, -29]], [[28545, 60263], [-1, 70], [18, -69], [-17, -1]], [[21737, 55281], [144, 0]], [[21881, 55281], [-1, -509]], [[21880, 54772], [-143, 2]], [[20561, 63358], [0, -194]], [[20561, 63164], [-40, 30], [-45, 124], [85, 65], [0, -25]], [[22712, 58040], [74, -232], [20, -206], [89, -62], [24, 66], [0, -127], [-206, 1], [-1, 560]], [[27779, 61666], [-48, 158], [54, 391], [30, 32], [81, -228], [-63, -399], [-54, 46]], [[28111, 62017], [-56, -393], [-57, 104], [40, 265], [43, 98], [30, -74]], [[23606, 57075], [-132, 0]], [[23474, 57075], [0, 202], [-34, 0]], [[23440, 57456], [0, 23], [36, 101]], [[23508, 57883], [11, 175], [78, -60], [17, 100], [-8, -1023]], [[27370, 60924], [39, 58], [38, -123], [-53, -389], [-65, 186], [33, 147], [27, -37], [-19, 158]], [[27480, 57890], [-80, -240]], [[27400, 57650], [-23, 104], [-38, -32], [37, 344], [-17, 23], [22, 157], [34, -10], [33, -276], [32, -70]], [[29266, 64395], [-8, -67], [14, -9], [1, -43], [-7, -33], [-67, 101], [13, 171], [54, -120]], [[24053, 63110], [-141, 5], [1, 382], [143, 5]], [[26963, 54572], [-22, -468], [-34, 94], [-13, 312], [69, 62]], [[16239, 70015], [73, 112]], [[16312, 70127], [83, -236]], [[16395, 69891], [-52, -218], [22, -286], [-74, -20]], [[16291, 69367], [-11, 92], [-71, 65], [53, 292], [-23, 199]], [[26812, 56092], [-10, -199], [-50, -157], [-67, 399], [35, 74], [64, -54], [28, -63]], [[22363, 68032], [-119, -1], [-57, 184], [-5, 116], [181, 5]], [[22363, 68336], [0, -304]], [[22004, 67399], [-282, -1]], [[21722, 67398], [0, 472]], [[21722, 67870], [55, 73], [82, -175]], [[21859, 67768], [41, 72]], [[21900, 67840], [100, -65], [4, -376]], [[21285, 53756], [-1, 505]], [[21284, 54261], [143, 1]], [[21427, 54262], [-12, -506], [-122, 0]], [[23040, 53924], [72, -445]], [[23112, 53479], [-100, -223], [-94, 567]], [[22978, 53946], [62, -22]], [[15614, 71363], [-284, -8], [-69, 859], [257, -18], [5, -505], [80, 2], [11, -330]], [[28239, 62870], [-58, -266]], [[28181, 62604], [-54, 148], [25, 235], [84, 14], [-15, -59], [18, -72]], [[31387, 37994], [25, 96], [0, -105], [-25, 9]], [[18990, 69678], [34, 0]], [[19024, 69678], [-1, 202], [35, 77]], [[19058, 69957], [3, 699]], [[19061, 70656], [140, -9], [15, -1177]], [[19216, 69470], [45, 0]], [[19261, 69470], [74, 0], [0, -5]], [[19335, 69465], [0, -192]], [[19335, 69273], [-347, -2], [2, 407]], [[22944, 55804], [-1, -495], [-155, 5], [5, 510], [151, -20]], [[27219, 57679], [9, -218], [-47, 41], [-36, 65], [-34, 295], [142, -23], [-34, -160]], [[26936, 58784], [43, 124], [43, -81], [14, -159], [-34, -206], [-66, 322]], [[23371, 55763], [-1, 580], [23, 99], [45, -52], [93, -225], [-4, -459], [-40, 81], [-116, -24]], [[23213, 50941], [29, -300], [32, -23], [44, -217]], [[23318, 50401], [-191, -363], [-59, -201], [24, 795], [121, 309]], [[23248, 69749], [-137, 1], [-4, 403]], [[23107, 70153], [138, 0]], [[23245, 70153], [3, -404]], [[26970, 55686], [-106, -68], [-29, 248], [60, 168], [29, -301], [46, -47]], [[22065, 56746], [14, 413], [70, -234], [61, 21], [-1, -372], [-81, 19], [-63, 153]], [[24839, 61394], [0, -102], [-47, -56]], [[24792, 61236], [-47, 231], [30, 273], [98, -249], [4, -100], [-38, 3]], [[27035, 55114], [19, 113], [87, -9], [-20, -302], [-45, -49], [-41, 247]], [[25792, 60431], [-16, 180]], [[25776, 60611], [45, 85], [110, -65], [26, -200], [-125, -86], [-40, 86]], [[22461, 55270], [41, -2], [0, 65], [103, -6], [-3, -571], [-142, 4]], [[26258, 55585], [-83, -111], [-16, 347], [78, -3], [21, -233]], [[25537, 57145], [28, 270], [77, -78], [12, -504], [-117, 7]], [[31510, 38236], [-18, -17], [8, 183], [10, -166]], [[25029, 57641], [30, -579], [-118, 68], [-15, 512], [103, -1]], [[22034, 60524], [154, -8], [4, -544], [-153, 3]], [[21767, 60423], [-6, 0]], [[21882, 60828], [0, -405]], [[23964, 54841], [82, 0], [1, -152], [28, -1], [-10, -356], [-104, 2], [-7, 102], [-60, -1], [2, 191], [76, 64], [-8, 151]], [[26167, 57630], [27, -307], [33, -1], [-3, -154], [-130, 2], [46, 459], [27, 1]], [[24339, 65216], [-130, -2]], [[24209, 65214], [0, 410]], [[24209, 65624], [130, -1]], [[24339, 65623], [0, -407]], [[22224, 64675], [188, 0]], [[22420, 64675], [-1, -414]], [[22419, 64261], [-193, -22]], [[22226, 64239], [-2, 436]], [[21801, 59970], [262, 4]], [[22063, 59974], [0, -474]], [[22063, 59500], [0, -109], [-265, 0]], [[24006, 66780], [131, 58]], [[24137, 66530], [0, -101]], [[24137, 66429], [-131, 2]], [[20937, 73209], [1, -457]], [[20938, 72752], [-236, 180]], [[20702, 72932], [-43, -113]], [[20659, 72819], [-37, 58], [-186, -65], [12, 599], [231, 0]], [[31384, 38512], [-16, -169], [3, 176], [13, -7]], [[15737, 70355], [-18, -96], [-33, 271], [-86, 103], [-2, 229], [273, 18], [-2, -385], [-27, -110]], [[22528, 50224], [66, 203], [25, -113], [-23, -31], [78, -558], [-21, -147], [-125, 1]], [[22528, 49579], [0, 645]], [[24120, 61925], [33, 281]], [[24153, 62206], [33, -132], [-32, -442], [-36, 3]], [[24057, 61828], [1, 103], [62, -6]], [[28451, 61327], [23, 127], [30, -119], [75, -27], [25, -133], [-35, -81], [-66, 185], [-43, -39], [-9, 87]], [[27390, 59042], [69, 103], [54, -83], [-18, -198], [-107, 11], [2, 167]], [[16344, 60024], [-105, -353]], [[16239, 59671], [-63, 111], [-29, 173], [6, 174]], [[16219, 60432], [167, 276], [59, -431]], [[16445, 60277], [35, -92]], [[16480, 60185], [-136, -161]], [[22238, 58592], [-2, 409], [208, 1], [1, -410]], [[22445, 58592], [-207, 0]], [[27103, 58675], [1, 135], [96, -258], [54, -12], [-49, -236], [-79, 12]], [[28239, 58329], [-2, -474], [-16, -37], [-116, 164], [43, 73], [26, 288], [65, -14]], [[27935, 65781], [-11, -435]], [[27924, 65346], [-183, 0], [1, 436], [193, -1]], [[23667, 56709], [-3, 190], [89, -6]], [[23785, 56699], [-3, -506], [-38, 7], [-29, 201], [-5, 301], [-43, 7]], [[27440, 58870], [65, 12], [24, -123], [-4, -130], [-27, -12], [8, -106], [-70, 127], [4, 232]], [[27126, 58316], [-119, -17], [-13, 144], [98, 321], [11, -89]], [[27103, 58675], [-23, -89], [46, -270]], [[23886, 56435], [98, -208], [-3, -377], [-102, -7], [7, 592]], [[21493, 63970], [0, -105]], [[21493, 63865], [0, -402]], [[21493, 63463], [0, -499]], [[21493, 62964], [-210, -7]], [[21290, 63969], [203, 1]], [[21462, 58874], [0, 518]], [[21462, 59392], [150, -1]], [[21612, 59391], [0, -517]], [[22033, 51399], [195, 5], [-1, -623]], [[22227, 50781], [-194, -6]], [[22033, 50775], [0, 624]], [[26553, 64208], [-32, -188], [-96, -2]], [[26425, 63899], [-32, -23], [0, 379], [160, -47]], [[23786, 55346], [84, -8], [20, -700]], [[23890, 54638], [20, 0]], [[23910, 54638], [-14, -200], [-74, 183], [-36, 725]], [[23611, 67242], [-131, 0]], [[23480, 67242], [0, 286]], [[23480, 67528], [132, -1], [-1, -285]], [[22796, 61843], [-154, 0]], [[22642, 61843], [-1, 405]], [[22641, 62248], [155, 0]], [[26723, 60866], [39, 146], [27, -11], [43, -406], [-17, -54], [-40, 163], [-39, 24], [-13, 138]], [[21215, 56282], [1, 567]], [[21216, 56849], [120, 0]], [[21336, 56282], [-121, 0]], [[24390, 61952], [-115, -169], [-40, 55], [20, 534], [139, -7], [-4, -413]], [[20374, 65080], [-1, 1207]], [[20373, 66287], [144, -3]], [[20517, 66284], [-16, -147]], [[20501, 66137], [24, -18], [42, 2], [25, 164], [2, -1666], [-290, 1], [-1, 460], [71, 0]], [[19615, 68200], [1, -103]], [[19616, 68097], [-84, -100], [0, -101], [-62, -5], [-63, 172], [-35, -134], [-49, -31], [-4, 161]], [[19319, 68059], [-55, 58]], [[19264, 68117], [0, 145]], [[19197, 68608], [0, 135], [-104, 42]], [[18986, 68882], [-1, 388], [678, 0], [20, -1070], [-68, 0]], [[28527, 64559], [16, 262]], [[28543, 64821], [26, -19], [31, -317], [-29, 94], [-44, -20]], [[29294, 64085], [57, 80], [-36, 150], [14, 69], [58, -50], [-18, -255], [-75, 6]], [[26855, 52209], [10, -401], [-35, -108], [-51, 231], [-44, 39], [-7, 163], [27, 189], [44, 15], [56, -128]], [[26464, 70144], [-13, -643]], [[26451, 69501], [-136, 4], [1, 706], [79, -134], [69, 67]], [[26351, 67893], [-1, 401]], [[26350, 68294], [123, 2]], [[26473, 68296], [0, -192]], [[26473, 68104], [0, -198]], [[26497, 61268], [29, 90], [27, -65], [35, -152], [-4, -101], [-55, 14]], [[27389, 57018], [-8, 718], [35, -163], [-5, -135], [66, -2], [43, -236]], [[27520, 57200], [-40, -63], [1, -78], [-54, -16], [0, 70], [-38, -95]], [[26111, 60514], [-118, -30], [59, 339], [31, -126], [-16, -96], [27, 25], [17, -112]], [[23217, 66435], [53, -100]], [[23270, 66029], [-191, 4], [-8, 300], [-32, 102]], [[23039, 66435], [178, 0]], [[26520, 51719], [7, 287]], [[26527, 52006], [43, 183], [126, -50], [13, -560], [-71, -292], [-58, 310], [-60, 122]], [[24983, 60306], [87, 41], [-19, -229], [39, -167], [-34, 105], [-15, -4], [9, -93], [-28, 59], [-39, 288]], [[24631, 61372], [14, 323], [110, -33], [-8, -248], [32, -146], [-105, -124], [4, 74], [-47, 154]], [[24648, 62557], [16, -337], [-40, -66], [-85, -5], [-42, 139], [22, 273], [129, -4]], [[27414, 54120], [-102, -292], [4, 166], [-70, 279], [55, 164], [23, -145], [82, -96], [8, -76]], [[27037, 52003], [-78, -259], [-43, 82], [33, 169], [88, 8]], [[28061, 67095], [130, 5]], [[28191, 67100], [26, 1]], [[28217, 67101], [-14, -315], [-142, 6]], [[28061, 66792], [0, 257]], [[28061, 67049], [0, 46]], [[23480, 66841], [-132, 0]], [[23348, 67242], [132, 0]], [[23480, 67242], [0, -401]], [[20698, 70993], [48, 0], [0, 151]], [[20746, 71144], [0, 51], [35, 33]], [[20781, 71228], [156, -50]], [[20937, 71178], [1, -883]], [[20938, 70295], [-26, 0], [0, 101], [-71, 2], [0, 98], [-35, 0], [0, 95], [-103, 0]], [[20703, 70591], [-5, 402]], [[22155, 69151], [-204, 0]], [[21951, 69151], [-5, 105], [40, 35], [-13, 85], [18, 181], [192, -2]], [[20943, 54161], [-21, -1040]], [[20922, 53121], [-227, -513], [-1, 1553], [249, 0]], [[30451, 67685], [-95, -197]], [[30356, 67488], [-75, 163], [-16, 127], [-30, -17], [1, 100]], [[30236, 67861], [-41, 79], [24, 123], [-40, 156], [65, 88], [23, -193], [64, 38], [55, -153], [23, 81], [49, -36]], [[30458, 68044], [-7, -359]], [[22398, 50265], [-1, 701]], [[22397, 50966], [110, -159]], [[22507, 50807], [87, -380], [-59, -180], [-137, 18]], [[22675, 60421], [-184, -2], [0, 405], [183, 1], [1, -404]], [[26664, 57640], [103, 9], [4, -12], [-72, -319], [-84, 133], [49, 189]], [[27519, 62027], [51, 403], [51, -121], [-23, -308], [-51, -72], [-28, 98]], [[24222, 60042], [0, 480]], [[24222, 60522], [0, 153]], [[24222, 60675], [138, -7], [0, -203], [30, -1], [-2, -435], [-166, 13]], [[24110, 57475], [-28, 70], [73, 49], [8, -109], [7, -20]], [[24170, 57465], [5, 103]], [[24175, 57568], [97, 93], [-11, -451]], [[24261, 57210], [23, -2], [-1, -153]], [[24283, 57055], [-60, 4]], [[24224, 57161], [-56, 53], [-29, 157]], [[23430, 65625], [-161, -1]], [[23270, 66029], [161, -1]], [[23431, 66028], [-1, -403]], [[18513, 66897], [21, 74], [171, 1], [-22, -302], [61, -152], [7, -437], [-120, 79], [9, 142], [-35, 66], [11, 167], [-32, 100], [-7, 215], [-64, 47]], [[27354, 65452], [0, -248]], [[27354, 65204], [0, -179]], [[27354, 65025], [-108, 1]], [[27246, 65026], [0, 257], [81, 84]], [[27327, 65367], [0, 84], [27, 1]], [[31472, 38056], [46, -38], [-42, -74], [-4, 112]], [[16778, 59672], [175, -1], [29, -300], [41, -159]], [[17023, 59212], [26, -647]], [[17049, 58565], [-426, 1]], [[16623, 58566], [18, 710], [-28, 102]], [[16613, 59378], [30, 101]], [[16643, 59479], [45, -2], [0, 101], [89, -4], [1, 98]], [[31514, 37779], [5, 152], [17, -147], [-22, -5]], [[31237, 37965], [-6, 120], [30, -30], [-3, -104], [-21, 14]], [[28366, 66986], [-5, 694]], [[28361, 67680], [170, -3], [7, 64], [11, -767], [-183, 12]], [[27773, 60592], [-51, 149]], [[27722, 60741], [10, 248], [46, 246], [94, -264], [-99, -379]], [[27815, 60792], [-9, 44], [2, -53], [7, 9]], [[27786, 60864], [0, 30], [-2, -29], [2, -1]], [[22205, 73188], [-9, 730], [146, 1], [9, -732], [-146, 1]], [[28967, 63304], [-57, -75], [-52, 63], [68, 244], [41, -232]], [[28054, 67043], [-98, -75], [-65, 68], [5, 205], [-40, 228], [143, 214], [61, -1], [-6, -639]], [[29604, 66861], [-2, -218], [-96, 7], [6, 661], [121, -17], [-13, -216], [-36, 4], [-3, -217], [23, -4]], [[27063, 51510], [0, 493]], [[27063, 52003], [0, 51]], [[27063, 52054], [103, 4]], [[27166, 52058], [-3, -188], [30, -219], [-60, -4], [-70, -137]], [[27997, 58264], [-84, 93], [25, 300], [46, 76], [10, 166], [126, -289], [-123, -346]], [[26291, 62651], [157, -32], [-17, -297], [-39, 116], [-101, -19]], [[29305, 64399], [-42, -26], [2, 209], [-36, 60], [17, 135], [88, -159], [-29, -219]], [[18151, 59790], [-514, -1]], [[17637, 59789], [1, 1404]], [[17638, 61193], [249, 0], [0, 729]], [[17887, 61922], [264, 0]], [[18151, 61922], [0, -122]], [[18151, 61800], [0, -493]], [[18151, 60675], [0, -702]], [[18151, 59973], [0, -183]], [[2026, 90796], [30, 324], [48, 51], [35, -51], [4, -91], [160, -111], [185, 150], [140, -308], [338, -211], [-51, -327], [-140, 106], [-52, -93], [4, -106], [-56, -73], [-56, 48], [-17, 130], [-60, 104], [-68, 24], [-66, 190], [-126, 72], [-152, -121], [-68, 85], [-32, 208]], [[2857, 93344], [6, 122], [52, -78], [-33, -76], [-25, 32]], [[2885, 93236], [38, 62], [30, -72], [-39, -47], [-29, 57]], [[3068, 92496], [38, 69], [45, -85], [-49, -69], [-34, 85]], [[4113, 94405], [18, -175], [21, 0], [21, -805], [78, 0], [0, -201], [58, 0], [0, -201], [1101, 0], [0, 100], [58, 0]], [[5468, 93123], [58, 0], [3, -302], [-58, 0], [3, -402], [-56, 0], [0, -202], [-52, 0], [4, -805], [58, 0], [0, -302], [-54, 0], [0, -101], [-50, 0], [0, -100], [-107, 0], [0, -101], [-54, 0], [6, -302], [-53, 0], [0, -302]], [[5116, 90204], [-318, 0], [0, 101], [-106, 100], [0, 101], [-81, 48]], [[4611, 90554], [65, 208], [-67, -1], [-38, 130], [117, 99], [155, -227], [154, 35], [114, 318], [-47, 262], [-8, 214], [-95, 177], [-49, -27], [-201, 241], [-134, -310], [-284, 297], [-339, -167], [-291, 154], [-16, -95], [-38, -1], [-23, 80], [20, 45], [-86, 225], [19, 154], [-153, 310], [34, 197], [-183, 91], [-152, 178], [-22, 101], [43, 151], [552, 651], [455, 361]], [[4955, 91508], [35, 64], [38, -49], [-36, -99], [-37, 84]], [[4837, 90900], [29, 51], [34, -59], [-33, -60], [-30, 68]], [[20558, 71806], [-118, -1]], [[20440, 71703], [-33, -1], [-3, 103], [-35, 0]], [[20369, 71805], [-23, 0], [0, 202], [-36, -1], [10, 598], [-27, 0]], [[20293, 72604], [-20, 177], [344, 53], [-11, -321]], [[24269, 66530], [132, 2]], [[24401, 66532], [3, -404]], [[24404, 66128], [-130, 1], [-5, 401]], [[25333, 65463], [-1, 305], [96, -39], [2, -275], [-97, 9]], [[21228, 66946], [-293, 0]], [[20935, 67501], [293, -1]], [[23070, 73389], [-216, 0], [20, 163], [-40, 364], [231, 3]], [[26618, 56377], [30, 69], [33, -45], [40, -92], [-4, -132], [-32, -42], [-67, 242]], [[22507, 50807], [77, 381], [5, -89]], [[22589, 51099], [76, 13]], [[22665, 51112], [32, -180]], [[22697, 50932], [-129, -394]], [[22568, 50538], [-61, 269]], [[22671, 63866], [-1, 0]], [[22797, 64271], [0, -405]], [[26569, 52194], [59, 400], [94, -28], [28, -282], [-19, -145], [-162, 55]], [[31523, 38422], [11, 68], [24, -285], [-9, 18], [-26, 199]], [[25617, 62496], [0, -306]], [[25617, 62190], [0, -8], [-78, 1], [-38, 273], [15, 142], [101, 0], [0, -102]], [[18296, 56846], [55, 9]], [[18351, 56855], [-1, -1093]], [[18350, 55762], [-173, 0], [0, 101], [-87, 0], [0, -505]], [[18090, 55358], [-110, 5], [-17, 431], [56, 172], [-3, 444], [33, 201], [78, 228], [127, -110], [42, 117]], [[26593, 53043], [75, -10], [34, -204], [-39, -118], [35, -134], [-107, 25]], [[26712, 52574], [-5, 11], [5, -10], [0, -1]], [[0, 76573], [67, 201], [46, -103], [-69, -220], [-31, 6], [-13, 116]], [[223, 76812], [42, 61], [25, -80], [-32, -60], [-35, 79]], [[22, 76914], [20, 77], [36, -65], [88, 92], [59, -92], [-105, -118], [-98, 106]], [[257, 77268], [22, 88], [78, 16], [38, -93], [68, 7], [7, -126], [65, 56], [29, 182], [52, -33], [13, -121], [40, 172], [63, 55], [32, -35], [9, -137], [52, 12], [-5, 204], [38, 90], [167, -188], [210, 163], [84, 134], [0, 118], [94, 123], [65, -110], [-19, -227], [135, 35], [191, -125], [-92, -184], [-26, 73], [-76, -44], [-148, 97], [-120, -120], [-242, 12], [-444, -494], [-37, 97], [26, 247], [-40, -209], [-148, -64], [-35, 57], [-32, -125], [-81, 109], [16, 144], [-49, 144]], [[1008, 77618], [33, 64], [25, -65], [-31, -87], [-27, 88]], [[467, 77307], [26, 79], [35, -96], [-38, -70], [-23, 87]], [[76, 77151], [33, 125], [54, -104], [-42, -123], [-45, 102]], [[1115, 77676], [30, 56], [23, -73], [-32, -64], [-21, 81]], [[1813, 77713], [24, 143], [52, 65], [66, -135], [-84, -148], [-58, 75]], [[2182, 77964], [60, 184], [44, -49], [-51, -230], [-53, 95]], [[2425, 83441], [101, 129], [41, -58], [-108, -300], [-28, 43], [24, 83], [-30, 103]], [[2556, 83434], [31, 60], [26, -62], [-34, -67], [-23, 69]], [[2494, 78276], [44, 249], [83, -30], [-18, 133], [19, 87], [65, -110], [-2, -269], [-20, -86], [-52, 43], [-91, -117], [-28, 100]], [[2313, 78055], [68, 222], [57, -88], [-17, -116], [-63, -98], [-45, 80]], [[2758, 78295], [38, 99], [-12, 111], [65, 43], [50, 277], [95, 183], [1, 84], [53, 140], [57, 57], [89, -61], [18, -62], [-16, -108], [146, 169], [25, 165], [-25, 208], [49, 140], [200, 58], [115, -247], [-223, -525], [-107, -32], [-135, -224], [-126, 82], [-81, -187], [6, -118], [-25, -61], [-43, 33], [-187, -283], [-27, 59]], [[2604, 82769], [103, 61], [37, -92], [-57, -122], [-83, 153]], [[3090, 79674], [39, 45], [11, -81], [-28, -52], [-22, 88]], [[97908, 78477], [76, 153], [142, -11], [124, -266], [-49, -44], [-11, -95], [-89, 62], [-40, -78], [-153, 279]], [[98304, 78314], [99, 23], [30, -114], [-61, -37], [-68, 128]], [[98165, 77883], [93, 173], [69, -36], [-30, -266], [-132, 129]], [[98859, 77856], [30, 61], [53, -89], [-47, -95], [-36, 123]], [[99482, 77463], [44, 67], [142, -189], [-47, -113], [-123, 117], [-16, 118]], [[99281, 77554], [28, 54], [18, -69], [-28, -50], [-18, 65]], [[99234, 77278], [132, 348], [50, -80], [-18, -132], [48, -59], [-127, -99], [-20, -132], [-65, 154]], [[99463, 77257], [28, 59], [18, -70], [-29, -47], [-17, 58]], [[99516, 77224], [58, 32], [45, -147], [-68, -24], [-35, 139]], [[99629, 76998], [21, 78], [121, -89], [150, -332], [-111, -57], [-181, 400]], [[99868, 77338], [11, 95], [64, 64], [56, -137], [-66, -165], [-65, 143]], [[6515, 81823], [56, 145], [50, -48], [-20, -207], [-75, 27], [-11, 83]], [[6218, 82247], [17, 121], [37, -3], [45, -266], [-69, -96], [-30, 244]], [[7453, 85442], [15, 90], [75, 30], [81, -117], [-46, -103], [-83, -10], [-42, 110]], [[6649, 84600], [243, 202], [47, 117]], [[6939, 84919], [0, 219]], [[6939, 85138], [138, 0], [0, 100], [50, 0], [0, 135]], [[7127, 85373], [134, 30], [-8, -176], [-82, -102], [3, -88], [-95, -59], [-90, -483], [-72, -117], [-153, -28], [-100, -386], [-94, -47], [-8, -109], [-139, -189], [-45, -340]], [[6378, 83279], [0, 144], [-118, 0], [0, 84], [107, 336], [119, 34], [30, 50], [-22, 84], [37, 0], [21, 151], [98, 84], [14, 253], [-15, 101]], [[6766, 83559], [96, 370], [97, 119], [90, 234], [122, 119], [3, 104], [257, 737], [83, -72], [51, -179], [-33, -87], [133, -110], [-14, -62], [14, -135], [-21, -68], [-193, -97], [66, -111], [-5, -97], [33, -43], [28, -205], [-52, -207], [10, -142], [-42, -37], [-22, 74], [-63, -174], [-54, -21], [17, -66], [-16, -77], [-104, -164], [-67, 21], [-12, -125], [-142, -266], [66, -54], [-43, -152], [-263, -85], [-9, 70], [38, 134], [150, 187], [-47, 203], [-61, 87], [-4, 223], [-87, 154]], [[22336, 61135], [31, 0], [0, 303]], [[22367, 61438], [122, 0], [0, -507], [-153, 1], [0, 203]], [[26741, 54045], [75, 294], [81, -272], [-61, -158], [-77, 37], [-18, 99]], [[26767, 65736], [-85, -262]], [[26682, 65474], [-96, -12]], [[26583, 65879], [135, 8], [49, -151]], [[25801, 64314], [-49, -10], [-4, -192], [-90, 1], [-2, 319], [32, 1], [0, 86], [113, -1]], [[25801, 64518], [0, -204]], [[26059, 65229], [128, 4]], [[26188, 64928], [-128, 36], [-1, 265]], [[25262, 60302], [18, 148], [37, -15], [34, -207], [-4, -256], [-99, 79], [39, 97], [-25, 154]], [[26264, 53296], [106, 0]], [[26369, 53091], [-106, -8]], [[26263, 53083], [1, 213]], [[25744, 57638], [-14, 0], [2, 316], [68, 125], [53, -158], [21, -283], [-130, 0]], [[26162, 61551], [91, -30], [-39, -344], [-91, 129], [5, 135], [-17, 25]], [[22669, 64675], [128, 1]], [[22797, 64271], [-127, 0]], [[28469, 63180], [-128, -46], [-3, 260], [95, 145], [45, -155], [-9, -204]], [[27301, 55461], [31, -107]], [[27332, 55354], [-90, -327], [-24, 307], [-34, 101], [20, 72]], [[25755, 59279], [64, -371], [-27, -135], [-88, 99], [-31, -74], [37, 466], [45, 15]], [[25817, 58970], [0, 4], [1, 0], [-1, -4]], [[19544, 64229], [-1, -1354]], [[19281, 63154], [33, 57], [-28, 23]], [[19286, 63234], [0, 1166]], [[19286, 64400], [124, 21]], [[19410, 64421], [13, -102], [25, 137], [53, 1], [12, -203], [31, -25]], [[18672, 63472], [-9, 521], [64, -53], [108, 190]], [[18978, 63343], [62, -1], [0, -100], [-253, -3]], [[25669, 62492], [-52, 4]], [[25617, 62496], [12, 506], [52, -2], [-1, -153], [21, 0]], [[25701, 62847], [-1, -153], [-31, 1], [0, -203]], [[29289, 64193], [28, 125], [34, -129], [-57, -90], [-5, 94]], [[24057, 61828], [61, -193]], [[24118, 61635], [-20, -242], [-87, -42], [-19, 89], [5, 500], [61, -11], [-1, -101]], [[27015, 64235], [159, 0], [-5, -260], [-144, 14], [-10, 246]], [[23217, 67527], [113, 0]], [[23330, 67527], [18, 0]], [[23348, 67527], [0, -285]], [[26117, 62196], [-46, -104], [-51, -19], [-2, 374], [101, 77]], [[26119, 62524], [-2, -328]], [[18147, 66381], [-1, -113], [-60, 0], [1, -491]], [[18087, 65777], [-211, 2]], [[17876, 66676], [0, 167], [33, -36]], [[17904, 66684], [35, -128], [184, -194], [30, 36], [12, -3], [-18, -14]], [[25208, 60669], [1, 357]], [[25209, 61026], [92, 1]], [[25301, 61027], [0, -358]], [[25301, 60669], [0, -1], [-93, 1]], [[26159, 65867], [-130, -3]], [[26029, 65864], [-1, 408]], [[26028, 66272], [130, -1]], [[26158, 66271], [1, -404]], [[27589, 56673], [44, -132]], [[27633, 56541], [-50, -111]], [[27583, 56430], [-84, 187], [13, 199], [41, 93]], [[27553, 56909], [31, 2], [18, -160], [-13, -78]], [[20011, 68755], [379, 8], [-2, -1242], [-304, -3], [-10, 966], [-63, 271]], [[25613, 62037], [98, 148], [-11, -478], [-83, 61], [-4, 269]], [[26014, 69008], [57, 13], [17, 308], [19, 81], [2, -303], [39, -55], [0, -349]], [[26148, 68703], [-135, 1]], [[26013, 68704], [1, 304]], [[24019, 52857], [106, 24], [-8, -476], [-140, -76]], [[22158, 68745], [-13, -423], [27, -94], [-71, 24], [-11, 158], [-124, 101], [-15, 127], [-49, 24], [15, 82], [241, 1]], [[22155, 69151], [28, 0]], [[22183, 69151], [73, 0], [3, -767], [-101, -23], [-3, 790]], [[27668, 56352], [-76, -508], [-68, -3], [-41, 212], [40, 163], [118, 207], [27, -71]], [[19401, 69978], [16, 407], [23, 1], [2, 200]], [[19442, 70586], [137, 0]], [[19579, 70586], [22, -606], [-79, -27]], [[19522, 69953], [-18, -143], [-80, -51], [-58, -185], [0, -109]], [[19366, 69465], [-105, 5]], [[19261, 69470], [0, 205], [37, 0], [0, 202], [103, 101]], [[26167, 58532], [98, 1], [-87, -473], [-57, 204], [46, 268]], [[25667, 59557], [-76, -1], [21, 503], [57, -16]], [[25669, 60043], [-2, -486]], [[25141, 59286], [37, 1]], [[25178, 59287], [-3, 107], [87, -1], [-5, -449], [-46, -59], [-73, 184], [3, 217]], [[23995, 60075], [-151, 11], [-4, 383], [153, -14], [2, -380]], [[28933, 64083], [-42, -138], [-113, 301], [78, 128]], [[22797, 64271], [0, 405]], [[22797, 64676], [127, -1]], [[22924, 64675], [0, -405]], [[22924, 64270], [-127, 1]], [[28598, 66111], [-6, -328]], [[28592, 65783], [-114, 2], [1, 332], [119, -6]], [[28203, 66786], [-23, -396], [-119, -3], [-6, 405], [148, -6]], [[16219, 60432], [7, -57], [-73, -246]], [[16153, 60129], [-48, 18]], [[16105, 60147], [-16, 115], [13, 153]], [[16102, 60415], [-22, 110], [105, 310], [53, -5]], [[16238, 60830], [-2, 394]], [[16236, 61224], [151, -515], [-168, -277]], [[28933, 64083], [-77, 291]], [[28856, 64374], [136, 211], [20, -120], [-79, -382]], [[25655, 57283], [153, -144], [-7, -299], [-147, 10], [1, 433]], [[25920, 60901], [-61, -279], [-38, 74], [-25, -66], [-22, 264], [47, 159], [3, 135], [96, -287]], [[24986, 56111], [-175, -1], [0, 154], [58, 17], [0, 86]], [[24869, 56367], [117, -35]], [[24986, 56332], [0, -170]], [[25750, 59565], [30, 263], [71, -80], [-3, -181], [-98, -2]], [[29482, 68764], [5, 519], [42, 3], [-11, -423], [-36, -99]], [[27489, 64219], [-96, -63], [-15, 148], [-47, 1]], [[27331, 64305], [0, 202]], [[27331, 64507], [158, -2]], [[27489, 64505], [0, -57]], [[27489, 64448], [0, -229]], [[27911, 60997], [46, 193], [54, -367], [-50, -118], [-2, -110], [-95, 311], [4, 102]], [[27868, 61008], [43, -11]], [[27172, 49916], [221, 0]], [[27393, 49916], [-3, -819], [-75, 1], [-18, 206], [-70, 254], [23, -32]], [[27250, 49526], [9, 85], [-31, 0], [-28, 203], [-28, 0], [0, 102]], [[24234, 57058], [-7, -500]], [[24227, 56558], [-124, 102]], [[24103, 56660], [3, 307]], [[24106, 56967], [78, 95], [50, -4]], [[26735, 54840], [75, 144], [80, -111], [10, -141], [-34, -257], [-65, -143], [-66, 508]], [[29295, 64255], [28, 229], [7, -4], [-1, -102], [-34, -123]], [[29293, 64271], [1, 1], [0, -1], [-1, 0]], [[23642, 59060], [-16, -134], [-45, 3]], [[23581, 58929], [-18, 462], [209, -1]], [[23772, 59390], [-7, -140]], [[23765, 59250], [21, -76], [-15, -91], [-129, -23]], [[31225, 38501], [44, 17], [6, -171], [-29, -1], [-21, 155]], [[26963, 51238], [72, -79], [61, 116], [43, -34], [33, -162], [0, -451]], [[27172, 50628], [-83, 0]], [[27089, 50628], [-99, 0]], [[26990, 50628], [-62, 94], [0, 202]], [[26928, 50924], [36, 1], [-1, 313]], [[28126, 60317], [121, -121]], [[28247, 60196], [-29, -56]], [[28218, 60140], [3, -181]], [[28221, 59959], [-95, 127], [0, 231]], [[29090, 64518], [-120, -345], [1, 160], [41, 132], [-23, 145], [46, 121], [55, -213]], [[29485, 66376], [-49, -618]], [[29436, 65758], [-112, 117]], [[29324, 65875], [40, 226], [1, 222]], [[29365, 66323], [120, 53]], [[27660, 59606], [19, 22], [3, -65], [-9, 3], [-13, 40]], [[23180, 56668], [59, 0]], [[23239, 56668], [174, 0]], [[23413, 56668], [0, -256], [-20, 30], [-17, -104], [-85, 81], [-69, -80], [-26, 79], [-16, 250]], [[22796, 62450], [114, 0], [20, -304], [-11, -303]], [[22919, 61843], [-123, 0]], [[22796, 61843], [0, 405]], [[22796, 62248], [0, 202]], [[22355, 48101], [177, -3], [-93, -636], [-43, 155], [-77, 33], [-24, 172], [60, 279]], [[27202, 54730], [45, 123]], [[27247, 54853], [27, -38], [45, -257], [-4, -134], [-73, -144], [-40, 450]], [[22172, 58633], [64, 192]], [[22236, 58825], [5, -586]], [[22241, 58239], [-59, 0], [0, -101], [-118, 1]], [[22064, 58367], [0, 305]], [[22064, 58672], [47, 145]], [[22111, 58817], [16, -138], [45, -46]], [[24662, 67588], [133, 3], [0, -454], [-132, 8], [-1, 443]], [[21027, 54161], [-25, 1122]], [[21002, 55283], [26, 702], [186, 2], [-3, -1825], [-184, -1]], [[25329, 55944], [19, 609], [71, -42], [2, -579], [-92, 12]], [[31383, 38294], [-15, 49], [13, 18], [2, -67]], [[25795, 58028], [-63, -74], [-37, 179], [42, 324], [36, 16], [22, -445]], [[27981, 60229], [-47, 29], [-28, 213], [20, 86], [35, 57], [64, -178], [-44, -207]], [[23880, 58955], [-11, -420], [-124, -3], [26, 635], [59, -5], [20, -171], [30, -36]], [[20032, 68758], [-124, 181], [-47, 332], [525, -8], [4, -500], [-358, -5]], [[28367, 63823], [-15, -67], [141, 85]], [[28493, 63841], [15, -127], [-170, -320], [-44, 284], [73, 145]], [[28282, 63796], [61, -369], [-2, -293], [-178, 2], [119, 660]], [[28822, 64631], [-74, -111]], [[28748, 64520], [-8, -12], [-50, 55]], [[28690, 64563], [-6, 219]], [[28684, 64782], [-26, 85], [11, 193], [125, 57]], [[28794, 65117], [40, -101]], [[28834, 65016], [25, -209], [-48, -128], [11, -48]], [[26284, 69105], [132, -3]], [[26416, 69102], [0, -405]], [[26416, 68697], [-133, 30], [1, 378]], [[26120, 54637], [121, 117]], [[26241, 54754], [-2, -213], [33, -77], [-46, -230], [-104, 97], [-2, 306]], [[27288, 64215], [1, 85]], [[27289, 64300], [68, 4], [37, -98], [-23, -253], [-91, 10], [-13, 253], [21, -1]], [[28173, 61024], [-54, -248], [-65, 123], [51, 243], [68, -118]], [[25350, 66359], [113, -4], [216, 2], [-26, -400], [-303, 6]], [[26805, 56536], [-115, 8], [-4, 171], [81, 89], [38, -268]], [[24045, 56667], [153, -107], [-38, -8], [-1, -98], [40, -207], [-158, 24], [-17, 184]], [[24024, 56455], [19, 11], [2, 201]], [[20150, 64591], [190, 27], [93, -594], [-29, -161], [-181, 37], [-27, 274], [20, 229], [-66, 188]], [[21494, 62351], [-311, -11]], [[21183, 62340], [3, 614], [307, 10]], [[21493, 62964], [1, -613]], [[17876, 65779], [-553, 5], [-1, 1953], [283, -849], [23, 60]], [[17628, 66948], [136, -82], [-4, -190], [116, 0]], [[17876, 66676], [0, -897]], [[24761, 68904], [131, 0]], [[24892, 68904], [0, -202], [33, 0], [0, -306]], [[24925, 68396], [-165, 1], [1, 507]], [[27700, 65782], [0, 601]], [[27700, 66383], [125, 199], [64, -153], [6, -646], [-195, -1]], [[26415, 56460], [-56, -272], [-41, 72], [-4, 318], [89, -7], [12, -111]], [[27095, 59118], [-35, 119]], [[27060, 59237], [55, 277], [60, 7], [-17, -321], [-24, 31], [-39, -113]], [[27289, 63305], [3, 355], [146, -18], [-33, -357], [-116, 20]], [[26922, 60208], [21, -209]], [[26943, 59999], [50, -137], [-131, -123], [-28, 197], [88, 272]], [[26892, 59881], [13, -19], [6, 59], [-19, -40]], [[24646, 60030], [18, -277], [-156, 17], [2, 302], [136, -42]], [[23177, 56339], [-80, -120], [-18, -97], [-76, 184], [12, 313], [171, 47], [10, -248], [51, -94], [-70, 15]], [[22670, 63866], [-125, 0]], [[22545, 63866], [-2, 0]], [[22543, 63866], [0, 405]], [[22669, 64271], [1, 0]], [[22670, 64271], [0, -405]], [[28504, 61580], [15, -130], [-14, -116]], [[28505, 61334], [-48, 266], [-62, -78], [-16, 115], [66, 318]], [[28445, 61955], [11, -104], [51, 49]], [[28507, 61900], [56, -155], [-59, -165]], [[24007, 67243], [-1, -405]], [[23874, 66839], [1, 404]], [[23875, 67243], [132, 0]], [[23689, 65624], [-32, 0]], [[23657, 65624], [-97, 0]], [[23560, 65624], [0, 403]], [[23560, 66027], [129, 0]], [[23689, 66027], [0, -403]], [[26621, 61355], [62, 240], [60, -264], [-74, -177], [-48, 201]], [[18766, 61310], [-2, 318]], [[18764, 61628], [26, 99], [482, -11], [-2, -133], [26, -38], [15, -192], [-545, -43]], [[24886, 60119], [1, 550]], [[24887, 60669], [72, 4], [47, -202], [-15, -211], [-105, -141]], [[17052, 70433], [-276, -1], [13, 87], [-28, 137]], [[16919, 71124], [64, 6], [1, -355]], [[16984, 70775], [70, -101], [-2, -241]], [[25097, 59943], [-41, -476], [-74, 328], [41, 171], [30, 2], [-11, 85], [55, -110]], [[24160, 56552], [145, 8], [-6, -418], [-99, 4], [-40, 406]], [[22889, 54806], [2, 505], [143, -8], [-2, -508], [-143, 11]], [[31256, 37951], [-2, -196], [-30, 13], [-1, 187], [33, -4]], [[26296, 65237], [0, -121]], [[26296, 65116], [0, -180]], [[26296, 64936], [-108, -8]], [[26188, 64928], [-1, 305]], [[26187, 65233], [109, 4]], [[24176, 54737], [0, 102]], [[24176, 54839], [53, 8]], [[24229, 54847], [45, 154], [36, -74], [8, -167], [-36, -277], [-77, 1], [-29, 151], [0, 102]], [[24804, 52109], [-108, -269], [5, -137], [-35, 5], [7, 386], [87, 90], [44, -75]], [[24608, 52932], [83, 67], [0, -407], [-96, 1], [20, 80], [-7, 259]], [[24194, 63862], [-93, -4], [-10, 280], [103, 15]], [[25537, 57145], [0, -305]], [[25537, 56840], [-180, 19], [10, 303], [170, -17]], [[26259, 61892], [-77, -83], [-34, 181], [45, -56], [42, 85], [24, -127]], [[20424, 63223], [137, -58], [-1, -210], [-121, 3], [16, 49], [-42, 73], [11, 143]], [[22032, 52174], [0, 488]], [[22032, 52662], [176, 1]], [[22208, 52663], [0, -246], [50, 1], [0, -248], [-226, 4]], [[26418, 70616], [1, -101]], [[26419, 70515], [69, -108], [-3, -233], [-70, -97], [-209, 200], [-207, -54], [1, 494], [418, -101]], [[22207, 52930], [-33, 0]], [[22174, 52930], [1, 641], [80, -96], [21, 85], [41, -25], [0, -605], [-110, 0]], [[25314, 57024], [-10, 619], [46, 0], [28, -120], [-16, -499], [-48, 0]], [[21796, 53095], [0, -438]], [[21796, 52657], [0, -486]], [[21796, 52171], [-222, 0]], [[21574, 52171], [28, 64]], [[21602, 52235], [-23, 92], [25, 231]], [[21604, 52558], [-44, 95], [-19, 253], [-142, 194], [52, -2], [94, -6], [251, 3]], [[22764, 54182], [-3, 137], [114, 152]], [[22875, 54471], [103, -525]], [[22978, 53946], [-60, -123]], [[22918, 53823], [-29, 179], [-76, -118], [9, 91], [-45, 105]], [[21066, 64067], [3, 556]], [[21069, 64623], [256, 1], [-3, -655], [-223, -3], [-1, 101], [-32, 0]], [[21879, 61137], [3, -309]], [[21882, 60828], [-121, 0]], [[21757, 61442], [244, -3]], [[23237, 59971], [-49, 0]], [[23188, 60320], [0, 102], [123, -3]], [[23311, 60419], [0, -448]], [[27305, 56688], [-38, 76], [-30, 386], [152, -34], [-3, -87], [33, -105], [-15, -126]], [[21330, 65131], [4, -507], [-212, 0], [4, 506]], [[23497, 67528], [0, 403]], [[23497, 67931], [135, 0]], [[23666, 67931], [0, -404]], [[23666, 67527], [-169, 1]], [[26711, 58680], [16, -224], [-70, -155], [-44, 9], [-36, 369], [39, 181], [95, -180]], [[26430, 57634], [-126, 0], [17, 288], [61, 58], [56, -92], [-8, -254]], [[21775, 55289], [0, 496]], [[21920, 55786], [-1, -506]], [[21919, 55280], [-144, 9]], [[18744, 72305], [-1, -129], [-98, 6]], [[18645, 72182], [-76, 170], [-75, -51], [-46, 402]], [[18448, 72703], [29, 29], [-37, 177], [233, 0]], [[18673, 72909], [54, -170], [160, 3]], [[18887, 72742], [0, -336]], [[18887, 72406], [-72, -1]], [[18815, 72405], [0, -100], [-71, 0]], [[21337, 64879], [-19, 911], [170, 4], [0, -310], [23, 0], [-19, -605]], [[24932, 62905], [1, -609]], [[24933, 62296], [-125, 0]], [[24808, 62296], [-2, 605], [126, 4]], [[26724, 62897], [146, -56]], [[26870, 62841], [-7, -349], [-163, 34], [-8, 186], [32, 185]], [[24951, 65301], [-154, 0], [-16, 230], [25, 170], [146, 1], [-1, -401]], [[20213, 54041], [8, 121], [173, 2], [12, -673], [-70, 49], [-49, 309], [-74, 192]], [[20954, 54154], [184, 8], [-1, -406], [-80, -1], [-103, 399]], [[23440, 57456], [0, -179]], [[23440, 57277], [-127, 0]], [[23313, 57277], [2, 405], [161, 34]], [[23476, 57716], [0, -136]], [[23476, 57580], [-36, -124]], [[27117, 62667], [3, 153]], [[27120, 62820], [38, 35], [-2, 121], [67, -1]], [[27223, 63047], [122, -85], [-91, -267], [-26, 77], [-75, -224], [-36, 119]], [[24383, 59390], [-125, 0], [9, 648], [121, -9], [-5, -639]], [[22336, 61135], [3, -311]], [[22339, 60824], [-152, 2], [-3, 410], [152, -101]], [[26045, 61466], [19, 110], [64, -135], [-6, -169], [-144, -135], [32, 319], [35, 10]], [[25087, 63414], [-73, -50], [-48, 67], [-7, 400], [127, -44], [1, -373]], [[25293, 68392], [0, -356]], [[25293, 68036], [0, -53], [-134, 3], [0, 102]], [[25159, 68088], [0, 302]], [[25159, 68390], [134, 2]], [[24977, 59389], [3, 97], [17, -60], [-20, -37]], [[25173, 59394], [-130, 6], [-32, -10], [14, 147], [36, -68], [18, 97], [94, -172]], [[22857, 61033], [-153, -2], [0, 306], [153, 0], [0, -101]], [[22857, 61236], [0, -203]], [[20558, 71806], [12, 707], [36, 0]], [[20606, 72513], [0, -101]], [[20606, 72412], [72, 0], [0, -101], [107, 0], [0, -101], [22, 0], [0, -203]], [[20807, 72007], [48, -127]], [[20855, 71880], [10, -237]], [[20865, 71643], [-53, -210], [-195, 68]], [[20581, 71805], [-23, 1]], [[27663, 62645], [-76, -67], [-10, 172], [86, 53], [0, -158]], [[26473, 67906], [-1, -400], [-122, -19]], [[26351, 67893], [122, 13]], [[24793, 57080], [18, -510]], [[24811, 56570], [-88, 0]], [[24723, 56570], [14, 408], [28, 1]], [[24765, 56979], [-1, 99], [29, 2]], [[25967, 60970], [-4, 164], [25, -9], [65, -297], [-60, -344], [-46, 10], [-16, 137], [-46, 26], [36, 244], [46, 69]], [[25087, 61685], [124, 1]], [[25211, 61686], [-2, -406], [-124, 0], [2, 405]], [[22932, 69043], [-1, -303], [-169, 0], [1, 302]], [[22763, 69042], [169, 1]], [[24837, 69915], [171, 1]], [[25008, 69916], [1, -508], [-172, 2]], [[24837, 69410], [0, 304]], [[29278, 68268], [-123, -45], [-29, 992], [-24, 49], [195, 1]], [[29297, 69265], [33, -658]], [[29330, 68607], [-65, -26]], [[29265, 68581], [13, -313]], [[28326, 61460], [13, 45], [5, -51], [-18, 6]], [[27196, 61051], [62, 56], [15, -101], [100, -85], [16, -152], [-27, 34], [-68, -239], [-93, 367], [-5, 120]], [[20583, 55477], [115, 8]], [[20698, 55485], [3, 1103], [30, -1]], [[20731, 56587], [0, -101], [88, -5]], [[20819, 56481], [175, 100]], [[20994, 56581], [0, -306], [35, 1], [-1, -190], [59, 1], [-1, -101]], [[21086, 55986], [-58, -1], [-13, -702], [-299, -2], [0, -515], [-143, -2], [10, 713]], [[20325, 58730], [53, 0]], [[20378, 58730], [-5, 82], [99, 1], [1, -1117], [-148, -2], [-2, 832], [22, 84], [-20, 120]], [[17010, 56130], [48, 293], [54, 0], [103, -334], [-55, -377], [-150, 418]], [[18899, 53494], [0, 111], [56, 0], [0, 238], [198, 6]], [[19153, 53849], [-2, -463], [-171, -1], [-81, 109]], [[28660, 59450], [53, 0]], [[28804, 59450], [24, -355]], [[28799, 59070], [13, -196], [-30, -15], [-20, 283], [-102, 308]], [[25546, 61995], [-43, -200], [-73, 2], [1, 326], [106, 1], [9, -129]], [[25858, 63961], [0, 150], [143, 5], [0, -184], [-117, -39], [-26, 68]], [[25555, 61755], [109, -22]], [[25664, 61733], [0, -328]], [[25664, 61405], [-68, 15]], [[25596, 61420], [0, 157], [-25, -6], [-16, 184]], [[25591, 59556], [-100, -5], [4, 595], [96, 9], [21, -93], [-21, -506]], [[26352, 66274], [-131, -1]], [[26221, 66273], [-1, 406]], [[26220, 66679], [132, -1]], [[26352, 66678], [0, -404]], [[24242, 64505], [-128, -1]], [[24113, 64809], [129, 1]], [[24242, 64810], [0, -305]], [[18015, 55033], [-436, -153]], [[17579, 54880], [6, 938]], [[17585, 55818], [406, 9], [-28, -34], [5, -364], [55, -78], [12, -208]], [[18035, 55143], [-20, -110]], [[25901, 65866], [128, -2]], [[26029, 65864], [-6, -360], [-123, 1], [1, 361]], [[24393, 52998], [21, 55], [-19, 91], [15, 116], [84, 169], [52, -61], [7, -370], [-32, 0]], [[10426, 87209], [161, 0], [59, -50], [0, -100], [134, -100], [17, 102], [133, -146], [80, 178], [172, 20], [-34, -307], [137, -211], [22, -161], [284, -609], [30, -301], [-7, -88], [-138, -139], [0, 83], [-72, 162], [-598, 763], [-135, 48], [-304, 321], [-210, 90], [-316, -77], [194, 623]], [[21863, 62452], [0, 505]], [[21863, 62957], [156, -1]], [[22019, 62956], [-1, -506]], [[22018, 62450], [-155, 2]], [[25039, 54831], [-115, 1], [0, 66]], [[24924, 55190], [0, 52], [114, 2]], [[31520, 38253], [12, -144], [-15, -87], [-18, 113], [21, 118]], [[31281, 38516], [18, 2], [4, -229], [-21, 27], [-1, 200]], [[25267, 56114], [7, -181], [-38, -21], [-114, 65], [-4, 223], [87, 66], [0, -152], [62, 0]], [[24672, 53405], [-146, -3], [1, 306], [145, 2]], [[24672, 53710], [0, -305]], [[25151, 55238], [0, -406]], [[25151, 54832], [-112, -1]], [[25039, 54831], [-1, 413]], [[25038, 55244], [113, -6]], [[22145, 69556], [0, 404]], [[22145, 69960], [275, -3], [0, -404], [-275, 3]], [[31580, 38387], [32, 19], [-15, -191], [-28, 17], [11, 155]], [[25565, 53302], [62, 230]], [[25627, 53532], [19, 213], [63, 129], [12, -240], [46, -26], [-5, -396], [-12, 91], [-185, -1]], [[26291, 62419], [-87, -183], [19, 418], [68, -3]], [[26291, 62651], [0, -232]], [[25874, 62353], [145, 23], [-2, -335], [-21, -64], [-110, 45], [-12, 331]], [[25176, 56573], [0, 337]], [[25176, 56910], [0, 33], [10, 118], [69, 16], [-1, -488], [-78, -16]], [[24393, 52998], [128, 0]], [[24521, 52998], [-37, -401], [-20, 122], [-59, -12], [22, 147], [-28, 50]], [[24399, 52904], [16, -91]], [[24415, 52813], [-26, 9], [4, 176]], [[24387, 52992], [-18, 58], [22, -22], [-4, -36]], [[24709, 57815], [0, 346]], [[24709, 58161], [117, -66], [-24, -122], [28, -166], [-63, -112], [14, -153], [-46, -96], [2, 374], [-28, -5]], [[26237, 52541], [-117, -45], [1, 254], [-46, 86], [27, 159], [139, 5], [40, -352], [-44, -107]], [[21774, 56292], [146, 3]], [[21920, 55786], [-145, -1]], [[21775, 55785], [-1, 507]], [[28708, 60602], [1, -302], [-46, -4], [-41, 239], [86, 67]], [[21501, 73695], [0, 223]], [[21501, 73918], [146, 0]], [[21647, 73918], [13, -527]], [[21660, 73391], [109, 0], [0, -101]], [[21769, 73290], [-218, 1], [0, 303], [-50, 0], [0, 101]], [[22234, 49548], [-2, 709], [166, 8]], [[22398, 50265], [-1, -686]], [[28776, 66703], [-154, 63], [-8, 444], [73, -26], [4, 77], [62, -116], [23, -442]], [[24467, 64707], [0, -304], [-97, 1], [1, 406], [96, -1]], [[22293, 63461], [-125, 0]], [[22167, 63867], [125, 0]], [[22292, 63867], [1, -406]], [[20661, 69270], [-341, -7], [8, 924], [349, -2], [-16, -915]], [[31379, 38068], [36, -154], [-1, -161], [-21, -47], [-14, 362]], [[24389, 68801], [-104, -7], [-16, -213], [-65, 156], [50, -2]], [[24254, 68735], [0, 168]], [[24254, 68903], [135, -1]], [[24389, 68902], [0, -101]], [[19545, 59971], [0, -1158]], [[19545, 58813], [0, -1212]], [[19545, 57601], [0, -442]], [[19545, 57159], [0, -932]], [[19545, 56227], [-84, 1]], [[19461, 56228], [-130, -343], [-22, 98]], [[19309, 55983], [18, 2435], [-48, 0], [0, 1552]], [[19279, 59970], [266, 1]], [[24053, 63110], [3, 392]], [[24056, 63502], [140, 0]], [[24196, 63502], [12, -502], [-109, 6], [1, 102], [-47, 2]], [[21336, 56282], [0, 567]], [[21336, 56849], [146, 1]], [[21482, 56850], [1, -568]], [[22339, 60824], [0, -305]], [[22339, 60519], [0, -100], [-151, -4], [-1, 408], [152, 1]], [[23144, 51655], [32, -148], [-5, -132], [-65, 77], [-24, 187], [-39, 44], [-38, 205], [132, 30], [17, -75], [-10, -188]], [[23674, 63618], [127, -5]], [[23801, 63613], [1, -404], [-124, 5], [-4, 404]], [[26279, 52664], [-46, 422], [83, -7]], [[25727, 68712], [286, -8]], [[26013, 68704], [-1, -405]], [[26012, 68299], [-324, 21], [39, 392]], [[23216, 67245], [-195, 3], [12, 147], [-22, 132], [41, 0]], [[23052, 67527], [111, 0]], [[23163, 67527], [54, 0]], [[23217, 67527], [-1, -282]], [[21612, 58871], [150, 3]], [[21762, 58375], [-150, -2]], [[21499, 59964], [302, 6]], [[21801, 59970], [-3, -579]], [[21798, 59391], [-300, 1]], [[22260, 59502], [0, 261]], [[22260, 59763], [43, -43], [51, -214], [1, -477], [-179, -28], [-2, 499], [86, 2]], [[23476, 64506], [1, 299]], [[23477, 64805], [127, -1]], [[23604, 64804], [0, -300]], [[23604, 64504], [-128, 2]], [[16040, 62652], [16, -450], [44, 91], [-19, -305], [-53, 10], [-39, 155], [5, 139], [-39, 159], [-1, 151], [86, 50]], [[28133, 65754], [166, 29], [3, -606], [-126, -3], [-42, 165], [-1, 415]], [[21574, 51583], [0, 588]], [[21574, 52171], [295, 1], [-16, -1221], [-139, 328], [2, 121], [-16, -54], [-27, 225], [-99, 12]], [[22524, 59970], [0, 448]], [[22524, 60418], [0, 1], [151, 2], [1, -450], [-152, -1]], [[23270, 66029], [-1, -405]], [[23269, 65624], [-130, 4], [3, 122], [-31, 33], [-33, 245], [192, 1]], [[18663, 62941], [-511, -13]], [[18152, 62928], [0, 422], [475, -2], [45, 124]], [[18672, 63472], [35, -137], [-10, -130], [74, 193], [16, -159]], [[18787, 63239], [51, -31], [-37, -104]], [[18793, 62742], [-75, -80], [-48, 18], [-7, 261]], [[22582, 56822], [-1, 455], [15, 0]], [[22713, 57277], [30, 0], [0, -202]], [[22743, 57075], [0, -253]], [[22743, 56822], [-161, 0]], [[28909, 66010], [-116, 57]], [[28793, 66067], [-15, 558]], [[28778, 66625], [166, 23]], [[28944, 66648], [-30, -273], [-5, -365]], [[24884, 64055], [0, 130], [-32, 1]], [[24852, 64186], [1, 406], [150, -2], [-55, -414], [-64, -121]], [[23611, 66839], [132, -1]], [[23743, 66838], [0, -305]], [[23743, 66533], [-132, 0]], [[23611, 66533], [0, 306]], [[23151, 65255], [27, -7], [-4, -71], [26, -30], [-5, -72], [-109, 3], [-29, 118], [-3, 220], [90, -1], [7, -160]], [[24887, 66729], [-157, -1], [-1, 451], [103, -65], [62, 71], [-7, -456]], [[23788, 70614], [13, -388], [-246, -56]], [[23555, 70170], [-2, 668]], [[23553, 70838], [84, -62], [-6, -161]], [[23631, 70615], [157, -1]], [[27533, 64014], [59, 228]], [[27592, 64242], [127, -5]], [[27719, 64237], [-22, -103], [19, -150], [-22, -260], [-36, -36], [-125, 326]], [[24334, 63062], [-126, -62], [4, 404], [124, -5]], [[24336, 63399], [-2, -337]], [[26728, 63105], [-112, 25]], [[26616, 63130], [42, 458], [83, -4], [-13, -479]], [[22797, 63461], [126, 0]], [[22923, 63461], [30, 0]], [[22953, 62955], [-156, 1], [0, 101]], [[22797, 63057], [0, 404]], [[25423, 63319], [-146, -1]], [[25277, 63318], [1, 605]], [[25278, 63923], [147, 0]], [[25425, 63923], [-2, -604]], [[17267, 68666], [91, 419], [76, -2], [27, -404], [64, -54], [-17, -341], [-150, 1], [-21, 105], [-63, 38], [-7, 238]], [[25423, 63319], [113, 4]], [[25536, 63323], [0, -320]], [[25536, 63003], [0, -152]], [[25536, 62851], [-119, 5], [6, 463]], [[21290, 63969], [-7, -1012]], [[21283, 62957], [-251, -2]], [[21032, 63157], [0, 304]], [[21032, 63461], [65, 0], [2, 505], [191, 3]], [[26553, 64412], [107, -2], [22, -364], [-129, 31], [0, 131]], [[26553, 64208], [0, 204]], [[26148, 68300], [0, 403]], [[26148, 68703], [135, -1]], [[26283, 68702], [-1, -407]], [[26282, 68295], [-134, 4], [0, 1]], [[22217, 71166], [-9, 809]], [[22208, 71975], [283, -1], [8, -808], [-282, 0]], [[24390, 60464], [131, -10], [5, -185], [39, -186], [-55, -11], [-2, -235], [-121, 6], [3, 621]], [[23291, 54719], [0, 241]], [[23291, 54960], [169, -174]], [[23460, 54592], [0, -270], [-137, 9], [8, 248], [-40, 140]], [[23178, 58998], [0, 304]], [[23178, 59302], [52, 0]], [[23230, 59302], [5, 0], [9, -607], [-16, -52], [-59, 1]], [[23169, 58644], [1, 254]], [[23170, 58898], [-75, 0], [0, 101], [83, -1]], [[23360, 57988], [-177, -164]], [[23183, 57824], [0, 161]], [[23183, 57985], [0, 101]], [[23183, 58086], [30, 0], [14, 203], [31, 0]], [[23258, 58289], [102, 0], [0, -301]], [[22946, 53118], [143, 296], [23, -421], [-92, -348], [-74, 473]], [[22457, 51998], [-198, -5], [-1, 425], [198, 0]], [[26775, 66303], [-162, -18], [-7, 511], [163, 20]], [[26769, 66816], [6, -513]], [[21005, 71164], [0, -103], [-68, 0]], [[20937, 71061], [1, 917], [105, -1], [16, -813], [-54, 0]], [[20935, 66494], [-233, -3]], [[20702, 66491], [-3, 1035]], [[20699, 67526], [236, 5]], [[20935, 67531], [0, -30]], [[20935, 67501], [0, -555]], [[20935, 66946], [0, -452]], [[23160, 68336], [0, -404]], [[23160, 67932], [-108, 1]], [[23052, 67933], [0, 404]], [[23052, 68337], [108, -1]], [[28465, 61556], [-17, -257], [-75, 139], [7, 99], [85, 19]], [[16670, 71340], [0, -120], [-41, 58], [-32, -98], [-74, -12], [-41, 510], [11, 288], [36, 137]], [[16529, 72103], [95, 4], [0, 101], [60, 115], [30, 303]], [[16714, 72626], [30, 86], [34, 1], [0, -814]], [[23561, 68638], [-46, 0], [-86, 135], [-107, 209], [0, 161], [274, 2], [0, -204]], [[23596, 68941], [-36, 0], [1, -303]], [[27063, 51499], [-2, -311], [-12, -27], [-155, 136], [-1, 342], [37, 134], [110, -127], [23, -147]], [[21667, 65485], [0, 406]], [[21667, 65891], [161, -5]], [[21828, 65886], [1, -404]], [[21829, 65482], [-162, 3]], [[27999, 60198], [26, 237], [56, -109], [44, 74], [-1, -288], [-67, -41], [-58, 127]], [[19272, 62842], [-294, -2]], [[18978, 62840], [-46, 402], [380, -8], [2, -20], [-33, -60]], [[19281, 63154], [-9, -312]], [[29009, 63949], [26, -27], [68, -293], [-70, -114], [3, 82], [-145, 348], [80, 221], [36, -77], [2, -140]], [[22424, 69150], [2, -814], [-167, -2], [-3, 817], [168, -1]], [[28521, 65307], [18, -214]], [[28539, 65093], [84, -151], [-41, -137], [-159, -104], [-104, 345], [-17, 205], [219, 56]], [[17319, 71742], [57, -110]], [[17376, 71632], [141, -12]], [[17517, 71620], [0, -101]], [[17517, 71519], [0, -357]], [[17517, 71162], [-82, 2], [-37, -101], [-79, -1]], [[26646, 55523], [3, 305]], [[26649, 55828], [71, 57], [38, -170], [-52, -197], [-60, 5]], [[27377, 59537], [1, 80], [11, -2], [-12, -78]], [[21051, 58101], [72, 8], [1, 398]], [[21124, 58507], [93, 0]], [[21217, 58405], [0, -34]], [[21217, 58371], [0, -510]], [[21217, 57861], [0, -266]], [[21217, 57595], [-68, 0], [0, -104], [-59, -101], [0, -101], [-58, 1]], [[21032, 57290], [0, -101], [-68, 0]], [[20964, 57189], [-50, 0]], [[20914, 57189], [1, 624]], [[20915, 57813], [75, 142], [61, -27], [0, 173]], [[21920, 56295], [130, 0]], [[22050, 56295], [15, 0]], [[22065, 56295], [1, -510]], [[22066, 55785], [-146, 1]], [[21920, 55786], [0, 509]], [[23912, 55840], [-35, -495], [-88, 1], [-16, 89], [45, 151], [-5, 298], [99, -44]], [[22032, 53101], [-160, -1]], [[21872, 53100], [-1, 508]], [[21871, 53608], [-160, 38], [112, 6], [1, 167], [174, -15], [1, -128], [34, -3]], [[22033, 53673], [-1, -572]], [[27198, 48746], [-137, -3]], [[27061, 48743], [0, 358]], [[27061, 49101], [137, 1]], [[27198, 49102], [0, -356]], [[26522, 62592], [-17, -561]], [[26505, 62031], [-48, 54], [-21, 389], [11, 138], [75, -20]], [[21211, 55276], [2, 499], [128, 0]], [[21341, 55775], [0, -499]], [[21341, 55276], [-130, 0]], [[15440, 69521], [90, 0]], [[15530, 69521], [-1, 253], [121, -33], [51, -169], [-56, -57], [15, -108], [-20, -50], [-199, 2], [-1, 162]], [[24584, 64706], [-117, 1]], [[24467, 64707], [0, 102]], [[24467, 64809], [-32, 1], [0, 304]], [[24435, 65114], [33, -1]], [[24468, 65113], [-1, -101]], [[24550, 65009], [-11, -109], [45, -194]], [[23032, 60324], [0, 354]], [[23032, 60678], [157, -4]], [[23189, 60674], [-1, -354]], [[27162, 63276], [128, 126]], [[27290, 63402], [-1, -97], [-21, 2], [8, -322], [-53, 62]], [[27223, 63047], [0, -72]], [[27223, 62975], [-32, 4], [-30, 195], [1, 102]], [[26553, 64816], [0, -287]], [[26553, 64529], [-67, -70], [-77, 50], [15, 305], [129, 2]], [[22636, 54433], [45, 96], [47, 2], [0, -133], [-69, -135], [-23, 170]], [[28559, 64011], [39, 93]], [[28598, 64104], [107, -278], [-116, -140], [-30, 325]], [[18146, 73918], [522, -1], [3, -606], [-109, 7], [0, -201], [-215, 0], [-2, 132], [-35, 34]], [[18310, 73283], [4, 110], [-79, 78], [13, 120], [-15, 117], [-68, 15], [-19, 195]], [[16832, 64576], [0, -122], [318, 2], [0, -202]], [[17150, 64254], [96, -9]], [[17246, 64245], [0, -175]], [[17246, 64070], [-67, -610], [-501, -3], [9, 1118], [145, 1]], [[23159, 71771], [0, 404]], [[23159, 72175], [144, 1], [0, -405], [-144, 0]], [[29229, 64646], [36, -64], [5, -168], [-106, 307], [38, 136], [44, -80], [-17, -131]], [[18197, 72817], [60, -183], [10, -342]], [[18179, 72292], [36, -486], [-102, -51], [-4, 253]], [[18109, 72008], [-35, 1], [12, 142], [-27, 4], [17, 131], [-73, 8]], [[18003, 72294], [-6, 219]], [[17997, 72513], [35, 0], [-4, 200], [127, 0], [-12, 71], [54, 33]], [[22625, 48547], [56, 133]], [[22681, 48680], [138, -7]], [[22819, 48673], [-8, -405], [26, -383], [-212, 19], [0, 191]], [[22625, 48095], [0, 452]], [[21737, 55281], [0, -507]], [[21737, 54774], [0, -4]], [[21594, 54772], [-1, 499], [144, 10]], [[24808, 60667], [85, 357], [90, -247], [12, -121], [-187, 11]], [[22317, 52908], [14, 661], [73, -132], [15, 60], [6, -104], [32, -16], [-11, -59], [35, -126], [-7, -88], [20, 24], [11, -213], [-188, -7]], [[22562, 58994], [149, 7], [1, -509], [-149, -1], [-1, 503]], [[23005, 52686], [73, -219], [18, -189], [-103, -98], [-83, 303], [95, 203]], [[29277, 66926], [-184, 75]], [[29093, 67001], [13, 281], [109, -87], [50, 46], [12, -315]], [[24636, 56040], [29, 0]], [[24665, 56040], [1, 431], [57, -2]], [[24723, 56469], [0, -203]], [[24723, 56266], [0, -560], [-74, -69], [-13, 403]], [[23868, 69110], [-69, 33], [2, 221], [67, 193], [59, -120], [37, -290], [-44, -125], [-52, 18], [0, 70]], [[28219, 64915], [0, -88], [92, -129], [16, -120], [102, 95]], [[28429, 64673], [-102, -291], [-121, -119], [-120, 70], [58, 242], [25, -4], [-10, 183], [60, 161]], [[22795, 49964], [-54, -301], [-69, 55], [-76, 565], [84, 15], [25, -156]], [[25235, 58330], [12, 276], [109, -9], [-18, -463], [-103, 196]], [[24209, 65624], [-131, -1]], [[24078, 65623], [0, 405]], [[24078, 66028], [0, 100]], [[24078, 66128], [131, 1]], [[24209, 66129], [0, -505]], [[21767, 60423], [115, 0]], [[21882, 60423], [5, 0], [1, -451], [-121, -2]], [[21767, 59970], [0, 453]], [[24113, 64809], [1, -305]], [[24114, 64504], [-128, -1]], [[23986, 64808], [127, 1]], [[23175, 63460], [0, 303]], [[23175, 63763], [146, -16], [20, -241], [29, -47], [-195, 1]], [[25088, 63228], [0, -170]], [[25088, 63058], [32, 0], [0, -1]], [[25120, 63057], [0, -358]], [[25120, 62699], [-141, 3], [-1, 340], [31, 117], [79, 69]], [[27255, 52420], [-101, 81], [-91, -347], [1, 528], [27, 117], [167, -134], [-3, -245]], [[26105, 52344], [-140, -55]], [[25965, 52289], [37, 118], [-16, 169], [26, 180]], [[26012, 52756], [57, -55]], [[26069, 52701], [5, 101], [33, -1], [14, -118], [-16, -339]], [[26369, 53091], [1, 205]], [[26370, 53296], [-29, 4], [1, 203], [138, 8], [-111, -420]], [[26487, 53090], [106, -47]], [[26593, 53043], [-2, -441]], [[26591, 52602], [-95, 20]], [[26194, 61128], [45, 157], [48, -36], [11, -149], [-79, -98], [-25, 126]], [[26162, 61551], [-51, -85]], [[26111, 61466], [-47, 114], [72, 157], [26, -186]], [[26336, 56577], [2, 388]], [[26338, 56965], [110, -37]], [[26448, 56928], [-1, -226], [-111, -125]], [[21573, 71866], [196, 69], [50, -315], [-246, -47]], [[21573, 71573], [0, 293]], [[26084, 68299], [133, 0]], [[26217, 68299], [-1, -408]], [[26216, 67891], [-131, 2]], [[26085, 67893], [-1, 406]], [[25188, 57936], [53, 150], [64, 5]], [[25305, 58091], [-5, -448], [-113, -1], [1, 294]], [[16670, 71340], [0, 153], [108, -2], [0, 408]], [[16778, 71899], [284, -2], [1, -401], [-25, -171], [-368, 15]], [[23714, 60648], [128, -10]], [[23842, 60638], [-3, -338], [-128, 10], [3, 338]], [[24472, 51060], [0, -107]], [[24472, 50953], [-67, 139]], [[24405, 51092], [1, 173], [-37, 178]], [[24369, 51443], [-59, 12], [86, 318], [43, 13], [24, -201], [84, -182], [-52, -102], [16, -138], [-39, -103]], [[29638, 68696], [-42, -401], [-6, 156], [-94, -36], [-14, 349], [29, 43], [8, 141], [89, -107], [30, -145]], [[31476, 38211], [-17, -106], [-1, 72], [18, 34]], [[6341, 41349], [53, 32], [87, -150], [2, -230], [-52, -124], [-97, 11], [-13, -135], [-61, -10], [5, 148], [66, 127], [-65, 186], [-1, 185], [40, 95], [36, -135]], [[6158, 41264], [19, 88], [40, -3], [43, -196], [-62, -140], [-40, 251]], [[6089, 41512], [32, 191], [65, -23], [27, -153], [14, 119], [41, -7], [20, -106], [-63, -164], [-124, 67], [-12, 76]], [[24735, 50669], [7, 431]], [[24742, 51100], [-118, 475], [-56, -69], [34, 221], [97, -16], [52, -228], [54, -21], [-10, -146], [48, -144], [-19, -388], [-31, -67], [-58, -48]], [[24467, 65012], [1, 305]], [[24468, 65317], [162, -3]], [[24630, 65314], [0, -166]], [[24630, 65148], [-70, -39], [-10, -100]], [[24550, 65009], [-83, 3]], [[25650, 52415], [-53, 276], [7, 221], [35, 86], [105, -3]], [[25744, 52995], [-5, -885]], [[25739, 52110], [-32, -20]], [[25707, 52090], [0, 196], [-87, -50], [30, 179]], [[25773, 61746], [-68, -24], [6, 463], [62, 1], [0, -440]], [[26484, 60388], [-45, -239], [-59, 205], [15, 183], [69, 43], [20, -192]], [[26114, 61937], [34, 53], [46, -175], [-31, -104], [-41, 27], [-8, 199]], [[26112, 56818], [-18, 352], [117, -2]], [[26211, 57168], [-20, -176], [-79, -174]], [[27736, 56832], [51, 375]], [[27787, 57207], [105, -373], [-133, -80], [-23, 78]], [[28322, 57930], [116, -202], [6, -313], [-23, -22], [-27, 169], [-129, 95], [63, 192], [-6, 81]], [[24194, 63862], [0, 291]], [[24194, 64153], [114, 10], [-2, -354], [-112, 2], [0, 51]], [[23237, 63459], [0, -403]], [[23237, 63056], [0, -102], [-126, 1]], [[23111, 63460], [126, -1]], [[22168, 62956], [-149, 0]], [[22019, 62956], [-5, 0]], [[22014, 62956], [0, 505]], [[22167, 63461], [1, 0]], [[22168, 63461], [0, -505]], [[31514, 38243], [-21, -123], [-14, 71], [35, 52]], [[31496, 38431], [-8, -51], [-3, 14], [11, 37]], [[22167, 63867], [0, -406]], [[22167, 63461], [-153, 0]], [[22014, 63461], [-4, 0]], [[22010, 63461], [-1, 405]], [[22009, 63866], [158, 1]], [[26414, 52639], [-135, 25]], [[26279, 52664], [37, 415]], [[26316, 53079], [99, 12]], [[26293, 63141], [-103, -13], [-5, 336], [109, 1], [-1, -324]], [[26035, 59788], [-66, -138], [-25, 205], [-30, 17], [33, 295], [87, 3]], [[22414, 65079], [126, 0]], [[22540, 65079], [1, 0], [0, -404]], [[22420, 64675], [-8, 0]], [[22412, 64675], [2, 404]], [[21201, 72378], [127, 0]], [[21328, 72378], [0, 174], [106, -49], [33, -897], [-248, -34], [-18, 806]], [[16474, 61949], [0, -222]], [[16474, 61727], [-118, -70], [-111, -265], [-28, 4], [-9, 320], [198, 52], [68, 183], [0, -2]], [[26282, 59150], [-17, -165], [-57, -7], [21, 481], [87, -39], [20, -151], [-54, -119]], [[23315, 61639], [-3, -460]], [[23312, 61179], [-123, 2]], [[23189, 61181], [3, 458]], [[23192, 61639], [123, 0]], [[26159, 65867], [130, 1], [1, -364], [-104, 0]], [[26186, 65504], [-26, 0]], [[26160, 65504], [-1, 363]], [[27847, 60375], [59, 96], [55, -260], [-22, -213], [-81, 38], [-17, 91], [-52, -90], [58, 338]], [[26991, 62536], [157, -69], [-20, -81], [16, -167], [-37, -68], [-32, 180], [-26, -83], [-63, 64], [5, 224]], [[27291, 61441], [124, 342], [37, -36], [7, -201], [53, -101]], [[27512, 61445], [-77, -219]], [[27435, 61226], [-144, 215]], [[22592, 59500], [-2, 0], [0, 470], [181, 1]], [[22771, 59971], [0, -471]], [[22421, 69553], [205, -4], [1, -707], [-203, 3], [-3, 708]], [[29650, 67356], [-6, 222], [22, 163], [-33, 38], [6, 130]], [[29639, 67909], [-45, -3], [-6, 66], [32, -25], [21, 117]], [[29641, 68064], [163, -222]], [[29804, 67842], [-49, -230], [-15, -395], [-121, 78], [5, 88], [26, -27]], [[23500, 53169], [-99, -374]], [[23401, 52795], [-15, 96], [-40, -57], [-11, 232], [133, 383], [22, -116], [10, -164]], [[20060, 57903], [265, -5]], [[20325, 57898], [0, -304], [26, 0], [0, -97]], [[20351, 57497], [-87, 0]], [[20264, 57497], [-156, 0], [-48, 406]], [[26378, 53090], [103, 423], [39, 2], [-1, -426], [-141, 1]], [[6739, 39973], [76, -297], [-15, -140], [-161, -316], [-72, -318], [-77, 160], [-5, 390], [-49, 445], [65, 339], [-20, 173], [11, 154], [35, 11], [150, -286], [58, -192], [4, -123]], [[26354, 59784], [83, 126], [-15, -193], [34, -218], [-153, 12], [51, 273]], [[26465, 61819], [-78, -54], [-16, 290], [84, 96], [10, -332]], [[26143, 61071], [-46, 77], [26, 158], [90, -128], [-70, -107]], [[19069, 73012], [3, 905], [349, 2], [7, -636], [-24, -185], [5, -185]], [[19409, 72913], [-54, -2], [0, 103], [-33, -3], [0, 101], [-217, 1], [0, -101], [-36, 0]], [[22283, 65482], [127, 0]], [[22410, 65482], [1, 0]], [[22411, 65482], [1, -403]], [[22412, 65079], [-126, 0]], [[22286, 65079], [-3, 0], [0, 403]], [[21361, 56849], [0, 505]], [[21361, 57354], [146, 1]], [[21507, 57355], [1, -506]], [[21508, 56849], [-147, 0]], [[28089, 63064], [6, 72], [243, -3], [-62, -466], [-31, 138], [11, 69], [-34, 66], [14, 61], [-93, 104], [-27, -89], [-27, 48]], [[26874, 60106], [1, -84], [-40, -80], [-80, -19], [28, 71], [1, 175], [64, 115], [71, -84], [-45, -94]], [[28902, 62709], [-32, 117], [0, 203], [34, 179], [105, -250]], [[29009, 62958], [-6, -130], [-43, 118], [-58, -237]], [[27836, 60480], [23, 37], [29, -86], [-36, -72], [-16, 121]], [[24224, 57161], [-1, -102]], [[24223, 57059], [-122, -91], [-34, 204], [-48, 54]], [[24019, 57226], [3, 157], [-30, 0]], [[23992, 57383], [1, 100]], [[23993, 57483], [117, -8]], [[24110, 57475], [0, -101], [29, -3]], [[24139, 57371], [-1, -84], [86, -126]], [[27140, 61926], [-81, -85], [2, -155], [-45, 136], [-1, 227], [55, 282], [70, -405]], [[27465, 62185], [-106, -216], [-20, 87], [6, 250], [86, 102], [34, -223]], [[24468, 53883], [33, 127], [113, -50], [30, -47], [-1, -204], [-116, -1], [-40, 72], [10, 111], [-29, -8]], [[22023, 73390], [-10, 528]], [[22013, 73918], [183, 0], [9, -528]], [[20066, 70993], [6, -101], [35, 0]], [[20107, 70892], [25, -611], [-136, 101]], [[19996, 70382], [0, 101]], [[19996, 70483], [-26, 7], [15, 149], [-76, 353], [157, 1]], [[26497, 61268], [32, -214]], [[26529, 61054], [-30, -127], [-75, 84], [6, 125], [67, 132]], [[31431, 38277], [-26, -86], [-2, 131], [28, -45]], [[26090, 66273], [-417, -5], [-5, 405], [421, 3]], [[26089, 66676], [1, -403]], [[25428, 58961], [-26, -213], [24, -16], [-12, -136], [-69, 36], [2, 318], [36, 158], [-3, 121], [40, -87], [8, -181]], [[23494, 68687], [104, -161], [34, -292], [-204, -1], [-2, 202]], [[26162, 59428], [2, 111]], [[26164, 59539], [137, -28], [15, -91], [-78, 57], [-34, -195], [-42, 146]], [[28204, 60957], [0, 3], [1, -1], [-1, -2]], [[28132, 61287], [146, -143], [-31, -323], [-42, 142], [-100, 179], [27, 145]], [[28213, 60930], [1, 0], [0, -1], [-1, 1]], [[25976, 62700], [0, 339]], [[25976, 63039], [0, 68]], [[25976, 63107], [89, 1]], [[26065, 63108], [1, -404], [-90, -4]], [[26751, 63625], [113, -20]], [[26864, 63605], [-11, -352], [-123, -12], [21, 384]], [[18532, 60604], [-129, -80], [-91, 63]], [[18312, 60587], [0, 104], [-161, -16]], [[18151, 60675], [0, 632]], [[18151, 61307], [438, -1], [3, -299]], [[18592, 61007], [-62, -98], [2, -305]], [[17284, 61136], [0, -1197]], [[17284, 59939], [-350, 1075], [203, 671], [147, -549]], [[25263, 71927], [-325, 498], [55, 348], [40, -46], [184, 315], [103, 43], [333, -540], [0, -691], [-330, -27]], [[18793, 62742], [8, 362]], [[18801, 63104], [37, 53], [-16, 84], [110, 1], [-15, -908]], [[18917, 62334], [-199, 16]], [[18718, 62350], [0, 338], [75, 54]], [[21757, 61442], [4, -614]], [[21639, 60828], [-5, 612]], [[21634, 61440], [123, 2]], [[27359, 50225], [5, 206], [85, 0]], [[27449, 50431], [53, -370], [-20, -234], [44, -476], [-134, -45], [-1, 754], [-32, 165]], [[25772, 62670], [84, 22], [18, -406], [-101, 2], [-1, 382]], [[23986, 64503], [-128, 0]], [[23858, 64503], [0, 306]], [[23858, 64809], [128, -1]], [[23986, 64808], [0, -305]], [[26344, 61256], [-22, -282], [-15, -16], [-28, 341], [39, 63], [26, -106]], [[27277, 54808], [74, 228], [16, -128], [24, 21], [12, -290], [-52, -197], [30, -190], [45, 1], [-11, -97], [-92, 138], [-4, 263], [-42, 251]], [[21006, 52316], [100, 295]], [[21106, 52611], [312, -915], [-19, -137], [-80, -20], [-54, -604], [-35, -52], [-44, -242], [-174, 289], [-6, 1386]], [[27033, 56403], [12, -115], [-19, -123], [18, -148]], [[27044, 56017], [-133, 485], [31, 78], [44, -20], [5, -107], [73, 13], [-31, -63]], [[27238, 57069], [-34, -66], [-86, 174], [38, 370], [72, -86], [10, -392]], [[23730, 68329], [-55, 12], [-159, 293], [237, 5], [-23, -310]], [[25496, 69715], [-17, -245], [82, -111]], [[25561, 69359], [-89, -363], [1, 263]], [[25473, 69259], [-101, 38], [-18, 203], [-34, 4], [1, 201]], [[25321, 69705], [-35, 3]], [[25286, 69708], [1, 402]], [[25287, 70110], [126, 51], [54, -100], [-30, -380], [59, 34]], [[15737, 70355], [105, 30]], [[15842, 70385], [20, 117], [-7, -600], [-130, 132], [-9, 195], [21, 126]], [[24837, 69714], [-177, -5]], [[24660, 70012], [0, 399]], [[24660, 70411], [105, 0]], [[24765, 70411], [72, 0]], [[24837, 70411], [0, -98]], [[24837, 70313], [0, -398]], [[24837, 69915], [0, -201]], [[25916, 64617], [62, 3]], [[25978, 64620], [2, -404]], [[25980, 64216], [20, 0], [1, -100], [-84, -3], [-1, 504]], [[22642, 61742], [-155, -1]], [[22487, 61741], [-1, 406]], [[22486, 62147], [155, 0]], [[22641, 62147], [1, -405]], [[24404, 54838], [-11, 99]], [[24393, 54937], [56, 394], [47, -2], [-50, -491], [-42, 0]], [[26368, 51851], [-134, -48], [-36, 141], [53, 567], [23, 30], [0, -85], [66, -168], [-26, -143], [54, -294]], [[22184, 61033], [-183, 2]], [[22001, 61035], [0, 101]], [[22001, 61136], [0, 303]], [[22001, 61439], [179, 0]], [[22180, 61439], [4, 0], [0, -406]], [[22039, 59975], [-151, -3], [-6, 552], [152, 0]], [[22034, 60524], [5, -549]], [[25656, 60454], [-63, -19], [-9, 177], [-38, 113], [24, 42], [103, -142], [-27, -89], [10, -82]], [[24468, 53389], [-62, -168], [-18, 69], [39, 32], [-17, 154], [28, -49], [-13, 179], [33, 78], [-31, 46], [32, -10], [22, 151], [14, -120], [32, -19], [-1, -330], [-58, -13]], [[31231, 38186], [49, -2], [2, -76], [-51, 78]], [[25362, 57024], [-13, -438], [-95, 3], [1, 437], [107, -2]], [[26314, 61494], [4, -132], [-50, -119], [-34, 42], [8, 240], [72, -31]], [[30996, 68505], [-77, -281], [-79, -83], [-18, 118], [-50, -16], [-46, 109], [28, 307], [-6, 244], [103, 92]], [[30851, 68995], [-15, 253], [64, 138], [-9, 142]], [[30891, 69528], [69, 36]], [[30960, 69564], [20, -345], [-34, -20], [50, -694]], [[30778, 68066], [11, -110], [-44, -155], [-64, 143], [-49, -94], [-28, 48], [-18, 61], [32, 224], [-47, 290], [51, 59], [73, -188], [141, -150], [-17, -131], [-41, 3]], [[26504, 55926], [39, 262], [65, -171], [2, -127], [-50, -140], [-56, 176]], [[22183, 69555], [238, -2], [0, -403], [-238, 1]], [[22183, 69151], [0, 404]], [[25217, 71422], [0, -501]], [[25217, 70921], [-87, -1]], [[25130, 70920], [0, 303], [35, -1], [0, 99], [-19, 0], [-5, 828]], [[25141, 72149], [122, -222]], [[25263, 71927], [59, 0], [1, -100]], [[25323, 71827], [70, 0], [1, -181], [-142, -123], [0, -101], [-35, 0]], [[18012, 71301], [-60, -59], [-154, 651], [-123, 195], [67, 84], [137, -96], [16, -118], [153, -353], [-40, -53]], [[25905, 58040], [82, -56], [14, -350], [-127, 4], [1, 265], [30, 137]], [[24426, 53613], [13, -177], [-26, 55], [15, -162], [-40, -33], [26, -234], [-28, -98], [3, 78], [-20, 8], [13, 167], [-53, 140], [25, 90], [-23, 125], [38, -63], [-29, 174], [32, 52], [7, 126], [86, 7], [-6, -148], [-33, 3], [31, -62], [-31, -48]], [[24574, 52502], [21, 89], [96, 1], [26, -354], [-10, -134], [-58, -51], [-70, 236], [-5, 213]], [[30130, 66464], [-61, 83], [0, 92]], [[30069, 66639], [98, 175], [47, -14], [5, -166], [52, -29], [7, -96], [-40, -254], [-105, 45], [-3, 164]], [[21240, 69517], [-1, -707], [-305, -39], [5, 746]], [[20939, 69517], [301, 0]], [[20766, 62447], [-186, 0], [71, 482], [115, 25]], [[27305, 56688], [99, 110]], [[27404, 56798], [-12, -100], [41, -132], [29, 35], [-1, -414], [-103, 124], [-18, 176], [-81, 237], [46, -36]], [[26001, 63393], [0, 320]], [[26001, 63713], [0, 186]], [[26001, 63899], [79, 1], [1, -504], [-80, -3]], [[22801, 56923], [0, 152]], [[22801, 57075], [58, -1]], [[22859, 57074], [-15, 135]], [[22844, 57209], [104, -34], [-15, -302], [-132, 50]], [[27444, 63675], [45, 248]], [[27340, 62058], [19, -89], [-27, -123], [-55, 350], [35, 147], [42, -87], [-14, -198]], [[27262, 60146], [14, 77], [85, 101], [35, -180], [-147, -227], [-23, 96], [54, 67]], [[19823, 70315], [-6, -442]], [[19817, 69873], [-175, -64], [-29, 103]], [[19613, 69912], [5, 100]], [[19618, 70012], [-34, 52], [-5, 522]], [[19579, 70586], [144, 1]], [[19723, 70587], [0, 120], [105, 32], [28, 153], [41, 0]], [[19897, 70892], [0, 117], [86, -396], [-11, -130], [-149, -168]], [[27009, 61446], [54, 125], [1, -103], [60, 41], [8, -116], [-40, -101], [-8, -99], [19, -24], [-112, -100], [32, 119], [-26, 115], [12, 143]], [[15822, 62027], [-59, -113], [-120, 407], [-8, 137], [26, 129], [-20, 295], [92, 90], [-11, -313], [83, -162], [-5, -138], [43, -150], [-23, -24], [2, -158]], [[26487, 53090], [9, -468]], [[26496, 52622], [-82, 17]], [[26414, 52639], [1, 452]], [[26415, 53091], [72, -1]], [[20261, 59965], [-57, 273], [0, 203]], [[20204, 60441], [261, -54], [6, -420], [-210, -2]], [[19541, 61716], [4, -1745]], [[19545, 59971], [-659, 3], [126, 143], [24, 257], [38, 1], [-3, 130], [69, 225], [27, 266]], [[19167, 60996], [54, 15]], [[19221, 61011], [90, 336], [-44, 315], [274, 54]], [[25680, 62847], [2, 457], [89, -2], [1, -459], [-92, 4]], [[17904, 66684], [5, 123]], [[17909, 66807], [-46, 39], [0, 330], [137, 0], [-6, -638], [-57, 24], [-33, 122]], [[24799, 58097], [18, 102], [13, -8], [4, -91], [-35, -3]], [[24992, 58315], [3, -199], [-47, -37], [-115, 38], [6, 172], [34, -45], [43, 160], [76, -89]], [[24484, 52211], [-49, 204]], [[24435, 52415], [43, 187], [25, -122], [-11, -54], [23, 7], [-10, -160], [26, -61], [-47, -1]], [[24093, 64144], [8, -286], [-190, 46], [-2, 229], [184, 11]], [[18986, 68882], [107, 0], [0, -97]], [[19093, 68785], [105, -46], [-1, -131]], [[19197, 68608], [42, -171], [7, -175], [18, 0]], [[19264, 68262], [-1, -877], [-80, 0], [0, -101], [-65, 1], [0, -66]], [[19118, 67219], [-130, 94]], [[18988, 67313], [-2, 1569]], [[24529, 66938], [200, 241], [1, -806], [-60, 1], [-19, 149], [-96, 118], [-25, 198], [-1, 99]], [[21480, 71572], [323, 3], [41, -339], [41, -15], [27, -172], [-18, -132], [-76, -9], [-46, -145], [0, 101]], [[21772, 70864], [-70, 0], [0, 301]], [[21702, 71165], [-222, 101]], [[21480, 71266], [0, 306]], [[28543, 58970], [49, 248], [-4, -279], [49, -98], [-62, -49], [-32, 178]], [[26929, 58141], [-70, 18], [4, 149], [-33, 127], [146, 167], [24, -124], [-4, -143], [34, -74], [-101, -120]], [[16453, 63119], [-202, 80], [-56, -208], [-94, 319], [13, 249], [-22, 122], [29, 138], [-37, 49]], [[16084, 63868], [-7, 109]], [[16077, 63977], [122, 1]], [[16199, 63978], [0, -221], [37, -75], [46, 144]], [[16282, 63826], [52, -35], [102, -232], [31, -204]], [[16467, 63355], [-14, -236]], [[28351, 60164], [13, 93], [13, -55], [-26, -38]], [[29706, 68297], [-35, -174], [-65, 68], [-10, 104], [41, 338], [42, -62], [61, 125], [60, -99], [-62, -339], [-32, 39]], [[21070, 68810], [169, 0], [1, 506]], [[21240, 69316], [267, -1]], [[21507, 69315], [0, -612]], [[21507, 68703], [-85, -91]], [[21422, 68612], [-23, -341]], [[21399, 68271], [-296, 0]], [[21103, 68271], [-1, 135], [-33, -1], [1, 405]], [[25976, 63039], [-104, -8]], [[25872, 63371], [108, 3], [-4, -335]], [[24531, 55729], [10, -125], [17, 40], [-12, -162]], [[24546, 55482], [-32, -16], [21, -103], [-93, -32], [2, 648], [61, -3], [14, -72], [-14, -70], [32, 27], [-14, -96], [31, 81], [-23, -117]], [[26594, 55268], [68, -149], [-32, -190], [-80, 185], [44, 154]], [[31328, 37910], [-30, -137], [16, 278], [14, -141]], [[31280, 38317], [-1, -134], [-40, 63], [7, 101], [34, -30]], [[24066, 58487], [-12, -637], [-58, -65], [-66, 243], [38, 467], [98, -8]], [[28329, 59589], [182, 378], [9, -134], [-42, -212], [21, -78], [-7, -101], [-120, 8], [-43, 139]], [[23460, 54592], [0, 194]], [[23460, 54786], [67, 151], [12, -286], [31, -65], [-110, 6]], [[29310, 64999], [22, -381], [-93, 169], [71, 212]], [[24144, 59389], [-18, -167]], [[24126, 59222], [52, -228], [-1, -111], [-133, 60], [1, 438], [99, 8]], [[28611, 59450], [-123, 11], [111, 413], [37, 18], [-25, -442]], [[20662, 62448], [274, -2], [-1, -704]], [[20935, 61742], [-247, -4]], [[20688, 61738], [0, 152]], [[24721, 60994], [97, -242], [-150, -33], [3, 504], [3, -79], [59, 40]], [[24733, 61184], [26, -71], [-38, -119]], [[21285, 53756], [8, 0]], [[21293, 53756], [0, -14]], [[21293, 53742], [0, -402]], [[21293, 53340], [-191, 154], [-15, 232], [-29, 30], [227, 0]], [[21495, 61447], [-406, -4], [-1, 300], [92, 2], [0, 101], [314, 3], [1, -402]], [[22210, 56293], [0, 292]], [[22210, 56585], [0, 361], [21, -25], [8, 98], [46, -140], [4, -144], [67, -2]], [[22356, 56733], [-1, -440]], [[22355, 56293], [-145, 0]], [[15438, 66060], [-18, -120]], [[15420, 65940], [11, -158], [-155, 35], [-54, 495], [27, 186], [-64, 181], [42, 214], [92, -24], [24, -311], [116, 138], [-90, -462], [69, -174]], [[20662, 62448], [-11, -384], [37, -4], [0, -170]], [[20688, 61890], [-108, 55], [0, 502], [82, 1]], [[23677, 63164], [-1, -339]], [[23676, 62825], [-108, 2]], [[23568, 62827], [-1, 338]], [[18835, 64130], [55, 132], [69, -166], [69, 156], [3, -910], [-53, 1]], [[18978, 63343], [-44, 161], [-11, 256], [-48, 40], [-46, 167], [6, 163]], [[18988, 66968], [0, -587]], [[18933, 66484], [-100, -15], [1, -203], [-77, 1], [-26, 351], [-47, 39], [-2, 193], [23, 122], [283, -4]], [[27764, 59091], [-140, 18]], [[27624, 59109], [2, 332]], [[27626, 59441], [143, -2], [-5, -348]], [[24377, 57554], [-31, 3]], [[24346, 57557], [1, 138], [60, -18], [1, 77], [61, -46], [-3, -448], [-20, -15], [19, -105], [-60, 6], [-1, -102], [-23, 2], [-4, 508]], [[24199, 56142], [100, 0], [0, -463], [-46, -166], [-67, 177], [13, 452]], [[22686, 53780], [-141, -297], [-53, 311]], [[22492, 53794], [85, 183]], [[22577, 53977], [-14, 88], [56, 117]], [[28760, 62225], [58, 238], [11, -590], [-86, 106], [33, 100], [-16, 146]], [[23417, 70152], [-172, 1]], [[23245, 70153], [-3, 404]], [[23242, 70557], [174, -1], [1, -404]], [[18781, 71094], [1, -604], [35, -1], [0, -250]], [[18817, 70239], [0, -6], [-119, 26], [-27, -120], [-64, 104], [-25, 403], [-26, 61], [18, 115], [99, 140], [-8, 51], [116, 81]], [[28415, 62179], [42, -132], [0, -78], [-51, -132], [-87, 277], [59, 250], [58, -144], [-21, -41]], [[28388, 62148], [-12, -21]], [[28376, 62127], [4, -22], [14, 7], [-6, 36]], [[28384, 62118], [-1, -4]], [[28383, 62114], [-2, 3], [3, 1]], [[18364, 70691], [203, 50], [-6, -101], [-55, -50]], [[18506, 70590], [0, -102]], [[18506, 70488], [-45, -64], [-13, -117], [-64, -20], [-51, -125], [-33, 203], [66, 120]], [[18366, 70485], [-2, 206]], [[26536, 59027], [-92, -321], [-50, 280], [105, 89], [12, 85], [25, -133]], [[26842, 64958], [139, -7], [2, -253], [-28, -1], [1, -84], [-110, 4], [-4, 341]], [[26977, 53499], [-67, 45], [-8, 237], [36, 44], [72, -181], [-33, -145]], [[28892, 62747], [95, -447]], [[28987, 62300], [-162, -201]], [[28825, 62099], [-11, 543]], [[28814, 62642], [78, 105]], [[26681, 64815], [-128, 1]], [[26553, 64816], [-1, 287], [130, 238], [-1, -526]], [[26570, 56634], [55, 195]], [[26625, 56829], [40, -40], [32, -119], [-16, -165], [-33, -59], [-78, 188]], [[23435, 61178], [-123, 1]], [[23312, 61179], [3, 409]], [[23315, 61588], [123, 0]], [[23438, 61588], [-3, -410]], [[24853, 64287], [-128, 3]], [[24725, 64290], [2, 507], [126, -2], [0, -508]], [[19445, 70688], [-244, 1], [2, 569], [246, -20], [-4, -550]], [[25994, 58644], [-42, -249], [-47, 71], [15, 301], [36, 2], [38, -125]], [[30409, 69113], [29, -303], [-31, -18], [0, -120], [-55, -31], [-12, 129]], [[30340, 68770], [-75, 48], [-18, 215], [-43, -74]], [[30204, 68959], [-16, 776], [54, -19], [-25, 147], [46, 182], [39, -608]], [[26582, 61102], [56, 101], [39, -29], [-32, -247], [-32, 15], [-31, 160]], [[22143, 69960], [-1, 404]], [[22142, 70364], [277, -3], [0, -404], [-276, 3]], [[20114, 61581], [0, -276]], [[20114, 61305], [-158, 1]], [[19956, 61306], [-18, 179], [37, 0], [5, 1085], [30, 13], [26, -148]], [[20036, 62435], [60, 0]], [[20096, 62435], [44, -147], [60, 73], [64, -168]], [[20264, 62193], [38, 0], [-35, -246], [57, -321]], [[20324, 61626], [-210, -45]], [[26179, 69407], [0, 102], [-66, 1]], [[26113, 69510], [-61, 349], [-49, 83]], [[26003, 69942], [-5, 279], [176, 61], [-12, -372], [78, -323], [76, 19], [-1, -202], [-136, 3]], [[23145, 69725], [240, 25], [3, -303], [-226, 5], [-17, 273]], [[26681, 64815], [0, 101], [162, 2], [3, -301], [-165, -5], [0, 203]], [[27070, 54485], [12, -229]], [[27082, 54256], [61, -39], [-59, -308], [-70, 151], [-3, 467], [59, -42]], [[22316, 55245], [145, 25]], [[22461, 55270], [-1, -510]], [[22460, 54760], [-144, -1]], [[22316, 54759], [0, 486]], [[28457, 58744], [2, -100]], [[28459, 58644], [31, 49], [12, -102], [14, 86], [20, -26], [-20, -154], [-43, -83], [-102, 186], [-16, 209], [23, 84], [39, -163], [40, 14]], [[18042, 70629], [31, 571], [140, 0], [-14, -190], [36, -269], [-20, -66]], [[18215, 70675], [19, -112], [-14, -87]], [[18220, 70476], [79, -113], [-2, -69], [-103, -129], [-121, -361], [-65, 114], [19, 170]], [[18027, 70088], [-19, 81]], [[18008, 70169], [49, 129], [-39, 303]], [[18018, 70601], [24, 28]], [[26897, 56468], [46, -401], [-48, -51], [-63, 28], [-30, 187], [73, 237], [22, 0]], [[16778, 71899], [2, 792], [112, -13], [53, -118], [47, 133], [38, -169], [66, 45], [4, -672], [-322, 2]], [[15777, 60794], [82, 1]], [[15859, 60795], [56, -267], [-31, -54], [11, -251]], [[15850, 60036], [-42, 143], [-31, 615]], [[26296, 65116], [-1, 314], [113, 11], [16, -323], [-128, -2]], [[21207, 60720], [288, 1]], [[21495, 60721], [0, -296]], [[21495, 60425], [0, -461]], [[21495, 59964], [-290, 8]], [[17595, 73340], [-205, -2], [0, 404], [-69, -1]], [[17321, 73741], [0, 177], [274, 2], [0, -580]], [[18988, 65785], [-129, -2]], [[18859, 65783], [-25, 115], [13, 294], [-18, 269], [104, 23]], [[18933, 66484], [2, -145], [53, 42]], [[18988, 66381], [0, -596]], [[26729, 63743], [22, -160], [-93, 5], [-5, 457], [76, 3], [0, -73]], [[26729, 63975], [0, -232]], [[27246, 65026], [-135, -85]], [[27111, 64941], [0, 88], [-26, 0], [0, 612]], [[27085, 65641], [132, 254]], [[27217, 65895], [2, -611]], [[27219, 65284], [19, 0], [8, -258]], [[22833, 51121], [27, 283], [77, 6], [85, -346], [-106, -316], [-83, 373]], [[23231, 59505], [6, 466]], [[23237, 59971], [74, 0]], [[23311, 59971], [32, 0]], [[23343, 59971], [-7, -466]], [[23336, 59505], [-105, 0]], [[26866, 55619], [55, 85], [35, -61], [-42, -181], [-43, 64], [-5, 93]], [[17019, 69817], [-162, -145], [12, -173], [30, 0], [8, -234]], [[16907, 69265], [-180, 1]], [[16727, 69266], [5, 604], [-28, 0], [0, 100], [-52, 1], [1, 366]], [[16653, 70337], [123, 95], [282, 1], [1, -214], [-26, -92], [-14, -310]], [[21228, 66946], [0, 554]], [[21228, 67500], [0, 150]], [[21228, 67650], [54, 95], [186, 15], [16, -815], [-256, 1]], [[22953, 63461], [158, -1]], [[23111, 63460], [0, -505]], [[23111, 62955], [-95, 0]], [[23016, 62955], [-63, 0]], [[22953, 62955], [0, 506]], [[24440, 54783], [111, 32], [22, -84], [-29, 68], [-6, -76], [41, -51], [-9, -95], [35, 18], [-33, -209], [-40, 65], [-114, -50], [27, 180], [-5, 202]], [[24555, 54306], [14, 44], [-3, -42], [-11, -2]], [[20065, 73919], [297, -1], [-11, -204], [36, 0]], [[20387, 73412], [61, -1], [-11, -642], [-157, 54], [-57, -325], [-75, -115], [-149, 15], [3, 613]], [[26194, 57323], [53, 310], [47, 0], [-32, -432], [-68, 122]], [[21750, 61949], [1, -507]], [[21751, 61442], [-124, -1], [1, 507], [122, 1]], [[22424, 67376], [178, -216], [-24, -402], [-197, 369], [-7, 101], [-118, 270], [168, 28]], [[22424, 67526], [0, -150]], [[22894, 66192], [-97, 0]], [[22797, 66192], [0, 101]], [[22797, 66293], [-33, 0]], [[22764, 66772], [71, 1], [60, -105], [-1, -476]], [[15714, 72064], [0, 135]], [[15648, 72199], [77, 191], [46, 223], [-3, 112], [49, -152], [-29, -510]], [[25350, 65963], [-141, -1]], [[25209, 65962], [0, 395]], [[25209, 66357], [141, 2]], [[25350, 66359], [0, -396]], [[19636, 71909], [112, 52], [1, 312]], [[19749, 72273], [106, -17], [-8, -514], [22, -148], [-17, -136], [32, -146], [-224, -9]], [[19660, 71303], [7, 406]], [[19667, 71709], [-36, 2], [5, 198]], [[23802, 62537], [0, 369]], [[23802, 62906], [0, 101]], [[23802, 63007], [134, 5], [0, -183], [48, -86], [-24, 29], [-51, -206], [-107, -29]], [[17319, 71896], [0, -146]], [[17319, 71750], [0, -8]], [[17319, 71742], [0, -680]], [[17319, 71062], [0, -135], [-48, -1], [-12, 140], [-59, 180], [-77, -6], [-42, -127], [-90, 4], [-9, 169], [57, 40], [20, 114], [3, 457], [257, -1]], [[24001, 67944], [-101, -13]], [[23900, 67931], [0, 405]], [[23900, 68336], [101, 0]], [[24001, 68336], [0, -392]], [[22797, 63866], [0, -405]], [[22797, 63461], [-126, 0]], [[22671, 63461], [0, 405]], [[22671, 63866], [126, 0]], [[25031, 58571], [44, 239], [22, -160], [60, -91], [-46, -122], [-80, 134]], [[23874, 66432], [10, -405], [-65, 0]], [[23819, 66027], [-65, 0]], [[23754, 66027], [-11, 405]], [[23743, 66432], [131, 0]], [[26518, 62593], [-97, 43]], [[26421, 62636], [-3, 346]], [[26418, 62982], [108, -24]], [[26526, 62958], [-8, -365]], [[26410, 55689], [41, 44], [44, -78], [-10, -124], [-104, 6], [29, 152]], [[29106, 64138], [-24, -80]], [[29082, 64058], [14, -106]], [[29042, 63856], [-33, 91], [-2, 142], [-35, 41], [85, 244], [46, -79], [3, -157]], [[23714, 60716], [-151, 16]], [[23563, 60732], [1, 472]], [[23564, 61204], [155, -27], [-5, -461]], [[25563, 63382], [96, 22], [0, -99], [23, -1], [-1, -304], [-103, 3], [8, 296], [-23, 83]], [[23874, 66839], [132, -1]], [[24006, 66838], [0, -58]], [[24006, 66780], [0, -349]], [[24006, 66431], [-132, 1]], [[23874, 66432], [0, 407]], [[26535, 55837], [34, -304], [-84, 26], [50, 278]], [[21030, 62955], [-2, -813], [-93, 2]], [[20935, 62144], [1, 302], [-170, 1]], [[20766, 62447], [0, 507]], [[20766, 62954], [264, 1]], [[30081, 65421], [-27, -53], [-16, 108], [13, 47], [30, -102]], [[22686, 53780], [-67, 402]], [[22619, 54182], [105, 220], [47, -41], [-7, -179]], [[22764, 54182], [30, -45], [-17, -57]], [[22777, 54080], [45, -109], [-16, -139], [-75, -150], [-24, 143], [-21, -45]], [[30103, 65389], [4, -287], [-109, -123], [43, 430], [62, -20]], [[26972, 63062], [-68, -110], [-62, -3], [9, 442], [97, -13], [24, -316]], [[22009, 72580], [-22, 810]], [[21987, 73390], [36, 0]], [[22023, 73390], [182, 0]], [[22205, 73390], [0, -202]], [[22205, 73188], [-98, 0], [9, -609]], [[22116, 72579], [-42, 1], [-19, -1]], [[22055, 72579], [-10, 0]], [[22045, 72579], [-27, 0], [0, 1], [-3, -1], [-6, 1]], [[24936, 65702], [-130, -1], [-3, 218], [-43, 89], [175, 7], [1, -313]], [[23044, 72579], [-1, 135], [216, 1], [0, -33]], [[23259, 72581], [-36, -9]], [[16387, 68763], [-123, -1], [0, -100]], [[16264, 68662], [-45, 0], [0, -101], [-238, 3], [23, 429], [-14, 58], [401, 12], [-4, -300]], [[25642, 59306], [67, -55], [-36, -393], [-40, 10], [9, 297], [-38, 19], [38, 122]], [[25643, 59151], [2, -3], [0, 2], [-2, 1]], [[22954, 67043], [97, 0]], [[23051, 67043], [-51, -403], [54, -286], [-46, 18], [-22, 170], [-31, 20], [-1, 481]], [[25858, 55037], [138, 1], [8, -324], [-55, -81], [-59, 111], [-14, -104], [-28, -2], [10, 399]], [[26527, 56989], [-37, 38], [-23, 159], [91, 144], [8, -236], [-39, -105]], [[27027, 64125], [-5, -388], [-154, 44], [1, 84], [28, -5], [1, 238], [129, 27]], [[24137, 66530], [0, 308]], [[24137, 66838], [132, 0]], [[24269, 66838], [0, -308]], [[24269, 66530], [-132, 0]], [[22795, 49964], [-90, 178]], [[22705, 50142], [-22, 147], [100, 299], [60, -83], [12, -349], [-60, -192]], [[26869, 58139], [134, 53], [-25, -322], [-64, -46], [-45, 315]], [[27417, 48999], [0, 99]], [[27417, 49098], [-27, -1], [-2, 209], [138, 45], [34, -354], [-143, 2]], [[21762, 58367], [0, 8]], [[21762, 58375], [0, 499]], [[21762, 58874], [0, 3]], [[21762, 58877], [152, -1]], [[21914, 58876], [0, -508]], [[21914, 58368], [-152, -1]], [[21493, 64624], [-159, 0], [3, 255]], [[21337, 64879], [155, 0]], [[21492, 64879], [1, -255]], [[28288, 66458], [-20, -127], [-94, 72], [29, 156], [13, 372], [95, -60], [-9, -307], [31, -2], [-1, -108], [-44, 4]], [[23216, 67245], [132, -3]], [[23348, 67242], [0, -401]], [[23348, 66841], [-131, -1]], [[22311, 54759], [-2, -505]], [[22309, 54254], [-142, 2]], [[22167, 54759], [5, 0]], [[22172, 54759], [139, 0]], [[23193, 55300], [23, 0]], [[23216, 55300], [54, 0], [10, -302], [-99, 182], [12, 120]], [[21639, 60828], [122, 0]], [[21761, 60828], [0, -405]], [[21761, 60423], [-122, 1]], [[21639, 60424], [0, 404]], [[26760, 59673], [18, 130], [54, 45], [30, -108], [-60, -240], [-192, 8], [150, 165]], [[20031, 55068], [0, -203], [-122, 28], [-28, 643], [-45, 21]], [[19836, 55557], [0, 322]], [[19836, 55879], [453, 2], [9, -496]], [[20298, 55385], [-152, -318], [-115, 1]], [[24445, 56180], [-2, -405], [-151, 27], [7, 442], [146, -64]], [[21330, 65131], [-204, -1]], [[21126, 65130], [1, 657], [191, 3], [12, -659]], [[23873, 61219], [-2, 511], [124, 21], [0, -544]], [[23995, 61207], [-122, 12]], [[23753, 56893], [127, -11]], [[23880, 56882], [-7, -148]], [[23873, 56734], [37, -295], [-126, 57], [1, 203]], [[23785, 56699], [-30, 3], [-2, 191]], [[19731, 61911], [0, -195], [-190, 0]], [[19541, 61716], [3, 1007], [451, -1], [-10, -60], [24, -46], [-108, -269], [-60, 19]], [[19841, 62366], [-44, -178], [-66, -90], [0, -187]], [[24484, 60786], [44, -3], [-1, -127], [-44, 5], [28, -206], [-151, 10], [-14, 427], [138, -5], [0, -101]], [[27292, 60245], [-30, -99]], [[27262, 60146], [18, -66]], [[27280, 60080], [-115, -186], [-61, 241], [47, 116], [49, -37], [54, 151]], [[27254, 60365], [38, -120]], [[28982, 64796], [8, 118]], [[28990, 64914], [-64, -15], [3, 153], [24, 5], [54, 264], [24, -142], [68, -58], [13, -79], [-94, -328], [-36, 82]], [[28707, 65782], [184, 1], [6, -416], [-181, 2], [-9, 413]], [[23553, 55636], [0, -453]], [[23553, 55183], [-46, 115], [3, 448], [0, 3], [43, -105], [0, -8]], [[27489, 63415], [0, 2]], [[27489, 63417], [0, 61]], [[27489, 63645], [0, 278]], [[27489, 63923], [0, 91]], [[27489, 64014], [44, 0]], [[27533, 64014], [124, -262], [-15, -28], [32, -45], [-45, -246], [-79, 50], [-61, -68]], [[29522, 67919], [3, -82]], [[29525, 67837], [-43, -16], [-21, 339], [35, 255], [81, 46], [29, -270], [49, -49], [-77, -261], [-56, 38]], [[23484, 62533], [-2, -246]], [[23482, 62287], [-3, -9], [-74, -22], [1, 528]], [[23406, 62784], [82, -34]], [[23488, 62750], [-4, -102]], [[23484, 62648], [35, -118], [-35, 3]], [[25654, 67083], [-9, 411]], [[25645, 67494], [307, -5]], [[25952, 67489], [0, -202]], [[25952, 67287], [69, -1], [0, -102]], [[26021, 67184], [-33, 1], [0, -101], [-334, -1]], [[8768, 88361], [223, 52]], [[8991, 88413], [-10, 906], [155, 0]], [[9136, 89319], [-18, 1071], [371, 53]], [[9489, 90443], [0, -100], [564, -17], [9, -127], [28, -31], [-58, -177], [55, -72], [-40, -158], [89, -35], [31, 131], [114, -34], [0, -101], [93, -101], [-10, -456], [51, -1], [0, -248], [231, 0]], [[10646, 88916], [0, -1757], [-220, 50]], [[10426, 87209], [0, 101], [-48, 0]], [[9197, 88212], [-429, 49]], [[9112, 85995], [42, 227], [59, -175], [-60, -116], [-41, 64]], [[8534, 86632], [6, 554], [-28, 0], [2, 369], [-25, 0]], [[8489, 87555], [0, 101], [77, 34]], [[8566, 87690], [2, 671]], [[8568, 88361], [200, 0]], [[8768, 88361], [0, -100]], [[8768, 88261], [151, -50], [278, 1]], [[9197, 88212], [0, -101], [498, 1], [-3, -203], [198, 1], [1, -218], [85, 0], [0, -105], [149, 33], [3, -225], [250, 15], [0, -100]], [[10378, 87310], [-343, 0]], [[10035, 87310], [-194, -578], [-1, -95], [-69, -27], [-111, -233], [-66, 69], [67, 269], [-19, 79], [-339, 276], [-356, -272], [-65, -288], [-98, -107], [-75, 3], [-73, 153], [-203, 20], [101, 53]], [[24785, 54219], [-136, -2]], [[24649, 54217], [-3, 246], [42, 284], [35, 81]], [[24723, 54728], [107, -102], [-49, -260], [4, -147]], [[22646, 53040], [-148, -7]], [[22498, 53033], [-36, 202], [109, 303], [75, -498]], [[28371, 62336], [-54, -218], [-25, 111], [-91, 84], [79, 361], [61, -113], [-18, -116], [48, -109]], [[23721, 61383], [154, -17], [-21, -431], [-137, 84], [4, 364]], [[29179, 65980], [-225, -357], [-46, 209], [2, 317], [196, 236], [79, -196], [-30, -172], [24, -37]], [[19770, 73919], [295, 0]], [[20065, 73919], [-4, -570], [-30, -33], [11, -205], [-30, 0], [-10, -100]], [[20002, 73011], [-10, -691], [-60, 33], [-69, -236], [-23, 162], [-101, -26], [-151, 195], [1, 219], [126, 62]], [[19715, 72729], [7, 549], [18, -30], [30, 671]], [[23911, 63768], [-110, -2]], [[23801, 63766], [-3, 364], [111, 3], [2, -365]], [[15518, 72297], [155, 2]], [[15673, 72299], [-25, -100]], [[15648, 72199], [66, 0]], [[15714, 72199], [-5, -379], [-71, -127], [-115, -2], [-5, 606]], [[28189, 59046], [86, -58], [-41, -367], [-98, -127], [-17, 99], [70, 453]], [[28710, 60195], [-55, 7]], [[28655, 60202], [-31, -120], [-87, 302], [27, 30], [53, -170], [92, 56], [1, -105]], [[23999, 62213], [-4, -463], [-124, -20], [4, 500]], [[23875, 62230], [124, -17]], [[18012, 71301], [-4, 251]], [[18008, 71552], [40, 70], [-40, 51], [-65, 234], [149, -172], [92, 20], [31, 51], [0, 101], [-22, 50], [-14, 335]], [[18179, 72292], [88, 0]], [[18267, 72292], [47, 0]], [[18314, 72292], [0, -489], [45, 0]], [[18359, 71803], [0, -404], [-101, -134], [0, -68], [-264, -22], [-17, 126], [35, 0]], [[23188, 59971], [-10, 0]], [[23178, 59971], [-146, 0]], [[23032, 59971], [0, 353]], [[23032, 60324], [156, -4]], [[23188, 60320], [0, -349]], [[23459, 54782], [-45, 42], [0, 386], [124, -9], [1, -282], [-80, -137]], [[28297, 61570], [-136, -73], [3, 107], [-38, 149], [85, 194], [48, -313], [38, -64]], [[23508, 57883], [-32, 0], [0, -167]], [[23476, 57716], [-117, 0]], [[23359, 57716], [0, 118], [-29, 0], [1, 158]], [[23331, 57992], [57, -40], [60, 225], [32, -125], [23, 21], [5, -190]], [[27444, 63675], [45, -30]], [[27489, 63645], [0, -167]], [[27489, 63478], [-60, 20], [15, 177]], [[28148, 62952], [-21, -201], [-67, 146], [11, 124], [69, 84], [44, -88], [-36, -65]], [[27849, 61690], [65, 432], [98, -285], [-14, -110], [57, -109], [-73, -243], [-133, 315]], [[27935, 61593], [26, 47], [-13, 63], [-13, -110]], [[26148, 64627], [-97, -4], [9, 341], [95, -36], [-7, -301]], [[15670, 64832], [12, -218]], [[15682, 64614], [-91, 98], [-59, 183], [-7, 159], [-50, 11]], [[15475, 65065], [14, 93], [-30, 155], [16, 138], [-12, 134], [52, 199]], [[15515, 65784], [576, -4]], [[16091, 65780], [1, -946]], [[16092, 64834], [-293, -1], [5, 160], [-26, 56], [-108, -217]], [[22836, 69919], [0, -303]], [[22836, 69447], [-210, 1], [1, 506]], [[24810, 51776], [9, 252], [134, -11], [-27, -153], [-74, -39], [22, -142], [-64, 93]], [[25819, 55933], [-153, -323], [-77, 260], [79, 216], [15, 152], [68, 62], [65, -138], [3, -229]], [[25566, 56124], [-29, 4], [-1, 204]], [[25536, 56332], [-29, 5], [0, 50]], [[25507, 56387], [0, 101]], [[25507, 56488], [130, 4], [57, -171], [-26, -235], [-72, -165], [-30, 203]], [[23677, 63164], [-110, 1]], [[23567, 63165], [-1, 340], [112, -6], [-1, -335]], [[26279, 52664], [162, -31], [-34, -243], [-67, -102], [-80, 254], [19, 122]], [[26073, 57630], [67, -1], [-48, -418], [-11, 234], [-8, 185]], [[24926, 57383], [-132, -60], [-2, 163], [-31, 4], [21, 64], [-19, 89], [163, -1], [0, -259]], [[28189, 62273], [-69, -259], [-39, 77], [17, 206], [50, 42], [41, -66]], [[25364, 61432], [1, 364], [53, 1], [-10, -361], [-44, -4]], [[25237, 58565], [-20, -349], [-112, -67], [3, 304], [42, 121], [87, -9]], [[90455, 34552], [54, 256], [32, -46], [-6, -201], [-36, -131], [-44, 122]], [[26059, 55447], [3, 453]], [[26062, 55900], [94, -15], [20, -436], [-117, -2]], [[27287, 59255], [-37, -122], [-53, -7], [-48, 144], [17, 221], [91, -13], [30, -223]], [[19844, 60716], [-263, -9], [-35, -171]], [[19546, 60536], [0, 460]], [[19546, 60996], [219, 16], [13, -86], [61, 42]], [[19839, 60968], [36, -94], [-31, -158]], [[26868, 63781], [158, -45], [-15, -378], [-152, 31], [9, 392]], [[28328, 61955], [9, 87], [7, -23], [-16, -64]], [[28335, 62013], [1, -6], [1, 2], [-2, 4]], [[24019, 55762], [210, -144], [44, -285], [-257, 11]], [[24016, 55344], [3, 418]], [[24629, 64198], [-110, 2], [62, 334], [3, 169], [46, -2]], [[24630, 64701], [-1, -503]], [[25879, 54121], [-1, 100], [-28, -1]], [[25850, 54220], [-1, 225], [-23, 50], [8, 137], [42, 8], [0, 91], [80, -82], [29, -165], [-22, -32], [1, -329], [-85, -2]], [[20696, 63022], [2, 0]], [[20699, 63022], [5, 0]], [[20704, 63022], [10, 38], [-10, 97], [328, 0]], [[21032, 63157], [0, -202]], [[21032, 62955], [-376, 2], [11, 129], [29, -64]], [[20694, 63064], [1, 15], [1, -20], [-2, 5]], [[20691, 63123], [-1, -11], [1, -1], [1, -5]], [[20692, 63106], [-4, -1], [3, 18]], [[20691, 63111], [-1, -3], [1, 0], [0, 3]], [[20691, 63112], [0, 1], [1, -1], [-1, 0]], [[20691, 63078], [1, -4]], [[20692, 63074], [-1, -2], [0, 6]], [[20697, 63089], [0, -2]], [[20697, 63087], [-1, 0], [1, 2]], [[20700, 63094], [0, -3]], [[20700, 63091], [-1, 2], [1, 1]], [[20698, 63022], [0, 2]], [[20698, 63024], [0, 1], [1, -3]], [[20699, 63022], [-1, 0]], [[26229, 60451], [-118, 62], [-15, 104], [33, 204], [17, -92], [87, -23], [-4, -255]], [[16215, 73101], [-405, 2]], [[15810, 73103], [-36, 138], [-41, -12], [6, 278], [546, 13], [-9, -64], [27, -41], [-101, -94], [-6, -195], [19, -25]], [[25015, 53925], [128, 32]], [[25143, 53957], [0, -454]], [[25143, 53503], [-56, 0]], [[25087, 53503], [-71, 0]], [[25016, 53503], [-1, 422]], [[25125, 67681], [0, -404]], [[25125, 67277], [-198, 9], [33, 102], [0, 206], [-44, 98], [209, -11]], [[28120, 56737], [28, 174], [54, -149], [8, -558], [-60, 122], [-99, -58], [-42, 154], [30, 233]], [[23402, 72528], [7, -756], [-106, -1], [-9, 1010], [99, -1], [-14, -108], [23, -144]], [[28708, 60602], [85, 16], [9, -107], [58, -15]], [[28860, 60496], [-87, -535]], [[28710, 60020], [-2, 582]], [[22330, 62957], [-1, -506]], [[22329, 62451], [-151, 0]], [[22178, 62451], [-4, 0]], [[22174, 62451], [1, 505]], [[22175, 62956], [155, 1]], [[26231, 62958], [-73, -51], [-1, 305], [75, -85], [-1, -169]], [[22420, 64675], [121, 0]], [[22541, 64675], [1, 0], [0, -404]], [[22542, 64271], [-122, 0]], [[22420, 64271], [0, 404]], [[22669, 64823], [0, -148]], [[22669, 64675], [0, -404]], [[22669, 64271], [-126, 0]], [[22543, 64271], [-1, 0]], [[22542, 64271], [2, 210], [125, 342]], [[22281, 65482], [-130, 0]], [[22151, 65482], [0, 401]], [[22151, 65883], [129, 3]], [[22280, 65886], [1, -404]], [[20656, 73918], [280, 1], [1, -710]], [[20937, 73209], [-162, 0], [0, 101], [-36, 1], [0, 100], [-60, 0]], [[21847, 64273], [222, 0]], [[22069, 64273], [0, -305], [-32, 1]], [[22037, 63969], [0, -102], [-190, -2]], [[21847, 63865], [0, 408]], [[31620, 38266], [-24, 50], [35, 88], [-11, -138]], [[25719, 55345], [0, -212], [-152, 45], [0, 149], [28, 4], [49, 267], [33, 12], [42, -265]], [[25297, 54833], [-11, -407]], [[25286, 54426], [-135, -4]], [[25151, 54422], [0, 410]], [[25151, 54832], [146, 1]], [[22945, 69951], [166, 0], [0, -201], [34, -1], [4, -274], [-97, 108], [-107, 368]], [[23800, 67931], [-134, 0]], [[23666, 67931], [-34, 0]], [[23632, 67931], [-1, 484], [89, -128], [12, 99], [67, 0], [1, -455]], [[27686, 61491], [45, 331], [95, -230], [-57, -248], [-83, 147]], [[28363, 61412], [-73, -288], [-85, 150], [84, 300], [74, -162]], [[30120, 67041], [12, 65], [-61, 159]], [[30071, 67265], [24, 93], [-8, 186], [17, 67], [29, -104], [12, 47], [4, 17], [1, 3], [-4, -212], [39, -132], [-7, -183], [-58, -6]], [[26595, 54904], [47, 22], [22, -289], [-37, -140], [-65, 2], [0, 207], [35, 61], [-2, 137]], [[25617, 70415], [0, 202]], [[25617, 70617], [209, -1], [7, -968], [-80, 138], [-104, -40]], [[25649, 69746], [-1, 164], [-55, 1]], [[25593, 69911], [-11, 453], [35, 51]], [[23671, 57611], [-61, -40]], [[23610, 57571], [9, 596], [38, -120], [57, 118], [12, -353], [-56, -82], [1, -119]], [[15850, 60036], [-1, 154], [46, 33]], [[15895, 60223], [0, 82], [159, -427], [-131, -115], [-7, 105], [-66, 168]], [[27169, 53622], [49, 190], [110, -208], [-24, -263], [-62, -4], [-73, 285]], [[26485, 55149], [23, 410], [51, -2], [42, -279], [-51, -131], [-65, 2]], [[24860, 58809], [-116, -4], [87, 357], [-1, 98], [-43, 140], [19, 143], [54, -2], [0, -279]], [[21914, 57861], [0, 507]], [[21914, 58368], [150, -1]], [[22064, 58367], [0, -228]], [[22064, 58139], [0, -279]], [[22064, 57860], [-150, 1]], [[26448, 56821], [79, 53], [13, -56], [-48, -273], [-44, 68], [0, 208]], [[22843, 49304], [-168, 132], [3, 113], [-30, 96], [24, 73], [139, -46], [51, -279], [-19, -89]], [[24894, 53001], [-118, -1]], [[24776, 53000], [0, 406]], [[24776, 53406], [61, -17], [10, -236], [47, -67]], [[24894, 53086], [0, -85]], [[24205, 62701], [3, 299], [32, -1], [0, 68], [131, -6], [-1, -370], [-165, 10]], [[26216, 67891], [135, 2]], [[26351, 67893], [-1, -406]], [[26350, 67487], [-66, 0]], [[26284, 67487], [-67, 0]], [[26217, 67487], [-1, 404]], [[21612, 58874], [0, -3]], [[21612, 58871], [0, -498]], [[21612, 58373], [0, -4]], [[21612, 58369], [-150, -1]], [[21462, 58368], [0, 9]], [[21462, 58874], [150, 0]], [[27466, 55969], [-16, -98], [-107, 274]], [[27343, 56145], [30, 68], [-35, -3], [14, 136], [99, -124], [42, -276], [-27, 23]], [[19106, 66609], [12, 676], [145, 100], [0, 101], [84, -2]], [[19347, 67484], [57, -524], [133, -371], [8, -499]], [[19545, 66090], [-417, 16]], [[19128, 66106], [-22, 503]], [[26619, 61745], [52, -190], [-53, -222], [-94, 319], [95, 93]], [[24761, 69309], [0, -405]], [[24761, 68904], [0, -303]], [[24761, 68601], [-136, -2]], [[24625, 68599], [1, 101], [-34, 0], [0, 101]], [[24592, 68801], [0, 303]], [[24592, 69104], [0, 202]], [[24592, 69306], [169, 3]], [[27344, 57700], [37, 36], [2, -297], [-161, 1], [-3, 248], [34, 151], [93, -18], [-2, -121]], [[26296, 64531], [0, -226]], [[26296, 64124], [-74, -5]], [[26222, 64119], [-1, 407]], [[26221, 64526], [75, 5]], [[24670, 52030], [-90, -117], [-39, -3], [33, 328], [36, -2], [44, -195], [18, 59], [-2, -70]], [[28525, 64480], [-155, -83], [-2, 46], [61, 258], [69, 82], [27, -303]], [[28366, 60319], [-42, -95], [-67, 61], [-32, 172], [61, 171], [29, -25], [46, -182], [39, -9], [-38, -162], [4, 69]], [[24243, 52151], [-59, -243], [-66, 33], [-2, 455], [108, -1], [19, -51], [0, -193]], [[27489, 65609], [253, 0]], [[27742, 65609], [-1, -271], [-60, 6], [-47, -153]], [[27634, 65191], [-145, -1]], [[27489, 65190], [0, 12]], [[27489, 65202], [0, 407]], [[22194, 66943], [-185, 1], [-9, 831], [169, 33], [0, -281], [25, -1]], [[23527, 65623], [130, 1]], [[23657, 65624], [11, -417]], [[23668, 65207], [-128, 0]], [[23540, 65207], [-13, 416]], [[24307, 64811], [0, 404]], [[24307, 65215], [119, 0], [9, -405], [-128, 1]], [[22663, 68335], [-1, -402]], [[22662, 67933], [-133, 2], [-1, 401], [135, -1]], [[22713, 57277], [-117, 0]], [[22596, 57277], [-2, 809], [118, -48], [1, -761]], [[27276, 61683], [15, -242]], [[27291, 61441], [-28, -95], [-14, -247]], [[27249, 61099], [-73, 292], [-49, -42], [2, 147], [-29, 17], [54, 165], [-9, 132], [65, 37], [14, -78], [77, -21], [-25, -65]], [[24254, 69105], [-177, 5]], [[24077, 69110], [2, 398], [169, 6], [6, -409]], [[27634, 65191], [0, 12], [47, 141], [88, 3], [10, -336], [-35, -16], [-19, -161], [-91, -13], [0, 370]], [[27238, 64513], [-63, 8]], [[27175, 64521], [-11, 422], [34, 2], [-9, 84], [57, -46], [-8, -470]], [[27243, 53342], [61, -1], [-45, -273], [11, -80], [-133, 205], [44, 332], [62, -183]], [[22234, 49548], [163, 31]], [[22397, 49579], [2, -917], [-160, 59], [-32, -68], [-7, 358], [-102, 266], [-15, 213], [-78, 251], [228, 9], [1, -202]], [[27613, 57814], [6, 266]], [[27619, 58080], [-36, 154], [115, 8], [43, -404], [-128, -24]], [[31036, 70120], [-181, -178], [-1, 934], [-108, 16], [1, 206], [-335, 1], [7, 142], [215, 888], [51, -38], [-2, -198], [42, -92], [185, 206], [124, -334], [2, -1553]], [[24860, 53453], [-4, 431]], [[24856, 53884], [61, 15]], [[24917, 53899], [0, -191], [42, -83], [5, -122]], [[24964, 53503], [-104, -50]], [[25876, 61985], [114, 26], [15, -241], [-40, -68], [-1, -81], [-87, 5], [-1, 359]], [[22456, 52418], [130, -86], [-80, -568]], [[22506, 51764], [-49, 234]], [[22457, 51998], [-1, 420]], [[28286, 59850], [0, -211]], [[28286, 59639], [-48, -196], [-60, -1], [12, 559], [96, -151]], [[25070, 58824], [-38, -152], [-18, 76], [-65, -47], [-26, 110], [39, 147], [-10, 68], [41, 31], [91, -9]], [[25070, 58824], [14, 224]], [[25084, 59048], [54, 21], [58, -134], [13, -368], [-112, 83], [-27, 174]], [[28471, 60319], [-45, -217], [-68, -138], [14, 371], [5, -63], [16, 73], [78, -26]], [[24471, 58683], [2, 395]], [[24473, 59078], [30, 32], [49, -136], [89, 9], [-35, -311], [-135, 11]], [[22482, 72277], [-214, 0]], [[22268, 72277], [-8, 302], [215, -1], [7, -301]], [[15714, 72064], [74, -1]], [[15788, 72063], [4, -93], [105, -76], [55, -134], [158, -64], [-40, -249], [23, -93], [-112, -75], [-118, 44], [-103, 245], [-60, 335], [14, 161]], [[18245, 67178], [-14, -506], [-80, 1], [-151, 99], [0, 404], [245, 2]], [[28783, 63618], [-62, -473], [-40, -10], [-82, 383], [-53, 80], [159, 228], [78, -208]], [[24908, 67691], [-146, 0]], [[24762, 67691], [0, 105]], [[24762, 67796], [0, 492]], [[24762, 68288], [0, 109], [114, 1], [-35, -186], [68, -521], [-1, 0]], [[26301, 59511], [149, -45], [-25, -76], [3, -249], [-27, -140], [-77, 240], [-23, 270]], [[21507, 69819], [0, 549]], [[21507, 70368], [418, -1]], [[21925, 70367], [53, -274]], [[21978, 70093], [-49, -191], [40, -82], [-462, -1]], [[22194, 66943], [0, 583]], [[22194, 67526], [65, 0], [115, -298], [6, -97], [102, -185], [-288, -3]], [[28113, 59166], [-64, -143], [14, 418], [37, 1], [13, -276]], [[25445, 59915], [-64, 316], [80, 182], [-14, -71], [48, -195], [-9, -150], [-41, -82]], [[27301, 55461], [-97, 46]], [[27204, 55507], [-27, -76], [-23, 39], [-14, 64], [111, 359], [42, -57], [8, -375]], [[25412, 58237], [-18, -66], [15, -69], [-72, 38], [19, 491], [58, -35], [-18, -115], [16, -244]], [[26117, 64118], [68, 0], [-1, -218], [-67, -1], [0, 219]], [[25933, 56719], [73, -1]], [[26006, 56718], [30, -245], [-87, -171], [-42, 171], [-47, -57], [18, 185], [55, 118]], [[18016, 67333], [39, -8]], [[18055, 67325], [6, -80], [0, -67], [-198, -2], [1, 472], [26, 295], [79, -60], [6, -251], [49, -128], [-8, -171]], [[22705, 60827], [-214, -3], [-2, 511], [215, 2], [1, -510]], [[25745, 58469], [-58, -347], [-85, 40], [-16, 180], [38, 294], [121, -167]], [[20935, 66494], [0, -709]], [[20935, 65785], [0, -353]], [[20935, 65432], [0, -155]], [[20935, 65277], [-167, 1], [-1, 1214], [168, 2]], [[24591, 69610], [-171, 0]], [[24420, 69610], [0, 401]], [[24420, 70011], [240, 1]], [[24660, 70012], [0, -303]], [[24660, 69709], [-69, 2], [0, -101]], [[25256, 67173], [33, -1]], [[25289, 67172], [99, -3]], [[25388, 67169], [-2, -405]], [[25386, 66764], [-131, -1]], [[25255, 66763], [1, 410]], [[26312, 60804], [15, 132], [31, -114], [19, 42], [44, -313], [-33, -4], [-76, 257]], [[30157, 66106], [4, -139], [-123, -201], [-37, 37], [6, 163], [48, 106], [-7, 75], [55, -99], [27, 92], [27, -34]], [[30097, 66126], [7, 64], [6, 0], [-13, -64]], [[30181, 66062], [34, 156], [15, 1], [-30, -174], [-19, 17]], [[25872, 63371], [0, -340]], [[25872, 63031], [-101, -2], [-2, 340]], [[25769, 63369], [103, 2]], [[25084, 60670], [-87, -43], [-15, 10], [2, 137], [-42, 72], [20, 237], [123, -6], [-1, -407]], [[27890, 55544], [-51, -163], [-3, 105], [-113, 192], [96, 548], [65, -237], [49, 0], [-45, -236], [2, -209]], [[21249, 71165], [244, 1], [15, -495], [-258, 88]], [[21250, 70759], [-1, 406]], [[19272, 62842], [271, 33]], [[19543, 62875], [-2, -1159]], [[19541, 61716], [-274, 8], [13, 125], [-20, -4], [-31, 345]], [[19229, 62190], [9, 83], [40, -34], [-43, 98], [37, 505]], [[18154, 64621], [346, 0], [85, 90]], [[18585, 64711], [81, -433], [16, -617], [-26, -248], [-504, -63], [2, 1271]], [[28710, 60020], [-58, -135], [-30, 177], [88, 47], [0, -89]], [[24423, 68801], [0, -406]], [[24423, 68395], [-23, -87], [15, -171], [-147, 446], [23, 218], [98, 0]], [[24389, 68801], [34, 0]], [[28181, 62604], [-36, -286], [-42, -12], [-7, 110], [-57, -54], [39, 129]], [[28078, 62491], [16, 347]], [[28094, 62838], [87, -234]], [[28152, 62511], [-17, -36], [4, -26]], [[28139, 62449], [13, 62]], [[27431, 62398], [39, 95], [80, -76], [-26, -439], [-93, 420]], [[23044, 72579], [36, 0], [0, -101], [143, 1], [0, 93]], [[23223, 72572], [0, 8], [36, 1]], [[23259, 72581], [0, 101]], [[23259, 72682], [35, -2], [8, -505], [-362, 2], [-82, 780], [180, 2], [6, -380]], [[23356, 68920], [138, -233]], [[23494, 68687], [0, -251], [-68, -1]], [[23426, 68435], [0, -100], [-135, 0], [0, 403], [65, -1]], [[23356, 68737], [0, 183]], [[24952, 58093], [124, 16], [-4, -468], [-124, 1], [4, 451]], [[2253, 4131], [29, 51], [7, -87], [-24, -35], [-12, 71]], [[24776, 52027], [-2, -301], [28, -101], [-17, -146], [-33, 1], [-56, 360], [80, 187]], [[24769, 58461], [0, -304], [-210, 6], [1, 308]], [[24560, 58471], [209, -10]], [[26119, 51590], [14, 480]], [[26133, 52070], [76, -1]], [[26209, 52069], [-6, -182], [31, -71], [1, -203], [-56, -138], [3, -223], [-45, 12]], [[26137, 51264], [-18, 326]], [[26690, 59118], [63, 93], [22, -116], [-40, -189], [-65, 85], [20, 127]], [[25679, 54932], [0, 77]], [[25679, 55009], [0, 125], [40, -1], [-2, 274], [102, -60], [40, -313], [-180, -102]], [[23760, 53183], [105, 25], [-6, -414], [-52, -330], [9, -344], [-54, -1]], [[23762, 52119], [-2, 1064]], [[21486, 55776], [-145, -1]], [[21341, 55775], [-5, 507]], [[21336, 56282], [147, 0]], [[21483, 56282], [3, -506]], [[26679, 55539], [92, -40], [7, -237], [-21, 72], [-59, -96]], [[26698, 55238], [-19, 301]], [[26782, 57710], [87, 429], [35, -138], [11, -189], [-133, -102]], [[27511, 59450], [-4, -359], [-117, -6], [-28, 252], [20, 126], [48, 1], [81, -14]], [[26021, 53227], [-112, -5], [13, 495], [99, 0]], [[26021, 53717], [0, -490]], [[26425, 64018], [94, 2], [-6, -347]], [[26513, 63673], [-114, 15]], [[26399, 63688], [0, 183]], [[26399, 63871], [0, 28], [26, 0]], [[26425, 63899], [0, 119]], [[17466, 67884], [0, -601]], [[17466, 67283], [-144, 454], [-1, 173], [22, 59], [28, -102], [95, 17]], [[20656, 73918], [23, -507]], [[20679, 73411], [-292, 1]], [[20387, 73412], [0, 302]], [[20387, 73714], [-36, 51], [11, 153], [294, 0]], [[26518, 52618], [8, -175]], [[26526, 52443], [-18, 0], [-9, -288], [-178, 31], [24, 126], [62, 78], [30, 240], [81, -12]], [[23005, 58742], [-204, 51]], [[22801, 58793], [0, 202]], [[22801, 58995], [59, 0], [9, 102], [81, 0], [0, -102], [55, 1]], [[23005, 58996], [0, -254]], [[25909, 53510], [2, -518], [-143, 7], [-1, 609], [84, 4]], [[25851, 53612], [1, -89], [33, 90], [24, -103]], [[25851, 61934], [-79, -2], [1, 356], [112, -2], [1, -264], [-35, -88]], [[22001, 61136], [3, -611], [-122, -1], [-3, 613]], [[21879, 61137], [122, -1]], [[26284, 60610], [35, -361]], [[26319, 60249], [-65, -158], [-59, 242], [34, 127], [1, 146], [54, 4]], [[26035, 59788], [-1, 382]], [[26034, 60170], [60, -71], [24, -180], [-43, -158], [-40, 27]], [[26229, 60188], [58, -218], [-79, -198], [-35, 35], [56, 381]], [[23878, 52407], [0, -102]], [[23878, 52305], [-71, 0], [4, 199], [48, 353], [160, 0]], [[24019, 52857], [0, -325], [-42, 0], [0, -203]], [[23977, 52329], [0, -24], [-71, 0], [-4, 102], [-24, 0]], [[30520, 68922], [8, -143]], [[30528, 68779], [-90, 39], [-29, 295]], [[30409, 69113], [-27, -16], [-8, 322], [-72, 18]], [[30302, 69437], [-38, 609], [43, 61], [-5, 88], [44, 111], [-16, 148], [23, 147], [-16, 54], [66, 260], [9, 184], [84, 0]], [[30496, 71099], [-2, -694], [23, -131], [-26, 22], [4, -140]], [[30495, 70156], [-12, -1], [-4, 27], [-6, 2], [-8, -56]], [[30465, 70128], [39, -108], [-24, -119], [44, -618]], [[30524, 69283], [74, 72], [25, -408], [-103, -25]], [[21498, 59392], [-36, 0]], [[21462, 59392], [-234, 0], [0, 580], [271, -8]], [[21499, 59964], [-1, -572]], [[25826, 61188], [10, 92], [36, 11], [-8, 74], [37, -198], [62, -33], [6, -144], [-48, -89], [-95, 287]], [[26199, 61003], [-110, -414], [-22, 11], [9, 178], [-41, 130], [70, 216], [89, -22], [5, -99]], [[26220, 61808], [80, 168], [4, -123], [54, -169], [-59, -156], [-79, 280]], [[24860, 58809], [0, 453]], [[24860, 59262], [102, 17], [13, -77], [-21, -17], [24, -81], [-45, -3], [29, -140], [-49, -150], [-53, -2]], [[22703, 65233], [0, -153]], [[22703, 65080], [0, -100]], [[22703, 64980], [-159, -52], [-4, 252], [163, 53]], [[25132, 69407], [139, -1]], [[25271, 69406], [-2, -304]], [[25269, 69102], [-137, 102], [0, 100]], [[25132, 69304], [0, 103]], [[23568, 54130], [30, 489]], [[23598, 54619], [39, -78]], [[23637, 54541], [86, 76]], [[23723, 54617], [7, -479], [-162, -8]], [[26598, 61138], [-71, 181], [37, 167], [105, -258], [-71, -90]], [[23160, 54139], [178, 120], [-6, -280], [52, -274], [-134, -120], [6, 149], [-15, -39], [-4, 109], [-54, 107], [-23, 228]], [[28450, 61102], [-77, -212], [-17, -12], [-11, 134], [-55, 99], [83, 317], [64, -119], [-15, -82], [28, -125]], [[23216, 67245], [1, -405]], [[23217, 66840], [-189, 0]], [[23028, 66840], [28, 245], [-37, 138], [197, 22]], [[15676, 63167], [254, 60], [24, -119], [-16, -181], [39, -6], [-5, -127], [-240, -52], [1, 230], [-42, -1], [-15, 196]], [[24759, 61825], [20, 145], [23, 62], [-7, -201], [-18, -78], [-18, 72]], [[26347, 57634], [137, -1], [-14, -47], [20, -70], [4, -185], [-27, -145], [-40, 250], [-81, 46], [1, 152]], [[23052, 69244], [-120, -1]], [[22932, 69243], [0, 202]], [[22932, 69445], [-96, 2]], [[22836, 69447], [0, 169]], [[22836, 69616], [211, 34]], [[23047, 69650], [5, -406]], [[22836, 70357], [0, -438]], [[22836, 69919], [-209, 35]], [[22627, 69954], [0, 404], [209, -1]], [[15709, 71820], [92, -380], [80, -121], [-267, 2], [-11, 372], [106, 127]], [[22764, 66293], [-228, -2], [-1, 518], [81, -140], [48, 123], [100, -20]], [[22764, 66772], [0, -479]], [[20277, 56997], [-130, 162]], [[20147, 57159], [-89, -1]], [[20058, 57158], [0, 441], [38, -1]], [[20096, 57598], [12, -101], [167, 37], [2, -537]], [[20369, 71798], [71, -95]], [[20440, 71703], [0, 102]], [[20440, 71805], [141, 0]], [[20581, 71805], [0, -237], [36, 0], [0, -67]], [[20617, 71501], [165, -68], [-1, -238], [-105, -135]], [[20676, 71060], [-130, 36], [-35, 101], [-12, 202]], [[20499, 71399], [-130, 33]], [[20369, 71432], [0, 366]], [[24400, 67527], [110, 0], [0, -156], [43, -143], [-32, -189]], [[24521, 67039], [-119, 2]], [[24402, 67041], [-2, 486]], [[22752, 47536], [40, 129], [61, 2]], [[22853, 47667], [21, -510], [-69, -52], [-24, -102], [-66, 229], [-55, 17], [-1, 343], [93, -56]], [[23225, 52569], [65, -141]], [[23290, 52428], [66, 0], [37, -220], [17, 30], [19, -207]], [[23429, 52031], [-54, -162], [-70, 166]], [[23305, 52035], [-72, -94], [-8, 628]], [[21205, 59972], [-577, -5], [1, 346], [127, 171]], [[20756, 60484], [96, 438]], [[20852, 60922], [82, -96]], [[20934, 60826], [0, -105]], [[20934, 60721], [273, -1]], [[21207, 60720], [-2, -748]], [[22352, 52908], [145, 0], [20, -209], [-19, -88], [25, -209], [-171, 14]], [[22207, 52930], [145, -22]], [[22352, 52908], [0, -492]], [[22352, 52416], [-144, 1], [-1, 513]], [[26557, 57796], [57, 38], [50, -194], [-146, -7], [39, 163]], [[29236, 65323], [81, -16], [-13, -155], [15, -72], [-80, -293], [-147, 351], [144, 185]], [[29279, 66894], [52, -52]], [[29331, 66842], [26, -153], [-109, -79], [-29, 45], [60, 239]], [[27023, 61105], [31, -317]], [[27054, 60788], [78, -95], [-34, -126], [-58, 47], [-81, 343], [64, 148]], [[23038, 62145], [0, 202]], [[23038, 62347], [31, 0], [1, 151], [78, 32], [45, -119]], [[23193, 62411], [0, -265]], [[23193, 62146], [0, -152], [-124, -1], [0, 101], [-31, 1], [0, 50]], [[24367, 67528], [0, 402]], [[24367, 67930], [115, 0]], [[24482, 67930], [9, 0], [19, -403], [-143, 1]], [[26466, 61568], [33, 98], [67, -166], [-40, -142], [-60, 210]], [[30209, 65279], [-47, 262], [-29, -15], [14, 96], [-30, 272]], [[30117, 65894], [44, 73], [-10, 164], [64, 87], [-27, -201], [47, 202], [-8, -129], [22, -146], [80, -24], [-120, -641]], [[29327, 64526], [48, -54]], [[29375, 64472], [-37, -100], [-11, 154]], [[28799, 59070], [29, 25]], [[28828, 59095], [82, -650], [-29, -601], [-60, -33], [-39, 568], [-42, 46], [15, 358], [58, 97], [-14, 190]], [[27084, 64941], [80, 2], [-1, -335], [-135, 4], [1, 169], [55, 72], [0, 88]], [[27719, 64237], [1, 581]], [[27720, 64818], [25, -233], [108, 93], [-1, -317], [-65, -286], [-68, 162]], [[29200, 62666], [-135, 2], [1, 122], [-36, 105], [69, 250], [23, -120], [118, -176], [-40, -183]], [[25394, 67982], [0, 406]], [[25394, 68388], [43, -1]], [[25437, 68387], [0, 102]], [[25437, 68489], [269, 1], [-43, -504], [-269, -4]], [[25893, 69544], [-70, -180]], [[25823, 69364], [-77, -471], [-274, 2], [0, 101], [184, 790], [97, 0], [140, -242]], [[28120, 56737], [-81, -82]], [[28039, 56655], [-30, -234], [-117, 413], [57, 215], [196, -148], [-25, -164]], [[26976, 61815], [2, 105]], [[26978, 61920], [-64, 120], [3, 86], [33, -10], [5, 221], [95, -37], [-35, -251], [13, -209], [-52, -25]], [[22167, 54759], [0, -503]], [[22167, 54256], [-145, 1]], [[22022, 54257], [1, 512]], [[22023, 54769], [144, -3], [0, -7]], [[28355, 60244], [11, 75], [2, -17], [-13, -58]], [[27157, 63890], [26, -3], [-1, -171]], [[27182, 63716], [-14, -82], [-144, 19], [1, 336], [133, -13], [-1, -86]], [[21689, 64270], [-196, 0]], [[21493, 64270], [0, 60]], [[21493, 64330], [0, 294]], [[21493, 64624], [0, 2]], [[21493, 64626], [223, 0]], [[21716, 64626], [0, -356], [-27, 0]], [[21217, 58405], [0, 102]], [[21217, 58507], [0, 367]], [[21217, 58874], [245, 0]], [[21462, 58874], [0, -497]], [[21462, 58377], [-245, 28]], [[20478, 63272], [-89, -178], [-66, 266], [-104, 12], [-8, 604], [14, -80], [32, 41], [72, -102], [75, 29], [19, 149], [24, -3], [50, -413], [-19, -325]], [[22555, 49580], [98, -2], [27, -50], [-41, -149]], [[22639, 49379], [-2, -290]], [[22637, 49089], [-33, 0]], [[22604, 49089], [1, -436]], [[22605, 48653], [-49, 2]], [[22556, 48655], [-1, 925]], [[23875, 67526], [0, -283]], [[23875, 67243], [-132, -1]], [[23743, 67242], [0, 285]], [[23743, 67527], [132, -1]], [[16440, 58565], [0, -203], [30, 0], [26, -203], [32, -1], [19, -204], [72, -97], [22, -324]], [[16641, 57533], [-169, 248]], [[16472, 57781], [-68, -113]], [[16404, 57668], [4, -132], [-36, 98], [-54, -33], [-24, 174], [-55, 91], [-5, 238], [-108, 270], [-32, 200], [346, -9]], [[26125, 53365], [0, 354]], [[26125, 53719], [0, 72]], [[26125, 53791], [0, 29], [81, 66], [24, -257], [-13, -271]], [[26217, 53358], [-92, 7]], [[26767, 64276], [-107, -2], [11, 337], [96, 3]], [[26767, 64614], [0, -338]], [[22355, 48663], [0, -562]], [[22355, 48101], [-60, -249], [-27, 316], [-50, 207], [-2, 283], [23, 63], [116, -58]], [[26432, 53793], [3, 9], [0, -9]], [[26435, 53793], [-3, 0]], [[26447, 53961], [-22, 103], [116, -8], [-33, -332], [-71, -2], [10, 239]], [[26849, 61572], [58, 106], [7, -257], [-59, -3], [-6, 154]], [[23732, 68942], [-1, 303]], [[23731, 69245], [137, -101], [-65, -297], [-71, 95]], [[22926, 65152], [-97, -84]], [[22829, 65068], [0, 417]], [[22829, 65485], [97, -1]], [[22926, 65484], [0, -332]], [[27667, 57059], [-114, -148], [-76, 523], [177, -11], [41, -226], [-28, -138]], [[25606, 58181], [-82, -70], [-39, 115], [36, 181], [71, 4], [14, -230]], [[15730, 69774], [0, -118]], [[15730, 69656], [-206, 118], [52, 185], [-52, 101], [34, 34]], [[15558, 70094], [0, 82]], [[15558, 70176], [92, 0], [80, -302], [0, -100]], [[28710, 60020], [63, -59]], [[28773, 59961], [31, -511]], [[28804, 59450], [-91, 0]], [[28713, 59450], [16, 164], [-45, 165], [26, 241]], [[18595, 69373], [-14, 412], [-34, -3], [-21, 108], [57, 263], [92, -11], [23, 117], [43, 8], [110, -250]], [[18851, 70017], [52, -1], [-7, -1035]], [[18896, 68981], [-113, -49], [0, 84], [-107, 53]], [[28610, 60950], [89, -197], [6, -100], [-104, 51], [-40, 173], [49, 73]], [[23564, 61204], [0, 382]], [[23564, 61586], [0, 104]], [[23564, 61690], [153, -36]], [[23717, 61654], [1, -483], [-154, 33]], [[29959, 67741], [36, 16]], [[29995, 67757], [-3, 73], [103, -258], [0, -214], [-21, -81], [-105, 178], [-32, 142], [22, 144]], [[28503, 61279], [103, -332], [-45, -70], [-75, 356], [17, 46]], [[12117, 86390], [67, 79], [68, -119], [57, -154], [-20, -158], [31, -47], [-107, -43]], [[12213, 85948], [-96, 442]], [[12063, 86004], [12, 5], [4, -20], [-16, 15]], [[12171, 85411], [-44, -40], [-18, -150], [95, -121], [25, -135], [-53, -5], [16, -213], [56, -174], [69, -57]], [[12317, 84516], [-19, 444], [104, -260]], [[12402, 84700], [-25, -209], [24, -75], [145, 147]], [[12546, 84563], [134, -425], [-12, -705], [23, -27], [-113, -8], [-141, -340], [-30, 158]], [[12407, 83216], [-7, 529], [-37, 387], [-112, -30], [-185, 279], [-34, -189]], [[12032, 84192], [-165, 35], [-17, 194], [45, 168], [-83, 9], [-56, 181], [-196, 263], [-84, 255], [160, 139], [173, 289], [68, 8], [37, 118], [190, -152], [67, -288]], [[12680, 84138], [145, 416], [147, -650], [-67, 17], [13, 66], [-30, 96], [-208, 55]], [[16919, 71124], [-82, -350], [-76, -118]], [[16761, 70656], [-62, 95]], [[16699, 70751], [-1, 285]], [[16698, 71036], [-53, 180], [25, 74], [323, 1], [3, -148], [-77, -19]], [[23366, 66029], [-96, 0]], [[23270, 66029], [0, 306]], [[23270, 66335], [-20, 0], [0, 101], [98, 0]], [[23348, 66436], [18, -407]], [[22857, 60525], [-183, -2]], [[22674, 60523], [0, 302], [31, 2], [-1, 206], [153, 0]], [[22857, 61033], [0, -508]], [[22573, 52251], [34, 311], [26, 5], [50, -231]], [[22683, 52336], [50, 84]], [[22733, 52420], [63, -96], [-94, -460]], [[22702, 51864], [-129, 387]], [[27061, 49101], [-244, -98], [2, 96], [53, -39], [51, 168], [-28, 486], [166, -2], [0, -611]], [[29096, 63952], [74, -210], [-33, -124], [-34, 16], [-61, 222]], [[29042, 63856], [54, 96]], [[22926, 65152], [-1, -477], [-128, 1]], [[22797, 64676], [0, 406]], [[22797, 65082], [0, 1], [129, 69]], [[27719, 64237], [84, -249], [116, -69], [-99, -413], [-37, 120], [-36, -72], [-86, 78], [33, 92], [22, 304], [-20, 105], [23, 104]], [[27198, 48389], [0, -307]], [[27198, 48082], [-250, 21]], [[26948, 48103], [-29, 186]], [[26919, 48289], [86, -3]], [[27005, 48286], [0, 71], [193, 32]], [[23413, 65202], [127, 5]], [[23540, 65207], [0, -402]], [[23540, 64805], [-127, 1]], [[23413, 64806], [0, 396]], [[26399, 63871], [-103, -2]], [[26296, 63869], [0, 255]], [[26296, 64124], [0, 181]], [[26296, 64305], [97, 0], [6, -434]], [[3065, 76], [20, 68], [14, -89], [-20, -55], [-14, 76]], [[26899, 60811], [-86, -2], [-7, 315], [100, -130], [-16, -31], [9, -152]], [[30049, 65427], [-129, -112], [0, 149], [109, 50], [20, -87]], [[29738, 66954], [-32, -179], [28, -147]], [[29734, 66628], [-132, 15], [-18, 439], [37, 57], [4, 112], [115, -34], [-2, -263]], [[29788, 68738], [-61, 107]], [[29727, 68845], [18, 103]], [[29745, 68948], [-45, 67], [7, 264], [182, 0], [-11, -277]], [[29878, 69002], [-20, -82], [-28, 59], [7, -75], [-16, 23], [-33, -189]], [[23292, 62548], [-124, 0]], [[23168, 62548], [0, 407], [131, 101], [-7, -508]], [[24404, 54127], [-51, -114], [-43, 226], [48, 312], [80, 82], [-23, -180], [18, -56], [-5, -317], [-24, -55], [0, 102]], [[24986, 55858], [0, 253]], [[24986, 56111], [0, 51]], [[24986, 56162], [132, 21], [4, -206], [-136, -119]], [[29783, 66622], [16, -106]], [[29799, 66516], [-37, -380]], [[29762, 66136], [-5, 136], [-92, -17]], [[29665, 66255], [-46, 91], [-29, 84], [7, 172], [-21, 43], [207, -23]], [[21484, 66945], [525, -1], [8, -1061], [-521, 13], [-12, 1049]], [[18183, 70079], [120, 285], [36, -211], [55, 146], [110, -142], [25, -124], [2, -208], [62, -97], [2, -355]], [[18595, 69373], [74, -102], [7, -202]], [[18676, 69069], [28, -51], [164, -86], [-14, -122], [18, -73], [-230, 32], [-27, -141]], [[18615, 68628], [-110, 43]], [[18505, 68671], [-21, -145], [-42, 108], [-35, 372], [-90, 108], [1, 225]], [[18318, 69339], [-65, 226], [-23, 310], [-19, 0], [8, 94], [-36, 110]], [[24990, 59364], [5, 99], [-22, 17], [4, -278], [-52, 105], [-69, -44], [3, 274], [73, 2], [-1, 270], [51, 12], [54, -261], [-46, -196]], [[23885, 56443], [-6, -566], [-81, 26], [-12, 133], [-42, 71], [3, 89], [35, -3], [2, 303], [101, -53]], [[24133, 61215], [46, -56], [-13, -229], [-173, 91], [-1, 419], [20, -89], [102, 31], [19, -167]], [[28053, 59846], [130, -132]], [[28183, 59714], [-5, -272], [-192, -2], [-2, 11], [17, 158], [37, -71], [-28, 83], [43, 225]], [[25480, 60714], [66, 11], [33, -88], [-121, -257], [-37, 133], [59, 201]], [[22592, 59002], [0, 346]], [[22592, 59348], [0, 152]], [[22592, 59500], [179, 0]], [[22771, 59500], [0, -499]], [[22771, 59001], [-179, 1]], [[16070, 70883], [0, -400]], [[16070, 70483], [-25, -68], [1, -235]], [[16046, 70180], [27, -1], [-3, -66]], [[16070, 70113], [-93, -35], [-109, -170], [2, 973], [200, 3], [0, -1]], [[26418, 65869], [165, 10]], [[26583, 65879], [3, -417]], [[26586, 65462], [-167, -20]], [[26419, 65442], [-1, 427]], [[26466, 57228], [-129, -104], [10, 356], [85, -56], [34, -196]], [[23431, 73827], [0, -242], [-70, 0], [0, -200]], [[23361, 73385], [-291, 4]], [[23070, 73389], [-5, 530]], [[23065, 73919], [302, -1], [17, -131], [47, 40]], [[24924, 54898], [-143, -272], [0, 102], [-58, 0]], [[24723, 54728], [0, 100]], [[24723, 54828], [0, 6], [98, 141], [37, 208], [66, 7]], [[24924, 55190], [0, -292]], [[21737, 54770], [-3, -507], [-142, 0]], [[21592, 54263], [2, 509]], [[21594, 54772], [143, -2]], [[26991, 61461], [32, -273], [-58, -236], [-66, 344], [12, 324], [80, -159]]]}